-- phpMyAdmin SQL Dump
-- version 5.2.1
-- https://www.phpmyadmin.net/
--
-- Host: 127.0.0.1
-- Generation Time: 11 يناير 2025 الساعة 03:26
-- إصدار الخادم: 10.4.32-MariaDB
-- PHP Version: 8.2.12

SET SQL_MODE = "NO_AUTO_VALUE_ON_ZERO";
START TRANSACTION;
SET time_zone = "+00:00";


/*!40101 SET @OLD_CHARACTER_SET_CLIENT=@@CHARACTER_SET_CLIENT */;
/*!40101 SET @OLD_CHARACTER_SET_RESULTS=@@CHARACTER_SET_RESULTS */;
/*!40101 SET @OLD_COLLATION_CONNECTION=@@COLLATION_CONNECTION */;
/*!40101 SET NAMES utf8mb4 */;

--
-- Database: `eef`
--

-- --------------------------------------------------------

--
-- بنية الجدول `club`
--

CREATE TABLE `club` (
  `club_id` int(11) NOT NULL,
  `club` text NOT NULL
) ENGINE=InnoDB DEFAULT CHARSET=utf8mb4 COLLATE=utf8mb4_general_ci;

--
-- إرجاع أو استيراد بيانات الجدول `club`
--

INSERT INTO `club` (`club_id`, `club`) VALUES
(1, 'نادى سبورتنج'),
(2, 'نادى المعادى'),
(3, 'المشروع القومى للموهبه'),
(4, 'نادى طلائع الجيش'),
(5, 'نادى طنطا'),
(6, 'م ش التنمية الشبابية بالمنصورة'),
(7, 'م ش المنشيه الجديده'),
(8, 'نادى الاتحاد السكندرى'),
(9, 'نادى بورفؤاد'),
(10, 'نادى سموحة'),
(11, 'نادى كفر الشيخ'),
(12, 'نادى 6 اكتوبر'),
(13, 'النادى الاولمبى'),
(14, 'النادى الاهلى'),
(15, 'نادى الزهور'),
(16, 'نادى معلمين ببا'),
(17, 'م موهوبين منطقة السويس'),
(18, 'نادى المؤسسة بالاسكندرية'),
(19, 'نادى الشمس'),
(20, 'نادى المؤسسة بالهايكستب'),
(21, 'نادى هليوبليس'),
(22, 'لاعب حر'),
(23, 'نادى طلائع الاسطول'),
(24, 'نادى حرس الحدود'),
(25, 'م ش النصر بالاسكندرية'),
(26, 'نادى الزمالك'),
(27, 'نادى المنصورة'),
(28, 'نادى النصر'),
(29, 'نادى المؤسسة بالسويس'),
(30, 'نادى 23 يوليو'),
(31, 'نادى الرواد'),
(32, 'نادى المؤسسة بأسيوط'),
(33, 'نادى اصحاب الجياد'),
(34, 'نادى بئر العبد الرياضى'),
(35, 'نادى الفرسان بالفيوم'),
(36, 'نادى الرباط والانوار'),
(37, 'نادى التجديف والرياضات المائية'),
(38, 'نادى الترسانة'),
(39, 'نادى المؤسسة بالمنيا'),
(40, 'نادى النجوم'),
(41, 'نادى مدينة نصر'),
(42, 'ن السويس للرياضات البحرية'),
(43, 'نادى الصيد المصري'),
(44, 'نادى الشبان المسلمين بقنا'),
(45, 'نادى المدينة المنورة'),
(46, 'نادى الشبان المسلمين بالاقصر'),
(47, 'النادى الاسماعيلى'),
(48, 'نادى مارى مرقص'),
(49, 'نادى الشبيبه القبطى'),
(50, 'نادى العبور باسنا'),
(51, 'نادى ابناء اسوان'),
(52, 'نادى الاقصر'),
(53, 'نادى الشرطة'),
(54, 'نادى المؤسسة بالاسماعيلية'),
(55, 'نادى الشيخ زايد'),
(56, 'نادى التطبيقين بالفيوم');

-- --------------------------------------------------------

--
-- بنية الجدول `eef`
--

CREATE TABLE `eef` (
  `Rank1` varchar(10) DEFAULT NULL,
  `Rank` varchar(7) DEFAULT NULL,
  `player_id` varchar(14) DEFAULT NULL,
  `sex_id` int(1) DEFAULT NULL,
  `DOB` varchar(11) DEFAULT NULL,
  `club_id` varchar(5) DEFAULT NULL,
  `gov` varchar(11) DEFAULT NULL,
  `het_id` varchar(5) DEFAULT NULL,
  `events_id` varchar(5) DEFAULT NULL,
  `results` varchar(10) DEFAULT NULL,
  `wind` varchar(11) DEFAULT NULL,
  `E-name` varchar(42) DEFAULT NULL
) ENGINE=InnoDB DEFAULT CHARSET=utf8 COLLATE=utf8_general_ci;

--
-- إرجاع أو استيراد بيانات الجدول `eef`
--

INSERT INTO `eef` (`Rank1`, `Rank`, `player_id`, `sex_id`, `DOB`, `club_id`, `gov`, `het_id`, `events_id`, `results`, `wind`, `E-name`) VALUES
('الاول', '1', '41658', 1, '2009', '1', 'الاسكندرية', '6', '1', '16.90م', '', 'الاء تامر السيد عبده بلال'),
('الثاني', '2', '41289', 1, '2009', '2', 'القاهرة', '6', '1', '15.60م', '', 'تريم ايهاب محمد فريد'),
('الثالث', '3', '41334', 1, '2009', '3', 'القليوبية', '6', '1', '14.69م', '', 'جنه صليح صليح عامر'),
('الرابع', '4', '41102', 1, '2009', '4', 'الشرقية', '6', '1', '13.76م', '', 'مى محمد على محمد'),
('الخامس', '5', '42356', 1, '2010', '5', 'الغربية', '6', '1', '13.46م', '', 'مريم امجد محمد زلط'),
('السادس', '6', '39017', 1, '2009', '3', 'الدقهلية', '6', '1', '12.85م', '', 'سنا اسلام محمد احمد'),
('السابع', '7', '44911', 1, '2010', '3', 'الدقهلية', '6', '1', '12.64م', '', 'ملك محمد عبد العزيز عبد السلام'),
('الثامن', '8', '42491', 1, '2009', '6', 'الدقهلية', '6', '1', '12.43م', '', 'هاجر عباس محمد فهمى'),
('0', '', '41646', 1, '2009', '3', 'السويس', '1', '1', '8.29م', '', 'حلا احمد سليمان السيد'),
('0', '', '44874', 1, '2010', '3', 'الدقهلية', '1', '1', '9.69م', '', 'رحمه محمد حسنى مصطفى محمود'),
('0', '', '44911', 1, '2010', '3', 'الدقهلية', '1', '1', '12.64م', '', 'ملك محمد عبد العزيز عبد السلام'),
('0', '', '49235', 1, '2011', '3', 'الدقهلية', '1', '1', '11.46م', '', 'عزه محمود محسن السيد'),
('0', '', '49236', 1, '2011', '3', 'الدقهلية', '1', '1', '9.98م', '', 'مريم سامح محمد محمد'),
('0', '', '45958', 1, '2010', '7', 'القليوبية', '1', '1', '8.58م', '', 'نور نبيل جاد الرب على'),
('0', '', '45962', 1, '2011', '7', 'القليوبية', '1', '1', '7.06م', '', 'ميار باسم سيد مدبولى'),
('0', '', '42133', 1, '2010', '8', 'القاهرة', '1', '1', '9.56م', '', 'لامار محمد محمد محمد'),
('0', '', '46543', 1, '2011', '9', 'بورسعيد', '1', '1', '11.99م', '', 'ليله احمد شوقى عبد العال رشوان'),
('0', '', '43689', 1, '2010', '9', 'بورسعيد', '1', '1', '9.04م', '', 'اسيل سامح يوسف محمد'),
('0', '', '47118', 1, '2011', '1', 'الاسكندرية', '1', '1', '8.27م', '', 'هنا محمد احمد ابو الفتح'),
('0', '', '47108', 1, '2011', '1', 'الاسكندرية', '1', '1', '11.34م', '', 'هند احمد مصطفى السعيد'),
('0', '', '43643', 1, '2011', '1', 'الاسكندرية', '1', '1', '10.28م', '', 'مريم احمد نبيل توفيق'),
('0', '', '42250', 1, '2009', '1', 'الاسكندرية', '1', '1', '11.43م', '', 'فريده عمرو على محمد'),
('0', '', '42160', 1, '2011', '1', 'القاهرة', '1', '1', '8.59م', '', 'جميله محمد صلاح منصور'),
('0', '', '46356', 1, '2009', '10', 'الاسكندرية', '1', '1', '10.57م', '', 'ليلى هشام عبد الوهاب'),
('0', '', '49496', 1, '2009', '11', 'كفر الشيخ', '1', '1', '8.43م', '', 'بسمله على عبد الغنى على'),
('0', '', '46344', 1, '2009', '12', 'الجيزة', '1', '1', '8.58م', '', 'زينب مصطفى محمد'),
('0', '', '41289', 1, '2009', '2', 'القاهرة', '1', '1', '15.39م', '', 'تريم ايهاب محمد فريد'),
('0', '', '43991', 1, '2010', '2', 'القاهرة', '1', '1', '10.58م', '', 'اسما هيثم محمد عرفه'),
('0', '', '47170', 1, '2011', '13', 'الاسكندرية', '1', '1', '10.23م', '', 'بيرى رومل اسحق وهبه'),
('0', '', '43060', 1, '2010', '14', 'القاهرة', '1', '2', '10.99ث', '', 'روان رضا محمد عبد الحميد'),
('0', '', '46355', 1, '2010', '9', 'بورسعيد', '1', '2', '11.47ث', '', 'ريتاج السيد محمد على'),
('0', '', '43865', 1, '2009', '15', 'القاهرة', '1', '2', '11.52ث', '', 'لوجين حمدى محمود بدوى'),
('0', '', '47648', 1, '2009', '16', 'بنى سويف', '1', '2', '11.81ث', '', 'سميه ابو بكر قرنى حمد'),
('0', '', '44233', 1, '2009', '17', 'السويس', '1', '2', '11.93ث', '', 'غنا محمد مصطفى عبد الرؤوف'),
('0', '', '48785', 1, '2010', '2', 'القاهرة', '1', '2', '11.96ث', '', 'لانا شادى مصطفى كامل'),
('0', '', '46425', 1, '2009', '18', 'الاسكندرية', '1', '2', '12.65ث', '', 'سما سامح السيد ابراهيم'),
('0', '', '40291', 1, '2009', '1', 'الاسكندرية', '1', '2', '13.05ث', '', 'هنا عمرو محمد ماهر'),
('0', '', '46854', 1, '2010', '14', 'القاهرة', '2', '2', '11.21ث', '', 'ريناد اسامه عبد المؤمن عبد التواب'),
('0', '', '42327', 1, '2009', '19', 'القاهرة', '2', '2', '11.28ث', '', 'حنين خالد احمد جلال'),
('0', '', '42610', 1, '2010', '15', 'القاهرة', '2', '2', '11.40ث', '', 'هدى محمد مصطفى عليوه مصطفى'),
('0', '', '43708', 1, '2011', '10', 'الاسكندرية', '2', '2', '11.75ث', '', 'حبيبه هشام سعيد ابراهيم'),
('0', '', '47965', 1, '2010', '20', 'القاهرة', '2', '2', '12.04ث', '', 'فريده مصطفى فاروق طه'),
('0', '', '45265', 1, '2010', '1', 'الاسكندرية', '2', '2', '12.05ث', '', 'ملك محمد محمد عبد العزيز'),
('0', '', '44571', 1, '2010', '12', 'الجيزة', '2', '2', '12.07ث', '', 'ليلى اسلام مصطفى محمد'),
('0', '', '40082', 1, '2009', '15', 'القاهرة', '3', '2', '10.91ث', '', 'ليله محمد محمد نبيل'),
('0', '', '47101', 1, '2010', '1', 'الاسكندرية', '3', '2', '11.25ث', '', 'لارا محمد شعبان عبد المحسن'),
('0', '', '42104', 1, '2010', '14', 'القاهرة', '3', '2', '11.44ث', '', 'ميرنا حسام محمد امين'),
('0', '', '45273', 1, '2010', '1', 'الاسكندرية', '3', '2', '11.77ث', '', 'لينا اسامة احمد ابراهيم'),
('0', '', '49491', 1, '2009', '19', 'القاهرة', '3', '2', '11.94ث', '', 'فريده احمد على فهمى'),
('0', '', '41449', 1, '2010', '12', 'الجيزة', '3', '2', '12.37ث', '', 'ملك احمد جمال الدين'),
('0', '', '46383', 1, '2009', '13', 'الاسكندرية', '3', '2', '13.55ث', '', 'جومانه حسام الدين سعد محمد'),
('0', '', '43764', 1, '2011', '14', 'القاهرة', '4', '2', '10.69ث', '', 'غزل مؤمن حسن محمود'),
('0', '', '41051', 1, '2009', '10', 'الاسكندرية', '4', '2', '11.11ث', '', 'يارا ياسر خميس محمود'),
('0', '', '44872', 1, '2011', '6', 'الدقهلية', '4', '2', '11.29ث', '', 'ساره يوسف محمد على عبد الله'),
('0', '', '45848', 1, '2009', '9', 'بورسعيد', '4', '2', '11.95ث', '', 'ملك احمد عبد الجواد محمد'),
('0', '', '43250', 1, '2010', '19', 'القاهرة', '4', '2', '12.13ث', '', 'سلمى هشام مصطفى تمام'),
('0', '', '40039', 1, '2009', '2', 'القاهرة', '4', '2', '12.51ث', '', 'سوار سارى سعيد صلاح'),
('0', '', '47296', 1, '2010', '3', 'بنى سويف', '4', '2', '12.67ث', '', 'سندس محمد احمد خليل'),
('0', '', '42232', 1, '2010', '21', 'القاهرة', '4', '2', '13.22ث', '', 'مريم شريف محمد رمزى'),
('0', '', '46112', 1, '2009', '14', 'القاهرة', '5', '2', '10.95ث', '', 'مريم محمد بكار محمد محمد'),
('0', '', '41492', 1, '2009', '14', 'القاهرة', '5', '2', '11.12ث', '', 'جنى محمد ابراهيم يسرى'),
('0', '', '40875', 1, '2009', '14', 'القاهرة', '5', '2', '11.31ث', '', 'جودى علاء حسن محمد حموده'),
('0', '', '45517', 1, '2010', '10', 'الاسكندرية', '5', '2', '11.67ث', '', 'ملك محمود السيد محمود'),
('0', '', '49331', 1, '2009', '2', 'القاهرة', '5', '2', '11.72ث', '', 'جنى محمد مصطفى محمد جاد'),
('0', '', '42205', 1, '2009', '21', 'القاهرة', '5', '2', '11.75ث', '', 'مريم محمد عبد الحميد احمد'),
('0', '', '43243', 1, '2010', '19', 'القاهرة', '5', '2', '12.19ث', '', 'نور سامح رشاد عبد الله'),
('0', '', '42503', 1, '2010', '6', 'الدقهلية', '5', '2', '12.77ث', '', 'راما محمد مصطفى كمال على'),
('0', '', '41331', 1, '2010', '22', 'القليوبية', '7', '2', '10.87ث', '', 'نورهان كمال محمد احمد'),
('0', '', '44847', 1, '2009', '14', 'القاهرة', '7', '2', '10.93ث', '', 'هنا محمد وجيه زكى'),
('0', '', '40571', 1, '2009', '11', 'الغربية', '7', '2', '11.01ث', '', 'فرح احمد عبد الفتاح يحيى'),
('0', '', '42603', 1, '2010', '15', 'القاهرة', '7', '2', '11.18ث', '', 'فريده طارق فهيم محمد عبد الحميد'),
('0', '', '43203', 1, '2010', '23', 'الاسكندرية', '7', '2', '11.41ث', '', 'نور عمرو على ابراهيم'),
('0', '', '43241', 1, '2010', '19', 'القاهرة', '7', '2', '11.69ث', '', 'جودى هشام زكريا اسماعيل'),
('0', '', '47105', 1, '2010', '1', 'الاسكندرية', '7', '2', '11.87ث', '', 'هاجر اسلام احمد مرسى'),
('0', '', '42922', 1, '2010', '2', 'القاهرة', '7', '2', '12.05ث', '', 'سلمى رحيم فاروق رياض'),
('0', '', '38925', 1, '2009', '14', 'الاسكندرية', '8', '2', '11.02ث', '', 'منه ادريس مصرى محمد'),
('0', '', '45405', 1, '2009', '2', 'القاهرة', '8', '2', '11.32ث', '', 'لى لى كريم محمد محمد'),
('0', '', '49270', 1, '2009', '21', 'القاهرة', '8', '2', '11.93ث', '', 'ليلى يحى حسن صفوت'),
('0', '', '49512', 1, '2009', '10', 'الاسكندرية', '8', '2', '11.95ث', '', 'ملك محمد احمد سمير'),
('0', '', '43252', 1, '2010', '19', 'القاهرة', '8', '2', '11.99ث', '', 'حلا تامر حماد محمد'),
('0', '', '49412', 1, '2009', '24', 'الاسكندرية', '8', '2', '12.10ث', '', 'ندى ثروت محمد محمد سيد'),
('0', '', '43072', 1, '2010', '9', 'بورسعيد', '8', '2', '12.53ث', '', 'ريم محمد سليمان حسن'),
('0', '', '41990', 1, '2010', '25', 'الاسكندرية', '8', '2', '14.95ث', '', 'رقيه ياسر ابراهيم عبد الحليم'),
('0', '', '41503', 1, '2010', '14', 'القاهرة', '9', '2', '11.02ث', '', 'تمارا ايهاب حسين السيد'),
('0', '', '45290', 1, '2009', '1', 'الاسكندرية', '9', '2', '11.09ث', '', 'نوارى طارق مصطفى محمد وهيبه'),
('0', '', '49411', 1, '2009', '24', 'الاسكندرية', '9', '2', '11.51ث', '', 'فريده معروف احمد محمد حسين'),
('0', '', '40439', 1, '2009', '8', 'الاسكندرية', '9', '2', '11.61ث', '', 'جيداء اسامه مرسى عبد الله'),
('0', '', '44003', 1, '2009', '21', 'القاهرة', '9', '2', '11.91ث', '', 'عاليا وائل محمد سمير'),
('0', '', '49510', 1, '2010', '10', 'الاسكندرية', '9', '2', '12.27ث', '', 'رقيه حسن يوسف محمد'),
('0', '', '42341', 1, '2010', '19', 'القاهرة', '9', '2', '12.29ث', '', 'ريتاج السندى حسين عبد الحكيم'),
('0', '', '44678', 1, '2010', '13', 'الاسكندرية', '9', '2', '13.02ث', '', 'شهد ايمن محمد عبد النبى'),
('0', '', '44913', 1, '2009', '12', 'الجيزة', '10', '3', '#REF!', '', 'حلا ياسر محمد فرج'),
('0', '', '42100', 1, '2009', '14', 'القاهرة', '10', '3', '#REF!', '', 'حبيبه عمرو قمر عبد المنعم'),
('0', '', '43398', 1, '2009', '12', 'الجيزة', '10', '3', '#REF!', '', 'بسمله اشرف فكرى محمود'),
('0', '', '41442', 1, '2010', '12', 'الجيزة', '10', '3', '#REF!', '', 'يارا محمد عاطف عبد الحميد'),
('0', '', '42605', 1, '2010', '15', 'القاهرة', '10', '3', '#REF!', '', 'سما محمد مسعد محمد قنديل'),
('0', '', '38476', 1, '2009', '14', 'القاهرة', '10', '3', '#REF!', '', 'جودى نادر على سالم'),
('0', '', '47329', 1, '2011', '10', 'الاسكندرية', '10', '3', '#REF!', '', 'جودى محمد عبد العال غيطانى'),
('0', '', '40809', 1, '2009', '10', 'الاسكندرية', '10', '3', '#REF!', '', 'فريده احمد ثابت محمود'),
('الاول', '1', '43764', 1, '2011', '14', 'القاهرة', '6', '2', '30.20ث', '', 'غزل مؤمن حسن محمود'),
('الثاني', '2', '41331', 1, '2010', '22', 'القليوبية', '6', '2', '31.34ث', '', 'نورهان كمال محمد احمد'),
('الثالث', '3', '40082', 1, '2009', '15', 'القاهرة', '6', '2', '31.54ث', '', 'ليله محمد محمد نبيل'),
('الرابع', '4', '44847', 1, '2009', '14', 'القاهرة', '6', '2', '31.60ث', '', 'هنا محمد وجيه زكى'),
('الخامس', '5', '41051', 1, '2009', '10', 'الاسكندرية', '6', '2', '32.18ث', '', 'يارا ياسر خميس محمود'),
('السادس', '6', '40571', 1, '2009', '11', 'الغربية', '6', '2', '32.25ث', '', 'فرح احمد عبد الفتاح يحيى'),
('السابع', '7', '45290', 1, '2009', '1', 'الاسكندرية', '6', '2', '32.80ث', '', 'نوارى طارق مصطفى محمد وهيبه'),
('الثامن', '8', '46112', 1, '2009', '14', 'القاهرة', '6', '2', '32.92ث', '', 'مريم محمد بكار محمد محمد'),
('0', '', '43398', 1, '2009', '12', 'الجيزة', '1', '3', '31.54ث', '', 'بسمله اشرف فكرى محمود'),
('0', '', '38476', 1, '2009', '14', 'القاهرة', '1', '3', '32.25ث', '', 'جودى نادر على سالم'),
('0', '', '47329', 1, '2011', '10', 'الاسكندرية', '1', '3', '32.80ث', '', 'جودى محمد عبد العال غيطانى'),
('0', '', '40809', 1, '2009', '10', 'الاسكندرية', '1', '3', '32.92ث', '', 'فريده احمد ثابت محمود'),
('0', '', '42508', 1, '2010', '2', 'القاهرة', '1', '3', '32.96ث', '', 'رقيه محمود اسامه محمد'),
('0', '', '46425', 1, '2009', '18', 'الاسكندرية', '1', '3', '38.24ث', '', 'سما سامح السيد ابراهيم'),
('0', '', '44249', 1, '2009', '26', 'الجيزة', '1', '3', '40.48ث', '', 'ملك مصطفى محمد حنفى'),
('0', '', '44913', 1, '2009', '12', 'الجيزة', '4', '3', '30.20ث', '', 'حلا ياسر محمد فرج'),
('0', '', '42100', 1, '2009', '14', 'القاهرة', '4', '3', '31.34ث', '', 'حبيبه عمرو قمر عبد المنعم'),
('0', '', '41442', 1, '2010', '12', 'الجيزة', '4', '3', '31.60ث', '', 'يارا محمد عاطف عبد الحميد'),
('0', '', '42602', 1, '2010', '15', 'القاهرة', '4', '3', '32.18ث', '', 'حبيبه محمود وحيد عبد العزيز'),
('0', '', '48785', 1, '2010', '2', 'القاهرة', '4', '3', '33.19ث', '', 'لانا شادى مصطفى كامل'),
('0', '', '48077', 1, '2010', '27', 'الدقهلية', '4', '3', '37.01ث', '', 'ميانا محمد فكرى توفيق'),
('الاول', '1', '42076', 1, '2009', '14', 'القاهرة', '6', '4', '1.57م', '', 'زينه شريف على محمود'),
('الثاني', '2', '42249', 1, '2009', '1', 'الاسكندرية', '6', '4', '1.57م', '', 'عليا احمد صلاح عبد المجيد'),
('الثالث', '3', '44561', 1, '2010', '10', 'الاسكندرية', '6', '4', '1.54م', '', 'كرمه محمد عادل عبد الحميد'),
('الرابع', '4', '45248', 1, '2011', '1', 'الاسكندرية', '6', '4', '1.51م', '', 'ندى احمد محمود خضر خضر عبده'),
('الخامس', '5', '40130', 1, '2009', '28', 'القاهرة', '6', '4', '1.45م', '', 'سلمى حسام الدين محمد ابو الحديد'),
('السادس', '6', '42812', 1, '2010', '26', 'القاهرة', '6', '4', '1.45م', '', 'جودى احمد مصطفى سعد'),
('السابع', '7', '42773', 1, '2010', '28', 'القاهرة', '6', '4', '1.40م', '', 'حبيبه ياسر ربيع هوى ابراهيم'),
('الثامن', '8', '40223', 1, '2009', '19', 'القاهرة', '6', '4', '1.35م', '', 'ليلى ياسر احمد محمد جوده'),
('الثامن', '8', '42750', 1, '2010', '28', 'القاهرة', '6', '4', '1.35م', '', 'ملك سامى حسن بخيت'),
('0', '', '42270', 1, '2010', '1', 'الاسكندرية', '1', '4', '1.35م', '', 'رهف اشرف مصطفى محمد'),
('الاول', '1', '42621', 1, '2009', '10', 'الاسكندرية', '6', '5', '49.02م', '', 'ريماس هيثم عادل عبد العظيم'),
('الثاني', '2', '43852', 1, '2010', '14', 'القاهرة', '6', '5', '40.68م', '', 'لمى عماد ابراهيم الدسوقى'),
('الثالث', '3', '40823', 1, '2009', '10', 'الاسكندرية', '6', '5', '39.69م', '', 'جنى عمرو احمد محمد الباهى'),
('الرابع', '4', '41102', 1, '2009', '4', 'الشرقية', '6', '5', '35.20م', '', 'مى محمد على محمد'),
('الخامس', '5', '42250', 1, '2009', '1', 'الاسكندرية', '6', '5', '33.63م', '', 'فريده عمرو على محمد'),
('السادس', '6', '42044', 1, '2009', '13', 'الاسكندرية', '6', '5', '31.84م', '', 'ايسن احمد عبد العليم خلف الله'),
('السابع', '7', '49016', 1, '2010', '10', 'الاسكندرية', '6', '5', '31.00م', '', 'هنا مصطفى محمد فوزى محمد'),
('الثامن', '8', '49232', 1, '2011', '3', 'الدقهلية', '6', '5', '28.56م', '', 'تمار محمد ابراهيم عبدالحميد'),
('الاول', '1', '44913', 1, '2009', '12', 'الجيزة', '6', '3', '29.42ث', '', 'حلا ياسر محمد فرج'),
('الثاني', '2', '42100', 1, '2009', '14', 'القاهرة', '6', '3', '30.14ث', '', 'حبيبه عمرو قمر عبد المنعم'),
('الثالث', '3', '43398', 1, '2009', '12', 'الجيزة', '6', '3', '31.42ث', '', 'بسمله اشرف فكرى محمود'),
('الرابع', '4', '38476', 1, '2009', '14', 'القاهرة', '6', '3', '31.45ث', '', 'جودى نادر على سالم'),
('الخامس', '5', '41442', 1, '2010', '12', 'الجيزة', '6', '3', '31.68ث', '', 'يارا محمد عاطف عبد الحميد'),
('السادس', '6', '47329', 1, '2011', '10', 'الاسكندرية', '6', '3', '32.62ث', '', 'جودى محمد عبد العال غيطانى'),
('السابع', '7', '42605', 1, '2010', '15', 'القاهرة', '6', '3', '32.71ث', '', 'سما محمد مسعد محمد قنديل'),
('الثامن', '8', '40809', 1, '2009', '10', 'الاسكندرية', '6', '3', '33.58ث', '', 'فريده احمد ثابت محمود'),
('الاول', '1', '48961', 1, '2009', '14', 'القاهرة', '6', '6', '6.34.57ق', '', 'شهد عادل عبده مصطفى'),
('الثاني', '2', '35878', 1, '2009', '29', 'القاهرة', '6', '6', '6.38.30ق', '', 'جودى سامح محمد نجيب'),
('الثالث', '3', '49493', 1, '2009', '19', 'القاهرة', '6', '6', '6.46.01ق', '', 'حنين محمد حمدى السعيد'),
('الرابع', '4', '49084', 1, '2009', '14', 'القاهرة', '6', '6', '6.46.68ق', '', 'ريم وليد عبد السلام مصطفى'),
('الخامس', '5', '48444', 1, '2010', '30', 'الغربية', '6', '6', '6.47.62ق', '', 'سلمى شريف إبراهيم باز'),
('السادس', '6', '44920', 1, '2009', '31', 'الشرقية', '6', '6', '6.55.86ق', '', 'جودى محمد مجدى عليوه'),
('السابع', '7', '44262', 1, '2010', '26', 'الجيزة', '6', '6', '7.06.53ق', '', 'زينب الحسن الوردانى طاهر'),
('الثامن', '8', '48110', 1, '2010', '32', 'اسيوط', '6', '6', '7.34.90ق', '', 'زينب عثمان جابر عثمان'),
('التاسع', '9', '44480', 1, '2010', '33', 'الاسكندرية', '6', '6', '8.01.76ق', '', 'مايا محمد سيد حسن'),
('العاشر', '10', '49328', 1, '2010', '30', 'الغربية', '6', '6', '8.14.48ق', '', 'جودى محمد حامد محمد'),
('الحادى عشر', '11', '48954', 1, '2010', '31', 'الشرقية', '6', '6', '8.35.59ق', '', 'ريتاج مصطفى جمال الدين سالم'),
('الثاني عشر', '12', '49545', 1, '2009', '31', 'الشرقية', '6', '6', '8.36.59ق', '', 'نور وليد انور على'),
('الثالث عشر', '13', '44578', 1, '2009', '34', 'شمال سيناء', '6', '6', '8.50.08ق', '', 'رانيا السيد محمد عطيه'),
('الثالث عشر', '14', '44374', 1, '2009', '31', 'الشرقية', '6', '6', '9.07.87ق', '', 'اشرقت محمود نصر الله محمد'),
('الثالث عشر', '15', '38292', 1, '2010', '35', 'الفيوم', '6', '6', '10.18.48ق', '', 'ياسمين سلامه فتحى زيدان'),
('الثالث عشر', '16', '42717', 1, '2009', '3', 'اسوان', '6', '6', '11.22.84ق', '', 'هدير صلاح نجدى رضوان'),
('الثالث عشر', '17', '46819', 1, '2010', '34', 'شمال سيناء', '6', '6', '12.35.74ق', '', 'اسلام رمضان خفاجى محمد منصور'),
('الثالث عشر', '18', '44156', 1, '2010', '7', 'القليوبية', '6', '6', 'DNF', '', 'اسينات احمد محمد السيد'),
('0', '', '49232', 1, '2011', '3', 'الدقهلية', '1', '5', '28.56م', '', 'تمار محمد ابراهيم عبدالحميد'),
('0', '', '43048', 1, '2009', '3', 'الاسماعيلية', '1', '5', '24.50م', '', 'سلمى احمد خالد'),
('0', '', '41363', 1, '2009', '3', 'الاسماعيلية', '1', '5', '26.13م', '', 'ساجده محمد عثمان احمد'),
('0', '', '41369', 1, '2009', '3', 'الاسماعيلية', '1', '5', '27.92م', '', 'رهف ايهاب محمد سليمان محمد'),
('0', '', '45958', 1, '2010', '7', 'القليوبية', '1', '5', '10.11م', '', 'نور نبيل جاد الرب على'),
('0', '', '43072', 1, '2010', '9', 'بورسعيد', '1', '5', '21.05م', '', 'ريم محمد سليمان حسن'),
('0', '', '47118', 1, '2011', '1', 'الاسكندرية', '1', '5', '22.69م', '', 'هنا محمد احمد ابو الفتح'),
('0', '', '47108', 1, '2011', '1', 'الاسكندرية', '1', '5', '20.18م', '', 'هند احمد مصطفى السعيد'),
('0', '', '45263', 1, '2011', '1', 'الاسكندرية', '1', '5', '18.18م', '', 'جنا عبد المنعم محمد محمد هاشم جبيب'),
('0', '', '40823', 1, '2009', '10', 'الاسكندرية', '1', '5', '39.69م', '', 'جنى عمرو احمد محمد الباهى'),
('0', '', '49005', 1, '2010', '10', 'الاسكندرية', '1', '5', '24.31م', '', 'مريم مصطفى احمد'),
('0', '', '48982', 1, '2011', '10', 'الاسكندرية', '1', '5', '22.02م', '', 'كرمه عبد المجيد مؤنس'),
('0', '', '41102', 1, '2009', '4', 'الشرقية', '1', '5', '30.05م', '', 'مى محمد على محمد'),
('0', '', '49102', 1, '2009', '26', 'القاهرة', '1', '5', '26.60م', '', 'همسه عصام حسين محمد'),
('الاول', '1', '40435', 1, '2009', '8', 'الاسكندرية', '6', '7', '4.91م', '', 'شهد وليد مساح ابو المجد على'),
('الثاني', '2', '41645', 1, '2010', '3', 'السويس', '6', '7', '4.78م', '', 'راما بخيت ابراهيم عبد النعيم'),
('الثالث', '3', '41331', 1, '2010', '22', 'القليوبية', '6', '7', '4.74م', '', 'نورهان كمال محمد احمد'),
('الرابع', '4', '40569', 1, '2009', '11', 'الغربية', '6', '7', '4.70م', '', 'مريم محمود مصطفى احمد'),
('الخامس', '5', '45638', 1, '2009', '8', 'الاسكندرية', '6', '7', '4.70م', '', 'امال عصام صابر سيف النصر'),
('السادس', '6', '40571', 1, '2009', '11', 'الغربية', '6', '7', '4.68م', '', 'فرح احمد عبد الفتاح يحيى'),
('السابع', '7', '46886', 1, '2010', '9', 'بورسعيد', '6', '7', '4.63م', '', 'جودى على عبد المنعم منصف'),
('الثامن', '8', '43070', 1, '2010', '9', 'بورسعيد', '6', '7', '4.40م', '', 'الما حسام محمد احمد'),
('الاول', '1', '41646', 1, '2009', '3', 'السويس', '1', '7', '4.00م', '', 'حلا احمد سليمان السيد'),
('0', '', '47296', 1, '2010', '3', 'بنى سويف', '1', '7', '3.51م', '', 'سندس محمد احمد خليل'),
('0', '', '41337', 1, '2010', '3', 'القليوبية', '1', '7', '3.41م', '', 'نادين احمد عيسى ابو المجد'),
('0', '', '49236', 1, '2011', '3', 'الدقهلية', '1', '7', '3.99م', '', 'مريم سامح محمد محمد'),
('0', '', '46112', 1, '2009', '14', 'القاهرة', '1', '7', '-', '', 'مريم محمد بكار محمد محمد'),
('0', '', '47732', 1, '2009', '14', 'القاهرة', '1', '7', '4.38م', '', 'جويريه ايمن مصطفى ابو المحاسن'),
('0', '', '41981', 1, '2010', '25', 'الاسكندرية', '1', '7', '4.04م', '', 'سلمى محمد كامل محمد'),
('0', '', '49215', 1, '2011', '33', 'الاسكندرية', '1', '7', '4.22م', '', 'كنده عبدالمطلب محمد رمضان'),
('0', '', '40434', 1, '2009', '8', 'الاسكندرية', '1', '7', '3.88م', '', 'فريده حسام محمد توفيق'),
('0', '', '40438', 1, '2009', '8', 'الاسكندرية', '1', '7', '4.10م', '', 'ايه اشرف فؤاد عبد السيد'),
('0', '', '43243', 1, '2010', '19', 'القاهرة', '1', '7', '4.13م', '', 'نور سامح رشاد عبد الله'),
('0', '', '48077', 1, '2010', '27', 'الدقهلية', '1', '7', '3.08م', '', 'ميانا محمد فكرى توفيق'),
('0', '', '43069', 1, '2010', '9', 'بورسعيد', '1', '7', '4.16م', '', 'ملك محمد فاروق ابراهيم'),
('0', '', '45848', 1, '2009', '9', 'بورسعيد', '1', '7', '3.26م', '', 'ملك احمد عبد الجواد محمد'),
('0', '', '46355', 1, '2010', '9', 'بورسعيد', '1', '7', '4.24م', '', 'ريتاج السيد محمد على'),
('0', '', '44564', 1, '2009', '10', 'الاسكندرية', '1', '7', '4.23م', '', 'حبيبه تامر سعد السيد'),
('0', '', '49017', 1, '2009', '10', 'الاسكندرية', '1', '7', '3.54م', '', 'زينه عمرو ثروت احمد محمود'),
('0', '', '43750', 1, '2010', '10', 'الاسكندرية', '1', '7', '3.50م', '', 'فرح احمد عطا الله على'),
('0', '', '49023', 1, '2010', '10', 'الاسكندرية', '1', '7', '3.81م', '', 'منه الله محمود داهش'),
('0', '', '42606', 1, '2010', '10', 'الاسكندرية', '1', '7', '4.08م', '', 'فريده محمد حمدى محمود'),
('0', '', '48970', 1, '2010', '4', 'القاهرة', '1', '7', '-', '', 'حبيبه احمد عبد العزيز حسن'),
('0', '', '48964', 1, '2010', '4', 'القاهرة', '1', '7', '4.10م', '', 'لميس هانى محمد محمد'),
('0', '', '42481', 1, '2011', '11', 'البحيرة', '1', '7', '4.13م', '', 'لينه محمود مصطفى احمد'),
('0', '', '44571', 1, '2010', '12', 'الجيزة', '1', '7', '3.72م', '', 'ليلى اسلام مصطفى محمد'),
('0', '', '43196', 1, '2011', '13', 'الاسكندرية', '1', '7', '3.99م', '', 'جودى احمد محمود عبد الراضى'),
('0', '', '49168', 1, '2011', '13', 'الاسكندرية', '1', '7', '3.57م', '', 'اروى احمد محمد عبد القادر'),
('0', '', '45850', 1, '2010', '36', 'بورسعيد', '1', '7', '4.06م', '', 'لارا هيثم محمد عيد حنفى'),
('0', '', '43213', 1, '2010', '13', 'الاسكندرية', '1', '7', '4.20م', '', 'سما السيد فاروق السيد'),
('0', '', '42864', 1, '2009', '3', 'اسوان', '1', '7', '3.33م', '', 'ساره احمد رضوان احمد'),
('0', '', '49171', 1, '2010', '13', 'الاسكندرية', '1', '7', '3.72م', '', 'اسماء عصام عبد النعيم عبد اللطيف'),
('0', '', '43203', 1, '2010', '23', 'الاسكندرية', '1', '7', '4.12م', '', 'نور عمرو على ابراهيم'),
('0', '', '45847', 1, '2010', '36', 'بورسعيد', '1', '7', '-', '', 'منه الله السيد احمد عباس'),
('0', '', '42709', 1, '2009', '3', 'اسوان', '1', '7', '2.80م', '', 'ردينه محمد عبد الفتح'),
('0', '', '46780', 1, '2010', '37', 'اسوان', '1', '7', '-', '', 'عبير جمعه مصطفى خليل'),
('0', '', '49014', 1, '2011', '10', 'الاسكندرية', '1', '7', '3.23م', '', 'سلمى عمرو احمد حامد سماحه'),
('0', '', '46874', 1, '2011', '10', 'الاسكندرية', '1', '7', '3.64م', '', 'رغد عبد المنعم حسن عبد المنعم'),
('الاول', '1', '42603', 1, '2010', '15', 'القاهرة', '6', '8', '38.93ث', '', 'فريده طارق فهيم محمد عبد الحميد'),
('الاول', '1', '42608', 1, '2010', '15', 'القاهرة', '6', '8', '38.93ث', '', 'عائشة عبد المحسن مخيم مرسى'),
('الاول', '1', '42610', 1, '2010', '15', 'القاهرة', '6', '8', '38.93ث', '', 'هدى محمد مصطفى عليوه مصطفى'),
('الاول', '1', '40082', 1, '2009', '15', 'القاهرة', '6', '8', '38.93ث', '', 'ليله محمد محمد نبيل'),
('الثاني', '2', '43470', 1, '2011', '10', 'الاسكندرية', '6', '8', '39.35ث', '', 'ايه احمد محسن غريب'),
('الثاني', '2', '42609', 1, '2009', '10', 'الاسكندرية', '6', '8', '39.35ث', '', 'لينا خالد على محمد'),
('الثاني', '2', '49011', 1, '2011', '10', 'الاسكندرية', '6', '8', '39.35ث', '', 'حسنه تامر ابراهيم محمود'),
('الثاني', '2', '45520', 1, '2010', '10', 'الاسكندرية', '6', '8', '39.35ث', '', 'رقيه ميسره محمود محمد شراقى'),
('الثالث', '3', '45638', 1, '2009', '8', 'الاسكندرية', '6', '8', '41.24ث', '', 'امال عصام صابر سيف النصر'),
('الثالث', '3', '40438', 1, '2009', '8', 'الاسكندرية', '6', '8', '41.24ث', '', 'ايه اشرف فؤاد عبد السيد'),
('الثالث', '3', '40434', 1, '2009', '8', 'الاسكندرية', '6', '8', '41.24ث', '', 'فريده حسام محمد توفيق'),
('الثالث', '3', '40435', 1, '2009', '8', 'الاسكندرية', '6', '8', '41.24ث', '', 'شهد وليد مساح ابو المجد على'),
('الرابع', '4', '43252', 1, '2010', '19', 'القاهرة', '6', '8', '41.46ث', '', 'حلا تامر حماد محمد'),
('الرابع', '4', '43250', 1, '2010', '19', 'القاهرة', '6', '8', '41.46ث', '', 'سلمى هشام مصطفى تمام'),
('الرابع', '4', '43243', 1, '2010', '19', 'القاهرة', '6', '8', '41.46ث', '', 'نور سامح رشاد عبد الله'),
('الرابع', '4', '49491', 1, '2009', '19', 'القاهرة', '6', '8', '41.46ث', '', 'فريده احمد على فهمى'),
('الخامس', '5', '48785', 1, '2010', '2', 'القاهرة', '6', '8', '42.80ث', '', 'لانا شادى مصطفى كامل'),
('الخامس', '5', '45405', 1, '2009', '2', 'القاهرة', '6', '8', '42.80ث', '', 'لى لى كريم محمد محمد'),
('الخامس', '5', '42508', 1, '2010', '2', 'القاهرة', '6', '8', '42.80ث', '', 'رقيه محمود اسامه محمد'),
('الخامس', '5', '45285', 1, '2009', '1', 'الاسكندرية', '6', '8', '42.80ث', '', 'جنى محمد مصطفى شحاته'),
('السادس', '6', '42232', 1, '2010', '21', 'القاهرة', '6', '8', '43.36ث', '', 'مريم شريف محمد رمزى'),
('السادس', '6', '44003', 1, '2009', '21', 'القاهرة', '6', '8', '43.36ث', '', 'عاليا وائل محمد سمير'),
('السادس', '6', '49270', 1, '2009', '21', 'القاهرة', '6', '8', '43.36ث', '', 'ليلى يحى حسن صفوت'),
('السادس', '6', '42205', 1, '2009', '21', 'القاهرة', '6', '8', '43.36ث', '', 'مريم محمد عبد الحميد احمد'),
('السابع', '7', '46112', 1, '2009', '14', 'القاهرة', '6', '8', '46.33ث', '', 'مريم محمد بكار محمد محمد'),
('السابع', '7', '43060', 1, '2010', '14', 'القاهرة', '6', '8', '46.33ث', '', 'روان رضا محمد عبد الحميد'),
('السابع', '7', '46854', 1, '2010', '14', 'القاهرة', '6', '8', '46.33ث', '', 'ريناد اسامه عبد المؤمن عبد التواب'),
('السابع', '7', '43764', 1, '2011', '14', 'القاهرة', '6', '8', '46.33ث', '', 'غزل مؤمن حسن محمود'),
('الاول', '1', '48113', 1, '2011', '32', 'اسيوط', '6', '9', '14.55.47ق', '', 'سجى فهد مصطفى النحاس'),
('الثاني', '2', '42752', 1, '2010', '28', 'القاهرة', '6', '9', '15.05.58ق', '', 'ياسمين عمرو صلاح محمود'),
('الثالث', '3', '44334', 1, '2010', '38', 'الجيزة', '6', '9', '15.22.95ق', '', 'جنى طارق طلعت عبد المجيد'),
('الرابع', '4', '42693', 1, '2011', '28', 'القاهرة', '6', '9', '16.01.69ق', '', 'ريسان احمد محمد احمد'),
('الخامس', '5', '47522', 1, '2009', '38', 'الجيزة', '6', '9', '16.23.95ق', '', 'جومانه حسام سمير عز الدين'),
('السادس', '6', '47546', 1, '2010', '38', 'الجيزة', '6', '9', '16.26.90ق', '', 'حبيبه احمد حسن عثمان'),
('السابع', '7', '47554', 1, '2010', '38', 'الجيزة', '6', '9', '16.54.68ق', '', 'جومانه احمد ضاحى كبر'),
('الثامن', '8', '42748', 1, '2010', '28', 'القاهرة', '6', '9', '16.57.21ق', '', 'رودينا خالد عبد المنعم محمد'),
('الاول', '1', '46138', 1, '2010', '14', 'القاهرة', '6', '10', '5.53.35ق', '', 'عائشه السيد على محمد عجينه'),
('الثاني', '2', '42773', 1, '2010', '28', 'القاهرة', '6', '10', '5.55.33ق', '', 'حبيبه ياسر ربيع هوى ابراهيم'),
('الثالث', '3', '44252', 1, '2009', '26', 'الجيزة', '6', '10', '5.58.55ق', '', 'وفاء طه على ابراهيم'),
('الرابع', '4', '38431', 1, '2009', '32', 'الفيوم', '6', '10', '6.03.39ق', '', 'بسنت صلاح محمد'),
('الخامس', '5', '47746', 1, '2010', '4', 'القاهرة', '6', '10', '6.08.40ق', '', 'فاطمه على عبد المنعم على'),
('السادس', '6', '40877', 1, '2009', '14', 'القاهرة', '6', '10', '6.11.13ق', '', 'رحمه محمد احمد محمود'),
('السابع', '7', '42763', 1, '2010', '28', 'القاهرة', '6', '10', '7.29.29ق', '', 'يارا عمرو صلاح محمود'),
('الاول', '1', '48113', 1, '2011', '32', 'اسيوط', '6', '9', '14.55.47ق', '', 'سجى فهد مصطفى النحاس'),
('الثاني', '2', '42752', 1, '2010', '28', 'القاهرة', '6', '9', '15.05.58ق', '', 'ياسمين عمرو صلاح محمود'),
('الثالث', '3', '44334', 1, '2010', '38', 'الجيزة', '6', '9', '15.22.95ق', '', 'جنى طارق طلعت عبد المجيد'),
('الرابع', '4', '42693', 1, '2011', '28', 'القاهرة', '6', '9', '16.01.69ق', '', 'ريسان احمد محمد احمد'),
('الخامس', '5', '47522', 1, '2009', '38', 'الجيزة', '6', '9', '16.23.95ق', '', 'جومانه حسام سمير عز الدين'),
('السادس', '6', '47546', 1, '2010', '38', 'الجيزة', '6', '9', '16.25.99ق', '', 'حبيبه احمد حسن عثمان'),
('السابع', '7', '47554', 1, '2010', '38', 'الجيزة', '6', '9', '16.36.90ق', '', 'جومانه احمد ضاحى كبر'),
('الثامن', '8', '42748', 1, '2010', '28', 'القاهرة', '6', '9', '16.54.68ق', '', 'رودينا خالد عبد المنعم محمد'),
('التاسع', '9', '46144', 1, '2011', '14', 'القاهرة', '6', '9', '16.57.21ق', '', 'الاء محمد احمد رضا محمد'),
('العاشر', '10', '48746', 1, '2010', '28', 'القاهرة', '6', '9', '17.25.13ق', '', 'ليلى اسامة عدلى امين'),
('الحادى عشر', '11', '47494', 1, '2011', '38', 'الجيزة', '6', '9', '17.39.41ق', '', 'نيلى كريم جمال سعد الدين'),
('الثاني عشر', '12', '48824', 1, '2009', '23', 'الاسكندرية', '6', '9', '21.05.97ق', '', 'نور ابراهيم محمود على'),
('الاول', '1', '44913', 1, '2009', '12', 'الجيزة', '10', '11', '12.73ث', '', 'حلا ياسر محمد فرج'),
('الثاني', '2', '42608', 1, '2010', '15', 'القاهرة', '10', '11', '12.93ث', '', 'عائشة عبد المحسن مخيم مرسى'),
('الثالث', '3', '44620', 1, '2010', '10', 'الاسكندرية', '10', '11', '13.12ث', '', 'مايا تامر سالم عبد الفتاح'),
('الرابع', '4', '42100', 1, '2009', '14', 'القاهرة', '10', '11', '13.15ث', '', 'حبيبه عمرو قمر عبد المنعم'),
('الخامس', '5', '40754', 1, '2009', '3', 'السويس', '10', '11', '13.35ث', '', 'جورى محمود عبد العزيز على'),
('السادس', '6', '42603', 1, '2010', '15', 'القاهرة', '10', '11', '13.45ث', '', 'فريده طارق فهيم محمد عبد الحميد'),
('السابع', '7', '43398', 1, '2009', '12', 'الجيزة', '10', '11', '13.69ث', '', 'بسمله اشرف فكرى محمود'),
('الثامن', '8', '42607', 1, '2010', '15', 'القاهرة', '10', '11', '17.74ث', '', 'ملك باسم محمد حسن محمد'),
('0', '', '42603', 1, '2010', '15', 'القاهرة', '1', '11', '13.45ث', '', 'فريده طارق فهيم محمد عبد الحميد'),
('0', '', '48964', 1, '2010', '4', 'القاهرة', '1', '11', '14.10ث', '', 'لميس هانى محمد محمد'),
('0', '', '41442', 1, '2010', '12', 'الجيزة', '1', '11', '14.15ث', '', 'يارا محمد عاطف عبد الحميد'),
('0', '', '42605', 1, '2010', '15', 'القاهرة', '1', '11', '14.69ث', '', 'سما محمد مسعد محمد قنديل'),
('0', '', '42481', 1, '2011', '11', 'البحيرة', '1', '11', '14.95ث', '', 'لينه محمود مصطفى احمد'),
('0', '', '44249', 1, '2009', '26', 'الجيزة', '1', '11', '19.32ث', '', 'ملك مصطفى محمد حنفى'),
('0', '', '44913', 1, '2009', '12', 'الجيزة', '4', '11', '12.73ث', '', 'حلا ياسر محمد فرج'),
('0', '', '42608', 1, '2010', '15', 'القاهرة', '4', '11', '12.93ث', '', 'عائشة عبد المحسن مخيم مرسى'),
('0', '', '44620', 1, '2010', '10', 'الاسكندرية', '4', '11', '13.12ث', '', 'مايا تامر سالم عبد الفتاح'),
('0', '', '40754', 1, '2009', '3', 'السويس', '4', '11', '13.35ث', '', 'جورى محمود عبد العزيز على'),
('0', '', '46669', 1, '2011', '36', 'بورسعيد', '4', '11', '16.48ث', '', 'ريماس اسلام جمال عوض'),
('0', '', '42100', 1, '2009', '14', 'القاهرة', '5', '11', '13.15ث', '', 'حبيبه عمرو قمر عبد المنعم'),
('0', '', '43398', 1, '2009', '12', 'الجيزة', '5', '11', '13.69ث', '', 'بسمله اشرف فكرى محمود'),
('0', '', '42607', 1, '2010', '15', 'القاهرة', '5', '11', '13.74ث', '', 'ملك باسم محمد حسن محمد'),
('0', '', '44560', 1, '2010', '10', 'الاسكندرية', '5', '11', '14.11ث', '', 'رودينا احمد سمير الامام'),
('0', '', '42090', 1, '2010', '14', 'القاهرة', '5', '11', '15.51ث', '', 'ورد محمد مشير محمد'),
('الاول', '1', '39017', 1, '2009', '3', 'الدقهلية', '6', '12', '4813 نقطة', '', 'سنا اسلام محمد احمد'),
('الثاني', '2', '44911', 1, '2010', '3', 'الدقهلية', '6', '12', '4711 نقطة', '', 'ملك محمد عبد العزيز عبد السلام'),
('الثالث', '3', '46262', 1, '2009', '39', 'المنيا', '6', '12', '4651 نقطة', '', 'ملك وائل احمد محمود'),
('الرابع', '4', '41098', 1, '2009', '4', 'القاهرة', '6', '12', '4601 نقطة', '', 'شروق حسام الدين مصطفى عبد البديع'),
('الخامس', '5', '40569', 1, '2009', '11', 'الغربية', '6', '12', '4533 نقطة', '', 'مريم محمود مصطفى احمد'),
('السادس', '6', '46359', 1, '2011', '12', 'الجيزة', '6', '12', '4351 نقطة', '', 'خديجه محمد عبد الغنى'),
('السابع', '7', '45463', 1, '2009', '4', 'القاهرة', '6', '12', '3955 نقطة', '', 'مريم محمد حسين محمد عبد الرحيم'),
('الثامن', '8', '44874', 1, '2010', '3', 'الدقهلية', '6', '12', '3767 نقطة', '', 'رحمه محمد حسنى مصطفى محمود'),
('التاسع', '9', '42090', 1, '2010', '14', 'القاهرة', '6', '12', '3727 نقطة', '', 'ورد محمد مشير محمد'),
('العاشر', '10', '42270', 1, '2010', '1', 'الاسكندرية', '6', '12', '3616 نقطة', '', 'رهف اشرف مصطفى محمد'),
('الحادى عشر', '11', '42182', 1, '2011', '1', 'الاسكندرية', '6', '12', '3572 نقطة', '', 'ملك سامح السيد السيد'),
('الثاني عشر', '12', '45464', 1, '2009', '4', 'القاهرة', '6', '12', '3472 نقطة', '', 'مروه السيد على محمد محمد'),
('الثالث عشر', '13', '40754', 1, '2009', '3', 'السويس', '6', '12', '3269 نقطة', '', 'جورى محمود عبد العزيز على'),
('الثالث عشر', '14', '49232', 1, '2011', '3', 'الدقهلية', '6', '12', '2965 نقطة', '', 'تمار محمد ابراهيم عبدالحميد'),
('الثالث عشر', '15', '45840', 1, '2010', '39', 'المنيا', '6', '12', '1682 نقطة', '', 'ابتهال صابر عويس عبد الغنى'),
('الثالث عشر', '16', '39013', 1, '2009', '3', 'الدقهلية', '6', '12', '1012 نقطة', '', 'لجين نبيل على محمد'),
('الاول', '1', '42164', 1, '2011', '1', 'القاهرة', '6', '13', '3.10م', '', 'جينا محمد عماد الدين عبد المنعم'),
('الثاني', '2', '40292', 1, '2009', '1', 'الاسكندرية', '6', '13', '3.00م', '', 'جودى جلال محمد سويفى'),
('الثالث', '3', '42327', 1, '2009', '19', 'القاهرة', '6', '13', '2.90م', '', 'حنين خالد احمد جلال'),
('الرابع', '4', '44560', 1, '2010', '10', 'الاسكندرية', '6', '13', '2.90م', '', 'رودينا احمد سمير الامام'),
('الخامس', '5', '44559', 1, '2009', '10', 'الاسكندرية', '6', '13', '2.50م', '', 'الينور محمد محيى احمد'),
('السادس', '6', '47105', 1, '2010', '1', 'الاسكندرية', '6', '13', '2.20م', '', 'هاجر اسلام احمد مرسى'),
('السابع', '7', '49371', 1, '2009', '12', 'الجيزة', '6', '13', '2.10م', '', 'لجين محمد وفيق حسن'),
('الاول', '1', '44913', 1, '2009', '12', 'الجيزة', '6', '11', '12.53ث', '', 'حلا ياسر محمد فرج'),
('الثاني', '2', '42100', 1, '2009', '14', 'القاهرة', '6', '11', '12.81ث', '', 'حبيبه عمرو قمر عبد المنعم'),
('الثالث', '3', '42608', 1, '2010', '15', 'القاهرة', '6', '11', '12.92ث', '', 'عائشة عبد المحسن مخيم مرسى'),
('الرابع', '4', '44620', 1, '2010', '10', 'الاسكندرية', '6', '11', '13.12ث', '', 'مايا تامر سالم عبد الفتاح'),
('الخامس', '5', '43398', 1, '2009', '12', 'الجيزة', '6', '11', '13.25ث', '', 'بسمله اشرف فكرى محمود'),
('السادس', '6', '42603', 1, '2010', '15', 'القاهرة', '6', '11', '13.31ث', '', 'فريده طارق فهيم محمد عبد الحميد'),
('السابع', '7', '42607', 1, '2010', '15', 'القاهرة', '6', '11', '13.70ث', '', 'ملك باسم محمد حسن محمد'),
('الثامن', '8', '41442', 1, '2010', '12', 'الجيزة', '6', '11', '14.15ث', '', 'يارا محمد عاطف عبد الحميد'),
('الاول', '1', '48114', 1, '2010', '32', 'اسيوط', '6', '14', '3.03.30ق', '', 'جنى صلاح كامل فكرى'),
('الثاني', '2', '41355', 1, '2010', '3', 'القليوبية', '6', '14', '3.11.05ق', '', 'ريناد هانى على عبد المحسن'),
('الثالث', '3', '43202', 1, '2010', '23', 'الاسكندرية', '6', '14', '3.12.71ق', '', 'جودى وليد محمد ابراهيم'),
('الرابع', '4', '42648', 1, '2010', '10', 'الاسكندرية', '6', '14', '3.16.48ق', '', 'ميران محمود ابراهيم حسين'),
('الخامس', '5', '48111', 1, '2011', '32', 'اسيوط', '6', '14', '3.19.70ق', '', 'سلمى رمضان رجب محمد'),
('السادس', '6', '43200', 1, '2011', '13', 'الاسكندرية', '6', '14', '3.23.39ق', '', 'هنا حامد جابر حامد'),
('السابع', '7', '44278', 1, '2011', '26', 'الجيزة', '6', '14', '3.25.39ق', '', 'يارا باسم عبد المنعم نصر'),
('الثامن', '8', '44263', 1, '2010', '26', 'الجيزة', '6', '14', '3.28.33ق', '', 'زينب هانى فهمى الباز'),
('0', '', '47017', 1, '2010', '40', 'المنوفية', '1', '14', '3.29.29ق', '', 'فريده عماد الدين محمد حمدان'),
('0', '', '48108', 1, '2011', '32', 'اسيوط', '1', '14', '3.30.95ق', '', 'ملكه ادهم عادل عبد الرحمن'),
('0', '', '36941', 1, '2009', '14', 'المنيا', '1', '14', '3.38.62ق', '', 'شروق احمد عبد الحميد رائق'),
('0', '', '46990', 1, '2010', '6', 'الدقهلية', '1', '14', '3.40.48ق', '', 'توهادا اشرف سيد هلال'),
('0', '', '42183', 1, '2011', '1', 'الاسكندرية', '1', '14', '3.40.60ق', '', 'فيروز احمد محمد احمد'),
('0', '', '45647', 1, '2010', '8', 'الاسكندرية', '1', '14', '3.41.05ق', '', 'نورهان عبد الله عياد'),
('0', '', '48039', 1, '2010', '41', 'القاهرة', '1', '14', '3.41.10ق', '', 'شروق ربيع جوده حسين اسماعيل'),
('0', '', '44156', 1, '2010', '7', 'القليوبية', '1', '14', '4.12.55ق', '', 'اسينات احمد محمد السيد'),
('0', '', '40440', 1, '2009', '8', 'الاسكندرية', '1', '14', '4.18.99', '', 'بسنت ضياء الدين مصطفى'),
('0', '', '48111', 1, '2011', '32', 'اسيوط', '4', '14', '3.28.26ق', '', 'سلمى رمضان رجب محمد'),
('0', '', '43200', 1, '2011', '13', 'الاسكندرية', '4', '14', '3.30.22ق', '', 'هنا حامد جابر حامد'),
('0', '', '44232', 1, '2010', '17', 'السويس', '4', '14', '3.30.92ق', '', 'فاطمه الزهراء تامر محمود محمد'),
('0', '', '46773', 1, '2010', '29', 'السويس', '4', '14', '3.36.48ق', '', 'نور احمد على احمد'),
('0', '', '45661', 1, '2010', '8', 'الاسكندرية', '4', '14', '3.52.42ق', '', 'اسيل احمد ابراهيم متولى'),
('0', '', '47234', 1, '2011', '8', 'الاسكندرية', '4', '14', '4.09.66ق', '', 'جيداء احمد ابراهيم الوكيل'),
('0', '', '45659', 1, '2011', '8', 'الاسكندرية', '4', '14', '4.29.56ق', '', 'يارا محمد احمد السيد'),
('الاول', '1', '43221', 1, '2010', '14', 'القاهرة', '6', '15', '27.31ث', '', 'ايمان عبد الله ابرهيم احمد'),
('الثاني', '2', '44847', 1, '2009', '14', 'القاهرة', '6', '15', '27.36ث', '', 'هنا محمد وجيه زكى'),
('الثالث', '3', '42609', 1, '2009', '10', 'الاسكندرية', '6', '15', '27.49ث', '', 'لينا خالد على محمد'),
('الرابع', '4', '45520', 1, '2010', '10', 'الاسكندرية', '6', '15', '27.52ث', '', 'رقيه ميسره محمود محمد شراقى'),
('الخامس', '5', '41645', 1, '2010', '3', 'السويس', '6', '15', '28.04ث', '', 'راما بخيت ابراهيم عبد النعيم'),
('السادس', '6', '43060', 1, '2010', '14', 'القاهرة', '6', '15', '28.46ث', '', 'روان رضا محمد عبد الحميد'),
('السابع', '7', '43226', 1, '2010', '26', 'الجيزة', '6', '15', '28.91ث', '', 'ملك توفيق محمد توفيق'),
('الثامن', '8', '49411', 1, '2009', '24', 'الاسكندرية', '6', '15', '29.45ث', '', 'فريده معروف احمد محمد حسين'),
('الاول', '1', '41334', 1, '2009', '3', 'القليوبية', '6', '16', '44.80م', '', 'جنه صليح صليح عامر'),
('الثاني', '2', '41658', 1, '2009', '1', 'الاسكندرية', '6', '16', '39.00م', '', 'الاء تامر السيد عبده بلال'),
('الثالث', '3', '42334', 1, '2009', '19', 'القاهرة', '6', '16', '36.42م', '', 'امنيه محمد محيى محمد'),
('الرابع', '4', '42133', 1, '2010', '8', 'القاهرة', '6', '16', '34.51م', '', 'لامار محمد محمد محمد'),
('الخامس', '5', '47092', 1, '2009', '1', 'الاسكندرية', '6', '16', '32.32م', '', 'ملك محمد حسن محمد'),
('السادس', '6', '42356', 1, '2010', '5', 'الغربية', '6', '16', '31.96م', '', 'مريم امجد محمد زلط'),
('السابع', '7', '46344', 1, '2009', '12', 'الجيزة', '6', '16', '31.34م', '', 'زينب مصطفى محمد'),
('الثامن', '8', '43729', 1, '2010', '10', 'الاسكندرية', '6', '16', '30.77م', '', 'مليكه عمرو محمد نجيب'),
('0', '', '41645', 1, '2010', '3', 'السويس', '1', '15', '28.57ث', '', 'راما بخيت ابراهيم عبد النعيم'),
('0', '', '43060', 1, '2010', '14', 'القاهرة', '1', '15', '29.07ث', '', 'روان رضا محمد عبد الحميد'),
('0', '', '43226', 1, '2010', '26', 'الجيزة', '1', '15', '29.15ث', '', 'ملك توفيق محمد توفيق'),
('0', '', '42154', 1, '2010', '1', 'القاهرة', '1', '15', '#REF!', '', 'رقيه احمد عادل عبد الصادق'),
('0', '', '45523', 1, '2009', '10', 'الاسكندرية', '1', '15', '#REF!', '', 'فاطمه الزهراء مصطفى حمدى'),
('0', '', '42232', 1, '2010', '21', 'القاهرة', '1', '15', '31.15ث', '', 'مريم شريف محمد رمزى'),
('0', '', '42104', 1, '2010', '14', 'القاهرة', '4', '15', '31.68ث', '', 'ميرنا حسام محمد امين'),
('0', '', '45519', 1, '2009', '10', 'الاسكندرية', '4', '15', '35.33ث', '', 'هانا عمرو احمد السيد'),
('0', '', '42205', 1, '2009', '21', 'القاهرة', '4', '15', '31.35ث', '', 'مريم محمد عبد الحميد احمد'),
('0', '', '42277', 1, '2010', '1', 'الاسكندرية', '4', '15', '32.08ث', '', 'هيا ابراهيم محمد مرزوق'),
('0', '', '44678', 1, '2010', '13', 'الاسكندرية', '4', '15', '34.83ث', '', 'شهد ايمن محمد عبد النبى'),
('0', '', '42503', 1, '2010', '6', 'الدقهلية', '4', '15', '34.89ث', '', 'راما محمد مصطفى كمال على'),
('0', '', '45520', 1, '2010', '10', 'الاسكندرية', '5', '15', '28.02ث', '', 'رقيه ميسره محمود محمد شراقى'),
('0', '', '42825', 1, '2009', '26', 'القاهرة', '5', '15', '31.34ث', '', 'صفوه محمد على مصطفى'),
('0', '', '49270', 1, '2009', '21', 'القاهرة', '5', '15', '31.79ث', '', 'ليلى يحى حسن صفوت'),
('0', '', '45266', 1, '2010', '1', 'الاسكندرية', '5', '15', '32.34ث', '', 'حبيبه محمد التهامى سعد'),
('0', '', '46383', 1, '2009', '13', 'الاسكندرية', '5', '15', '36.48ث', '', 'جومانه حسام الدين سعد محمد'),
('0', '', '41990', 1, '2010', '25', 'الاسكندرية', '5', '15', '38.48ث', '', 'رقيه ياسر ابراهيم عبد الحليم'),
('0', '', '40875', 1, '2009', '14', 'القاهرة', '5', '15', 'DNF', '', 'جودى علاء حسن محمد حموده'),
('0', '', '41492', 1, '2009', '14', 'القاهرة', '8', '15', '29.08ث', '', 'جنى محمد ابراهيم يسرى'),
('0', '', '46871', 1, '2010', '10', 'الاسكندرية', '8', '15', '29.67ث', '', 'كرمه احمد محمد نظمى'),
('0', '', '47965', 1, '2010', '20', 'القاهرة', '8', '15', '30.98ث', '', 'فريده مصطفى فاروق طه'),
('0', '', '44003', 1, '2009', '21', 'القاهرة', '8', '15', '31.11ث', '', 'عاليا وائل محمد سمير'),
('0', '', '45265', 1, '2010', '1', 'الاسكندرية', '8', '15', '31.25ث', '', 'ملك محمد محمد عبد العزيز'),
('0', '', '41981', 1, '2010', '25', 'الاسكندرية', '8', '15', '33.34ث', '', 'سلمى محمد كامل محمد'),
('0', '', '38925', 1, '2009', '14', 'الاسكندرية', '9', '15', '29.23ث', '', 'منه ادريس مصرى محمد'),
('0', '', '45517', 1, '2010', '10', 'الاسكندرية', '9', '15', '29.97ث', '', 'ملك محمود السيد محمود'),
('0', '', '40269', 1, '2009', '1', 'الاسكندرية', '9', '15', '29.98ث', '', 'جودى على عبد النبى على'),
('0', '', '45850', 1, '2010', '36', 'بورسعيد', '9', '15', '31.41ث', '', 'لارا هيثم محمد عيد حنفى'),
('0', '', '49412', 1, '2009', '24', 'الاسكندرية', '9', '15', '31.48ث', '', 'ندى ثروت محمد محمد سيد'),
('0', '', '41449', 1, '2010', '12', 'الجيزة', '9', '15', '32.27ث', '', 'ملك احمد جمال الدين'),
('0', '', '47132', 1, '2011', '33', 'الاسكندرية', '9', '15', '33.26ث', '', 'ملك محى محمود عبد المجيد'),
('0', '', '46541', 1, '2009', '28', 'القاهرة', '9', '15', '34.04ث', '', 'ملك عمرو سامح محمود'),
('0', '', '42609', 1, '2009', '10', 'الاسكندرية', '3', '15', '28.46ث', '', 'لينا خالد على محمد'),
('0', '', '44847', 1, '2009', '14', 'القاهرة', '3', '15', '28.70ث', '', 'هنا محمد وجيه زكى'),
('0', '', '49411', 1, '2009', '24', 'الاسكندرية', '3', '15', '29.40ث', '', 'فريده معروف احمد محمد حسين'),
('0', '', '49331', 1, '2009', '2', 'القاهرة', '3', '15', '30.50ث', '', 'جنى محمد مصطفى محمد جاد'),
('0', '', '45660', 1, '2010', '8', 'الاسكندرية', '3', '15', '31.54ث', '', 'هنا اسلام ابراهيم طه'),
('0', '', '46669', 1, '2011', '36', 'بورسعيد', '3', '15', '31.59ث', '', 'ريماس اسلام جمال عوض'),
('0', '', '49510', 1, '2010', '10', 'الاسكندرية', '3', '15', '32.62ث', '', 'رقيه حسن يوسف محمد'),
('0', '', '43221', 1, '2010', '14', 'القاهرة', '2', '15', '28.54ث', '', 'ايمان عبد الله ابرهيم احمد'),
('0', '', '41051', 1, '2009', '10', 'الاسكندرية', '2', '15', '29.73ث', '', 'يارا ياسر خميس محمود'),
('0', '', '40439', 1, '2009', '8', 'الاسكندرية', '2', '15', '30.64ث', '', 'جيداء اسامه مرسى عبد الله'),
('0', '', '45405', 1, '2009', '2', 'القاهرة', '2', '15', '31.20ث', '', 'لى لى كريم محمد محمد'),
('0', '', '44233', 1, '2009', '17', 'السويس', '2', '15', '31.49ث', '', 'غنا محمد مصطفى عبد الرؤوف'),
('0', '', '47648', 1, '2009', '16', 'بنى سويف', '2', '15', '31.71ث', '', 'سميه ابو بكر قرنى حمد'),
('0', '', '45273', 1, '2010', '1', 'الاسكندرية', '2', '15', '32.34ث', '', 'لينا اسامة احمد ابراهيم'),
('الاول', '1', '42100', 1, '2009', '14', 'القاهرة', '6', '17', '1.52.67ق', '', 'حبيبه عمرو قمر عبد المنعم'),
('الاول', '1', '43764', 1, '2011', '14', 'القاهرة', '6', '17', '1.52.67ق', '', 'غزل مؤمن حسن محمود'),
('الاول', '1', '44847', 1, '2009', '14', 'القاهرة', '6', '17', '1.52.67ق', '', 'هنا محمد وجيه زكى'),
('الاول', '1', '43221', 1, '2010', '14', 'القاهرة', '6', '17', '1.52.67ق', '', 'ايمان عبد الله ابرهيم احمد'),
('الثاني', '2', '41051', 1, '2009', '10', 'الاسكندرية', '6', '17', '1.53.09ق', '', 'يارا ياسر خميس محمود'),
('الثاني', '2', '42609', 1, '2009', '10', 'الاسكندرية', '6', '17', '1.53.09ق', '', 'لينا خالد على محمد'),
('الثاني', '2', '46871', 1, '2010', '10', 'الاسكندرية', '6', '17', '1.53.09ق', '', 'كرمه احمد محمد نظمى'),
('الثاني', '2', '45520', 1, '2010', '10', 'الاسكندرية', '6', '17', '1.53.09ق', '', 'رقيه ميسره محمود محمد شراقى'),
('الثالث', '3', '42608', 1, '2010', '15', 'القاهرة', '6', '17', '1.56.64ق', '', 'عائشة عبد المحسن مخيم مرسى'),
('الثالث', '3', '43865', 1, '2009', '15', 'القاهرة', '6', '17', '1.56.64ق', '', 'لوجين حمدى محمود بدوى'),
('الثالث', '3', '42610', 1, '2010', '15', 'القاهرة', '6', '17', '1.56.64ق', '', 'هدى محمد مصطفى عليوه مصطفى'),
('الثالث', '3', '42605', 1, '2010', '15', 'القاهرة', '6', '17', '1.56.64ق', '', 'سما محمد مسعد محمد قنديل'),
('الرابع', '4', '42277', 1, '2010', '1', 'الاسكندرية', '6', '17', '2.03.53ق', '', 'هيا ابراهيم محمد مرزوق'),
('الرابع', '4', '45273', 1, '2010', '1', 'الاسكندرية', '6', '17', '2.03.53ق', '', 'لينا اسامة احمد ابراهيم'),
('الرابع', '4', '42154', 1, '2010', '1', 'القاهرة', '6', '17', '2.03.53ق', '', 'رقيه احمد عادل عبد الصادق'),
('الرابع', '4', '47101', 1, '2010', '1', 'الاسكندرية', '6', '17', '2.03.53ق', '', 'لارا محمد شعبان عبد المحسن'),
('الخامس', '5', '45646', 1, '2010', '8', 'الاسكندرية', '6', '17', '2.05.39ق', '', 'فاطمه الزهراء محمد جابر'),
('الخامس', '5', '45647', 1, '2010', '8', 'الاسكندرية', '6', '17', '2.05.39ق', '', 'نورهان عبد الله عياد'),
('الخامس', '5', '45661', 1, '2010', '8', 'الاسكندرية', '6', '17', '2.05.39ق', '', 'اسيل احمد ابراهيم متولى'),
('الخامس', '5', '45660', 1, '2010', '8', 'الاسكندرية', '6', '17', '2.05.39ق', '', 'هنا اسلام ابراهيم طه'),
('الاول', '1', '44035', 1, '2009', '14', 'القاهرة', '6', '18', '55.04م', '', 'مريم محمد محمد هشام'),
('الثاني', '2', '46858', 1, '2009', '19', 'القاهرة', '6', '18', '53.43م', '', 'نسيبه محمود احمد محمد'),
('الثالث', '3', '41491', 1, '2009', '14', 'القاهرة', '6', '18', '53.03م', '', 'داليا مجدى محمد صبح'),
('الرابع', '4', '41289', 1, '2009', '2', 'القاهرة', '6', '18', '50.03م', '', 'تريم ايهاب محمد فريد'),
('الخامس', '5', '47188', 1, '2011', '19', 'القاهرة', '6', '18', '45.74م', '', 'سلمى احمد سمير فؤاد'),
('السادس', '6', '46084', 1, '2010', '14', 'القاهرة', '6', '18', '44.64م', '', 'زمزم احمد حسنين حامد'),
('السابع', '7', '47573', 1, '2011', '26', 'الجيزة', '6', '18', '33.87م', '', 'هنا محمد سعيد عبد ربه'),
('الثامن', '8', '42323', 1, '2009', '19', 'القاهرة', '6', '18', '30.73م', '', 'رقيه على محمد محمد'),
('0', '', '42120', 1, '2010', '14', 'القاهرة', '1', '18', '38.41م', '', 'جنى احمد نبيل شحات'),
('0', '', '44247', 1, '2009', '26', 'الجيزة', '1', '18', 'nm', '', 'ياسمين خالد محمد متولى'),
('0', '', '45816', 2, '2009', '12', 'القاهرة', '2', '2', '10.22ث', '', 'محمود طارق كمال عبد القوى'),
('0', '', '49046', 2, '2010', '10', 'الاسكندرية', '2', '2', '10.42ث', '', 'عمر اشرف عبد اللطيف'),
('0', '', '41402', 2, '2009', '3', 'الوادى الجد', '2', '2', '10.65ث', '', 'الحسين هيثم محمد علم الدين'),
('0', '', '48948', 2, '2010', '42', 'السويس', '2', '2', '10.70ث', '', 'احمد حسن طنطاوى احمد'),
('0', '', '49056', 2, '2009', '3', 'قنا', '2', '2', '10.84ث', '', 'انس ممدوح محمد امبابى'),
('0', '', '44212', 2, '2010', '20', 'الجيزة', '7', '2', '9.90ث', '', 'مروان عبد الناصر محمد على'),
('0', '', '44095', 2, '2009', '43', 'الجيزة', '7', '2', '10.40ث', '', 'معز الدين ايمن سليمان مدين'),
('0', '', '41854', 2, '2009', '10', 'الاسكندرية', '7', '2', '10.10ث', '', 'مازن محمد حلمى طه'),
('0', '', '49370', 2, '2009', '12', 'الجيزة', '7', '2', '10.18ث', '', 'يوسف محمود صبرى'),
('0', '', '48947', 2, '2010', '42', 'السويس', '7', '2', '10.28ث', '', 'سفيان منعم محمد احمد'),
('0', '', '41399', 2, '2009', '3', 'الوادى الجد', '7', '2', '10.31ث', '', 'على محمد عبد الخالق حسن'),
('0', '', '40876', 2, '2009', '14', 'القاهرة', '4', '2', '9.80ث', '', 'ادهم شريف عمر ريان'),
('0', '', '42897', 2, '2010', '41', 'القاهرة', '4', '2', '10.16ث', '', 'عبد الله احمد حامد محمود'),
('0', '', '47247', 2, '2010', '8', 'الاسكندرية', '4', '2', '10.32ث', '', 'عمر محمد احمد هريدى'),
('0', '', '41652', 2, '2009', '3', 'السويس', '4', '2', '10.46ث', '', 'فؤاد محمد فؤاد محمد الطيب'),
('0', '', '41680', 2, '2009', '20', 'القاهرة', '4', '2', '10.87ث', '', 'عمر محمد احمد مرزوق'),
('0', '', '41625', 2, '2009', '3', 'الاقصر', '4', '2', '11.74ث', '', 'محمد مصطفى محمد جاد الرب'),
('0', '', '44360', 2, '2009', '31', 'الشرقية', '8', '2', '9.82ث', '', 'ايمن سامح عبد المنعم محمد'),
('0', '', '42657', 2, '2009', '10', 'الاسكندرية', '8', '2', '10.26ث', '', 'عمر اسلام فتحى عبد الحميد'),
('0', '', '49242', 2, '2010', '3', 'الشرقية', '8', '2', '10.31ث', '', 'محمد احمد عاطف عبد النبى'),
('0', '', '49322', 2, '2009', '41', 'القاهرة', '8', '2', '10.40ث', '', 'اسر ياسر سيد احمد محمد'),
('0', '', '42671', 2, '2010', '6', 'الدقهلية', '8', '2', '11.05ث', '', 'احمد محمد احمد مدحت'),
('0', '', '45961', 2, '2011', '7', 'القليوبية', '8', '2', '11.08ث', '', 'عمر وائل منصور محمد'),
('0', '', '49054', 2, '2009', '3', 'قنا', '8', '2', '11.49ث', '', 'حماده عبد الرحيم حماده حبيب'),
('0', '', '41721', 2, '2009', '15', 'القاهرة', '9', '2', '9.51ث', '', 'على محمد بدر حافظ صديق'),
('0', '', '46875', 2, '2009', '10', 'الاسكندرية', '9', '2', '9.63ث', '', 'عبد الرحمن اشرف السيد محمود'),
('0', '', '46883', 2, '2009', '3', 'الوادى الجد', '9', '2', '10.25ث', '', 'عمر احمد حمدى عبد العال'),
('0', '', '47156', 2, '2009', '13', 'الاسكندرية', '9', '2', '10.91ث', '', 'عبد الله احمد حسين امبابى'),
('0', '', '49415', 2, '2010', '24', 'الاسكندرية', '9', '2', '11.79ث', '', 'اسر محمد محمود ابو زيد احمد'),
('0', '', '49422', 2, '2010', '41', 'القاهرة', '9', '2', '12.12ث', '', 'براء محمود احمد علي'),
('0', '', '44489', 2, '2010', '25', 'الاسكندرية', '9', '2', '12.44ث', '', 'سعيد احمد على يوسف'),
('0', '', '49057', 2, '2010', '3', 'قنا', '9', '2', '12.50ث', '', 'مصطفى الامير محمود حفنى'),
('0', '', '46917', 2, '2009', '3', 'الشرقية', '11', '2', '9.52ث', '', 'عمرو هانى محمود عبد العزيز'),
('0', '', '43701', 2, '2011', '10', 'الاسكندرية', '11', '2', '10.24ث', '', 'بيجاد شريف احمد محمد'),
('0', '', '45138', 2, '2009', '43', 'الجيزة', '11', '2', '10.34ث', '', 'محمد موفق محمد عبد الحليم'),
('0', '', '49077', 2, '2009', '20', 'القاهرة', '11', '2', '10.72ث', '', 'يوسف احمد محمود عبد المتجلى'),
('0', '', '46239', 2, '2010', '20', 'القاهرة', '11', '2', '11.46ث', '', 'ابراهيم فتحى سيد عبد السلام'),
('0', '', '44596', 2, '2009', '44', 'الاقصر', '11', '2', '12.23ث', '', 'مصطفى على محمد مرعزى'),
('0', '', '47674', 2, '2011', '33', 'الاسكندرية', '11', '2', '12.45ث', '', 'مهند عبد الحليم محمد على'),
('0', '', '46422', 2, '2009', '41', 'القاهرة', '5', '2', '9.47ث', '', 'زين رزق عبد ربه رزق'),
('0', '', '46789', 2, '2009', '14', 'القاهرة', '5', '2', '9.91ث', '', 'مروان صابر نصر غمرى غلاب'),
('0', '', '41644', 2, '2010', '3', 'السويس', '5', '2', '10.12ث', '', 'خالد ايمن ابو شوشه خليل'),
('0', '', '46713', 2, '2009', '31', 'الشرقية', '5', '2', '10.22ث', '', 'على عمرو على زين العابدين محمد'),
('0', '', '44228', 2, '2009', '17', 'السويس', '5', '2', '10.28ث', '', 'يوسف غريب عبد السميع سليم'),
('0', '', '41424', 2, '2010', '3', 'الشرقية', '5', '2', '10.46ث', '', 'عبد الهادى باسم الهادى مرسى'),
('0', '', '48868', 2, '2009', '3', 'الاقصر', '1', '2', '9.68ث', '', 'احمد النوبى احمد محمد'),
('0', '', '42111', 2, '2009', '14', 'القاهرة', '1', '2', '9.76ث', '', 'محمد زكريا صلاح الدين عبد الفتاح'),
('0', '', '40051', 2, '2009', '41', 'القاهرة', '1', '2', '10.55ث', '', 'هاشم عمرو عطيه سعد الدين'),
('0', '', '43086', 2, '2009', '8', 'الاسكندرية', '1', '2', '10.59ث', '', 'محمد السعيد محمد محمد');
INSERT INTO `eef` (`Rank1`, `Rank`, `player_id`, `sex_id`, `DOB`, `club_id`, `gov`, `het_id`, `events_id`, `results`, `wind`, `E-name`) VALUES
('0', '', '44348', 2, '2009', '4', 'القاهرة', '1', '2', '10.70ث', '', 'عبد الرحمن ابراهيم محمد محمد'),
('0', '', '43086', 2, '2009', '8', 'الاسكندرية', '1', '2', '11.80ث', '', 'محمد السعيد محمد محمد'),
('0', '', '47979', 2, '2010', '20', 'القاهرة', '1', '2', '11.90ث', '', 'حازم محمد فكرى عبد الهادى'),
('0', '', '41696', 2, '2009', '21', 'القاهرة', '3', '2', '9.66ث', '', 'محمد طارق وجدى ابو المعاطى'),
('0', '', '40750', 2, '2009', '42', 'السويس', '3', '2', '9.76ث', '', 'باسل هيثم رضا العنبرى'),
('0', '', '44566', 2, '2010', '10', 'الاسكندرية', '3', '2', '9.81ث', '', 'محمود محمد يوسف احمد'),
('0', '', '41405', 2, '2009', '3', 'الوادى الجد', '3', '2', '10.05ث', '', 'مؤمن هاشم راتب محمد'),
('0', '', '46861', 2, '2009', '19', 'القاهرة', '3', '2', '10.33ث', '', 'بلال حسين مشهور شريف'),
('0', '', '49335', 2, '2009', '45', 'الاقصر', '3', '2', '11.19ث', '', 'محمود ياسر محمود الطاهر'),
('0', '', '41893', 2, '2009', '46', 'الاقصر', '3', '2', '11.24ث', '', 'زياد عمرو فوزى محمد'),
('0', '', '49173', 2, '2009', '13', 'الاسكندرية', '3', '2', '11.32ث', '', 'عبد الله عبد اللطيف محمد'),
('الاول', '1', '46917', 2, '2009', '3', 'الشرقية', '6', '2', '9.52ث', '', 'عمرو هانى محمود عبد العزيز'),
('الثاني', '2', '41721', 2, '2009', '15', 'القاهرة', '6', '2', '9.64ث', '', 'على محمد بدر حافظ صديق'),
('الثالث', '3', '41696', 2, '2009', '21', 'القاهرة', '6', '2', '9.64ث', '', 'محمد طارق وجدى ابو المعاطى'),
('الرابع', '4', '40750', 2, '2009', '42', 'السويس', '6', '2', '9.83ث', '', 'باسل هيثم رضا العنبرى'),
('الخامس', '5', '42111', 2, '2009', '14', 'القاهرة', '6', '2', '9.85ث', '', 'محمد زكريا صلاح الدين عبد الفتاح'),
('السادس', '6', '46875', 2, '2009', '10', 'الاسكندرية', '6', '2', '9.87ث', '', 'عبد الرحمن اشرف السيد محمود'),
('السابع', '7', '46422', 2, '2009', '41', 'القاهرة', '6', '2', '9.91ث', '', 'زين رزق عبد ربه رزق'),
('الثامن', '8', '48868', 2, '2009', '3', 'الاقصر', '6', '2', 'DQ', '', 'احمد النوبى احمد محمد'),
('الاول', '1', '46305', 2, '2009', '14', 'القاهرة', '6', '3', '25.00ث', '', 'يوسف وفيق محمد محمد'),
('الثاني', '2', '42203', 2, '2010', '21', 'القاهرة', '6', '3', '25.64ث', '', 'حمزه احمد فؤاد عبد المنعم'),
('الثالث', '3', '44555', 2, '2009', '8', 'الاسكندرية', '6', '3', '25.80ث', '', 'كريم احمد ضياء الدين محمد'),
('الرابع', '4', '44510', 2, '2009', '14', 'القاهرة', '6', '3', '26.31ث', '', 'اسر شريف صلاح محمد'),
('الخامس', '5', '44586', 2, '2009', '41', 'القاهرة', '6', '3', '26.54ث', '', 'احمد خالد جمال رياض'),
('السادس', '6', '41370', 2, '2010', '3', 'الاسماعيلية', '6', '3', '26.70ث', '', 'احمد طارق محمود عبد القادر'),
('السابع', '7', '42102', 2, '2009', '14', 'القاهرة', '6', '3', '26.86ث', '', 'عبد الرحمن محمد محمود ثابت'),
('الثامن', '8', '45041', 2, '2009', '47', 'الاسماعيلية', '6', '3', '27.22ث', '', 'عمر محمد مجدى رياض رستم'),
('الاول', '1', '46235', 2, '2009', '20', 'القاهرة', '6', '1', '18.29م', '', 'يحيى خالد حلمى محمد'),
('الثاني', '2', '44873', 2, '2009', '3', 'الدقهلية', '6', '1', '17.63م', '', 'ابراهيم الحسانين فؤاد عبد العزيز'),
('الثالث', '3', '45925', 2, '2010', '13', 'الاسكندرية', '6', '1', '17.22م', '', 'يوسف مخلص ابراهيم خليل'),
('الرابع', '4', '43081', 2, '2009', '36', 'بورسعيد', '6', '1', '16.60م', '', 'ادم محمود محمد محمد'),
('الخامس', '5', '42495', 2, '2010', '14', 'القاهرة', '6', '1', '16.34م', '', 'اسامه احمد محمد عبد القادر'),
('السادس', '6', '41580', 2, '2009', '3', 'الدقهلية', '6', '1', '16.32م', '', 'عبد الله مصطفى رجب حسانين'),
('السابع', '7', '40276', 2, '2009', '1', 'الاسكندرية', '6', '1', '15.58م', '', 'بشار هانى مصطفى عبد الحق'),
('الثامن', '8', '41777', 2, '2011', '20', 'القاهرة', '6', '1', '14.66م', '', 'احمد مصلحى محمد طه'),
('الاول', '1', '41626', 2, '2009', '3', 'الاقصر', '6', '6', '5.50.18ق', '', 'محمد الطيرى محمود على'),
('الثاني', '2', '41048', 2, '2009', '20', 'القاهرة', '6', '6', '5.56.19ق', '', 'سيف رامى محمد عبده'),
('الثالث', '3', '48429', 2, '2009', '13', 'الاسكندرية', '6', '6', '5.56.42ق', '', 'سفيان محمد حمدى محمدى'),
('الرابع', '4', '41638', 2, '2009', '3', 'الاقصر', '6', '6', '6.04.06ق', '', 'محمد الحسين ابراهيم عبد الحليم'),
('الخامس', '5', '44055', 2, '2010', '14', 'القاهرة', '6', '6', '6.12.07ق', '', 'يس عز العرب فاروق عمر'),
('السادس', '6', '42868', 2, '2009', '3', 'اسوان', '6', '6', '6.15.38ق', '', 'احمد محمود احمد على عبد العال'),
('السابع', '7', '48991', 2, '2009', '3', 'قنا', '6', '6', '6.16.39ق', '', 'على كرم احمد ابراهيم'),
('الثامن', '8', '45054', 2, '2010', '47', 'الاسماعيلية', '6', '6', '6.19.83ق', '', 'على ابراهيم عابدين محمود'),
('التاسع', '9', '39207', 2, '2009', '19', 'القاهرة', '6', '6', '6.22.13ق', '', 'حمزه حسام محمد احمد'),
('العاشر', '10', '48794', 2, '2009', '28', 'القاهرة', '6', '6', '6.23.03ق', '', 'يوسف طارق صلاح الدين منصور'),
('الحادى عشر', '11', '46578', 2, '2010', '26', 'الجيزة', '6', '6', '6.27.04ق', '', 'محمد رمضان سعد شعبان'),
('الثاني عشر', '12', '40065', 2, '2009', '41', 'القاهرة', '6', '6', '6.32.10ق', '', 'مختار احمد حسين على'),
('الثالث عشر', '13', '49539', 2, '2009', '35', 'الفيوم', '6', '6', '6.48.89ق', '', 'محمد عبد النبى محمد رمضان'),
('الثالث عشر', '14', '44915', 2, '2009', '31', 'الشرقية', '6', '6', '6.50.46ق', '', 'زياد محمود رجب محمد'),
('الثالث عشر', '15', '41401', 2, '2010', '3', 'الوادى الجد', '6', '6', '6.55.70ق', '', 'ابراهيم حسن عبد الرحمن اسماعيل'),
('الثالث عشر', '16', '49541', 2, '2009', '35', 'الفيوم', '6', '6', '6.55.72ق', '', 'محمد مصطفى مهدلى محمد'),
('الثالث عشر', '17', '49423', 2, '2009', '41', 'القاهرة', '6', '6', '6.58.48ق', '', 'جاسر اشرف عبد العزيز'),
('الثالث عشر', '18', '47120', 2, '2010', '33', 'الاسكندرية', '6', '6', '7.00.36ق', '', 'حسين محمد نصر سعد الدين'),
('الثالث عشر', '19', '48035', 2, '2010', '41', 'القاهرة', '6', '6', '7.13.58ق', '', 'احمد ايمن فؤاد محمد'),
('الثالث عشر', '20', '41679', 2, '2009', '3', 'الدقهلية', '6', '6', '7.41.33ق', '', 'مهند اسامه سعد ابو زيد'),
('الاول', '1', '48973', 2, '2009', '4', 'القاهرة', '6', '5', '49.62م', '', 'كريم احمد زكريا عبد الرحمن'),
('الثاني', '2', '40429', 2, '2009', '8', 'الاسكندرية', '6', '5', '47.33م', '', 'عبد الرحمن عماد عادل محمود'),
('الثالث', '3', '43129', 2, '2009', '14', 'القاهرة', '6', '5', '44.52م', '', 'مازن محمد بدرى حسين'),
('الرابع', '4', '47740', 2, '2011', '14', 'القاهرة', '6', '5', '41.33م', '', 'مروان احمد حسن محمد'),
('الخامس', '5', '48869', 2, '2010', '3', 'الاقصر', '6', '5', '40.38م', '', 'صديق عبد الغنى محمد صديق'),
('السادس', '6', '41629', 2, '2009', '3', 'الاقصر', '6', '5', '37.86م', '', 'محمد عبد الغنى عبد الفتاح'),
('السابع', '7', '40753', 2, '2009', '3', 'السويس', '6', '5', '36.35م', '', 'عبد العزيز محمود عبد العزيز على'),
('الثامن', '8', '42303', 2, '2010', '19', 'القاهرة', '6', '5', '35.68م', '', 'مصطفى حاتم كمال محمود'),
('0', '', '45472', 2, '2011', '36', 'بورسعيد', '1', '1', '12.14م', '', 'فارس فتح الله محمد صادق'),
('0', '', '46876', 2, '2010', '10', 'الاسكندرية', '1', '1', '#REF!', '', 'احمد شريف محمد ماجد'),
('0', '', '49111', 2, '2009', '1', 'الاسكندرية', '1', '1', '10.19م', '', 'على كريم على راتب'),
('0', '', '46427', 2, '2010', '6', 'الدقهلية', '1', '1', '10.49م', '', 'دانيال ابراهيم حلمى ابراهيم'),
('0', '', '49056', 2, '2009', '3', 'قنا', '1', '1', '10.95م', '', 'انس ممدوح محمد امبابى'),
('0', '', '46690', 2, '2011', '20', 'القاهرة', '1', '1', '12.57م', '', 'مروان باهر يحى على'),
('0', '', '42153', 2, '2010', '1', 'القاهرة', '1', '1', '12.22م', '', 'احمد ممدوح ابراهيم عبد الحليم'),
('0', '', '44562', 2, '2009', '10', 'الاسكندرية', '1', '1', '10.43م', '', 'على احمد محمد احمد'),
('0', '', '49053', 2, '2010', '3', 'قنا', '1', '1', '8.22م', '', 'احمد عبده عبد الرازق محمود'),
('0', '', '43684', 2, '2009', '9', 'بورسعيد', '1', '1', '14.11م', '', 'اياد ابراهيم ابراهيم محمد'),
('0', '', '42923', 2, '2009', '2', 'القاهرة', '1', '1', '13.80م', '', 'ياسين هيثم محمد عرفه فتحى'),
('0', '', '45276', 2, '2010', '1', 'الاسكندرية', '1', '1', '6.24م', '', 'ادم شادى احمد فهيم راشد'),
('0', '', '43657', 2, '2011', '1', 'الاسكندرية', '1', '1', '13.13م', '', 'كريم مصطفى احمد رفعت'),
('0', '', '44682', 2, '2009', '13', 'الاسكندرية', '1', '1', '10.47م', '', 'محمد ممدوح عبد العال محمد'),
('0', '', '46729', 2, '2010', '6', 'الدقهلية', '1', '1', '10.09م', '', 'احمد شوقى شرقاوى السيد'),
('0', '', '45257', 2, '2009', '1', 'الاسكندرية', '1', '1', '12.15م', '', 'حمزه محمد يوسف محمد'),
('0', '', '44546', 2, '2009', '12', 'الجيزة', '1', '1', '13.78م', '', 'مؤمن محمد احمد عبد اللطيف'),
('0', '', '44576', 2, '2010', '9', 'بورسعيد', '1', '1', '13.92م', '', 'محمد شريف محمد شلبى'),
('0', '', '47864', 2, '2010', '22', 'بورسعيد', '1', '1', '11.25م', '', 'مصطفى قاسم محمد قاسم'),
('0', '', '48871', 2, '2010', '22', 'اسيوط', '1', '1', '8.17م', '', 'زياد احمد شعبان احمد'),
('0', '', '46471', 2, '2011', '14', 'القاهرة', '1', '1', '5.40م', '', 'مازن محمد ابراهيم حسن'),
('0', '', '46337', 2, '2009', '48', 'الاقصر', '1', '1', '6.18م', '', 'احمد النجار محمد يوسف'),
('0', '', '48143', 2, '2010', '49', 'الاقصر', '1', '1', '6.30م', '', 'احمد إبراهيم عطيه حسين'),
('0', '', '48127', 2, '2009', '50', 'الاقصر', '1', '1', '7.10م', '', 'رمضان حسانى محمود'),
('0', '', '46360', 2, '2009', '51', 'الاقصر', '1', '1', '7.02م', '', 'يوسف احمد فراج حسين'),
('الاول', '1', '46789', 2, '2009', '14', 'القاهرة', '6', '8', '34.84ث', '', 'مروان صابر نصر غمرى غلاب'),
('الاول', '1', '46074', 2, '2009', '14', 'القاهرة', '6', '8', '34.84ث', '', 'اسلام محمد محمد اسماعيل'),
('الاول', '1', '40876', 2, '2009', '14', 'القاهرة', '6', '8', '34.84ث', '', 'ادهم شريف عمر ريان'),
('الاول', '1', '46305', 2, '2009', '14', 'القاهرة', '6', '8', '34.84ث', '', 'يوسف وفيق محمد محمد'),
('الثاني', '2', '42897', 2, '2010', '41', 'القاهرة', '6', '8', '35.70ث', '', 'عبد الله احمد حامد محمود'),
('الثاني', '2', '46422', 2, '2009', '41', 'القاهرة', '6', '8', '35.70ث', '', 'زين رزق عبد ربه رزق'),
('الثاني', '2', '40051', 2, '2009', '41', 'القاهرة', '6', '8', '35.70ث', '', 'هاشم عمرو عطيه سعد الدين'),
('الثاني', '2', '44586', 2, '2009', '41', 'القاهرة', '6', '8', '35.70ث', '', 'احمد خالد جمال رياض'),
('الثالث', '3', '41325', 2, '2009', '28', 'القاهرة', '6', '8', '35.75ث', '', 'حسام ياسر سعيد محمد'),
('الثالث', '3', '40123', 2, '2009', '28', 'القاهرة', '6', '8', '35.75ث', '', 'ياسين محسن احمد مصطفى'),
('الثالث', '3', '44789', 2, '2010', '28', 'القاهرة', '6', '8', '35.75ث', '', 'سيف جمال عبد المنعم عبد الباسط'),
('الثالث', '3', '40131', 2, '2009', '28', 'القاهرة', '6', '8', '35.75ث', '', 'مروان احمد محمود عباس'),
('الرابع', '4', '43951', 2, '2010', '8', 'الاسكندرية', '6', '8', '35.99ث', '', 'على عبد السلام على عبد السلام'),
('الرابع', '4', '43946', 2, '2010', '8', 'الاسكندرية', '6', '8', '35.99ث', '', 'رايان ياسر رجب عرفه'),
('الرابع', '4', '43086', 2, '2009', '8', 'الاسكندرية', '6', '8', '35.99ث', '', 'محمد السعيد محمد محمد'),
('الرابع', '4', '43950', 2, '2009', '8', 'الاسكندرية', '6', '8', '35.99ث', '', 'تيم الله احمد محمد عبد الجواد'),
('الخامس', '5', '46883', 2, '2009', '3', 'الوادى الجد', '6', '8', '36.05ث', '', 'عمر احمد حمدى عبد العال'),
('الخامس', '5', '41405', 2, '2009', '3', 'الوادى الجد', '6', '8', '36.05ث', '', 'مؤمن هاشم راتب محمد'),
('الخامس', '5', '41409', 2, '2009', '3', 'الوادى الجد', '6', '8', '36.05ث', '', 'عبد الله منصور خلف محمد'),
('الخامس', '5', '41399', 2, '2009', '3', 'الوادى الجد', '6', '8', '36.05ث', '', 'على محمد عبد الخالق حسن'),
('السادس', '6', '46239', 2, '2010', '20', 'القاهرة', '6', '8', '37.16ث', '', 'ابراهيم فتحى سيد عبد السلام'),
('السادس', '6', '46249', 2, '2009', '20', 'القاهرة', '6', '8', '37.16ث', '', 'محمد احمد محمد محمد'),
('السادس', '6', '41680', 2, '2009', '20', 'القاهرة', '6', '8', '37.16ث', '', 'عمر محمد احمد مرزوق'),
('السادس', '6', '44212', 2, '2010', '20', 'الجيزة', '6', '8', '37.16ث', '', 'مروان عبد الناصر محمد على'),
('السابع', '7', '43175', 2, '2010', '10', 'الاسكندرية', '6', '8', '37.41ث', '', 'احمد عبد العزيز ابراهيم محمد'),
('السابع', '7', '43701', 2, '2011', '10', 'الاسكندرية', '6', '8', '37.41ث', '', 'بيجاد شريف احمد محمد'),
('السابع', '7', '42657', 2, '2009', '10', 'الاسكندرية', '6', '8', '37.41ث', '', 'عمر اسلام فتحى عبد الحميد'),
('السابع', '7', '49046', 2, '2010', '10', 'الاسكندرية', '6', '8', '37.41ث', '', 'عمر اشرف عبد اللطيف'),
('الثامن', '8', '42803', 2, '2010', '12', 'الجيزة', '6', '8', '37.53ث', '', 'محمد احمد محمد جاد'),
('الثامن', '8', '49370', 2, '2009', '12', 'الجيزة', '6', '8', '37.53ث', '', 'يوسف محمود صبرى'),
('الثامن', '8', '46907', 2, '2010', '12', 'الجيزة', '6', '8', '37.53ث', '', 'مروان عمر محمد محمد محمود'),
('الثامن', '8', '45816', 2, '2009', '12', 'القاهرة', '6', '8', '37.53ث', '', 'محمود طارق كمال عبد القوى'),
('الاول', '1', '40434', 1, '2009', '8', 'الاسكندرية', '6', '19', '37.74ث', '', 'فريده حسام محمد توفيق'),
('الاول', '1', '44555', 2, '2009', '8', 'الاسكندرية', '6', '19', '37.74ث', '', 'كريم احمد ضياء الدين محمد'),
('الاول', '1', '40435', 1, '2009', '8', 'الاسكندرية', '6', '19', '37.74ث', '', 'شهد وليد مساح ابو المجد على'),
('الاول', '1', '40424', 2, '2009', '8', 'الاسكندرية', '6', '19', '37.74ث', '', 'معتز ادهم محمد عبد الحفيظ'),
('الثاني', '2', '41645', 1, '2010', '3', 'السويس', '6', '19', '37.78ث', '', 'راما بخيت ابراهيم عبد النعيم'),
('الثاني', '2', '41644', 2, '2010', '3', 'السويس', '6', '19', '37.78ث', '', 'خالد ايمن ابو شوشه خليل'),
('الثاني', '2', '40754', 1, '2009', '3', 'السويس', '6', '19', '37.78ث', '', 'جورى محمود عبد العزيز على'),
('الثاني', '2', '41655', 2, '2009', '3', 'السويس', '6', '19', '37.78ث', '', 'يوسف حسين عيد محمد حسين'),
('الثالث', '3', '47101', 1, '2010', '1', 'الاسكندرية', '6', '19', '37.80ث', '', 'لارا محمد شعبان عبد المحسن'),
('الثالث', '3', '41805', 2, '2009', '1', 'الاسكندرية', '6', '19', '37.80ث', '', 'ادم احمد محمد احمد رياض'),
('الثالث', '3', '45290', 1, '2009', '1', 'الاسكندرية', '6', '19', '37.80ث', '', 'نوارى طارق مصطفى محمد وهيبه'),
('الثالث', '3', '42150', 2, '2010', '1', 'القاهرة', '6', '19', '37.80ث', '', 'محمد احمد طلعت السيد'),
('الرابع', '4', '46789', 2, '2009', '14', 'القاهرة', '6', '19', '37.87ث', '', 'مروان صابر نصر غمرى غلاب'),
('الرابع', '4', '41492', 1, '2009', '14', 'القاهرة', '6', '19', '37.87ث', '', 'جنى محمد ابراهيم يسرى'),
('الرابع', '4', '41503', 1, '2010', '14', 'القاهرة', '6', '19', '37.87ث', '', 'تمارا ايهاب حسين السيد'),
('الرابع', '4', '44510', 2, '2009', '14', 'القاهرة', '6', '19', '37.87ث', '', 'اسر شريف صلاح محمد'),
('الخامس', '5', '47784', 2, '2009', '4', 'القاهرة', '6', '19', '37.96ث', '', 'احمد حماده عبد الغنى عبد الله'),
('الخامس', '5', '41098', 1, '2009', '4', 'القاهرة', '6', '19', '37.96ث', '', 'شروق حسام الدين مصطفى عبد البديع'),
('الخامس', '5', '41864', 2, '2009', '4', 'القاهرة', '6', '19', '37.96ث', '', 'محمود السيد محمد على'),
('الخامس', '5', '45464', 1, '2009', '4', 'القاهرة', '6', '19', '37.96ث', '', 'مروه السيد على محمد محمد'),
('السادس', '6', '42327', 1, '2009', '19', 'القاهرة', '6', '19', '38.58ث', '', 'حنين خالد احمد جلال'),
('السادس', '6', '42290', 2, '2010', '19', 'القاهرة', '6', '19', '38.58ث', '', 'هادى محمد عبد الهادى محمد'),
('السادس', '6', '43241', 1, '2010', '19', 'القاهرة', '6', '19', '38.58ث', '', 'جودى هشام زكريا اسماعيل'),
('السادس', '6', '42286', 2, '2010', '19', 'القاهرة', '6', '19', '38.58ث', '', 'يوسف ايهاب حسين سيد'),
('السابع', '7', '46541', 1, '2009', '28', 'القاهرة', '6', '19', '39.21ث', '', 'ملك عمرو سامح محمود'),
('السابع', '7', '43800', 2, '2010', '28', 'القاهرة', '6', '19', '39.21ث', '', 'على محمد ابو الفتوح ابراهيم'),
('السابع', '7', '40133', 1, '2009', '28', 'القاهرة', '6', '19', '39.21ث', '', 'فاطمه طارق صديق عبد الله'),
('السابع', '7', '48793', 2, '2009', '28', 'القاهرة', '6', '19', '39.21ث', '', 'مؤمن هانى محمد الحفنى'),
('الثامن', '8', '43708', 1, '2011', '10', 'الاسكندرية', '6', '19', '39.63ث', '', 'حبيبه هشام سعيد ابراهيم'),
('الثامن', '8', '45509', 2, '2009', '10', 'الاسكندرية', '6', '19', '39.63ث', '', 'عمر محمد سعد الدين محمد'),
('الثامن', '8', '44564', 1, '2009', '10', 'الاسكندرية', '6', '19', '39.63ث', '', 'حبيبه تامر سعد السيد'),
('الثامن', '8', '43175', 2, '2010', '10', 'الاسكندرية', '6', '19', '39.63ث', '', 'احمد عبد العزيز ابراهيم محمد'),
('الاول', '1', '43352', 2, '2009', '39', 'المنيا', '6', '9', '12.58.66ق', '', 'يوسف محسن رمضان انور'),
('الثاني', '2', '44962', 2, '2009', '39', 'المنيا', '6', '9', '13.31.60ق', '', 'محمود مجدى منصور مدبولى'),
('الثالث', '3', '44969', 2, '2009', '39', 'المنيا', '6', '9', '14.09.90ق', '', 'طارق مصطفى سيد محمود'),
('الرابع', '4', '44323', 2, '2010', '38', 'الجيزة', '6', '9', '14.37.92ق', '', 'زياد محمد عثمان عبد الستار عثمان'),
('الخامس', '5', '43957', 2, '2010', '32', 'اسيوط', '6', '9', '15.00.44ق', '', 'محمد احمد احمد فرحات عامر'),
('السادس', '6', '49354', 2, '2010', '38', 'الجيزة', '6', '9', '15.05.33ق', '', 'مروان احمد على محمد سلامه'),
('السابع', '7', '47551', 2, '2010', '38', 'الجيزة', '6', '9', '15.15.25ق', '', 'عمر كمال هاشم هريدى'),
('الثامن', '8', '45679', 2, '2011', '8', 'الاسكندرية', '6', '9', '15.36.81ق', '', 'شريف خالد محمد عبد الحليم'),
('التاسع', '9', '45679', 2, '2011', '8', 'الاسكندرية', '6', '9', '15.40.47ق', '', 'شريف خالد محمد عبد الحليم'),
('العاشر', '10', '47553', 2, '2010', '38', 'الجيزة', '6', '9', '15.44.45ق', '', 'محمد احمد محمد حامد'),
('الحادى عشر', '11', '47534', 2, '2009', '38', 'الجيزة', '6', '9', '15.44.54ق', '', 'عبد الله احمد عبد الله سيد'),
('الثاني عشر', '12', '46325', 2, '2009', '23', 'الاسكندرية', '6', '9', '17.29.36ق', '', 'سيف تامر السيد ابراهيم'),
('الثالث عشر', '13', '47205', 2, '2010', '7', 'القليوبية', '6', '9', '20.15.33ق', '', 'اياد ابراهيم محمد عبد الرازق'),
('الاول', '1', '44964', 2, '2009', '39', 'المنيا', '6', '10', '4.35.12ق', '', 'صالح عيد سلطان محمود'),
('الثاني', '2', '44387', 2, '2009', '31', 'الشرقية', '6', '10', '4.49.45ق', '', 'عبد الرحمن هانى شكرى عبد الحميد'),
('الثالث', '3', '40275', 2, '2009', '1', 'الاسكندرية', '6', '10', '4.49.88ق', '', 'فارس محمد محمود حمدى'),
('الرابع', '4', '49333', 2, '2009', '52', 'الاقصر', '6', '10', '4.49.91ق', '', 'محمد احمد فريد محمد'),
('الخامس', '5', '44789', 2, '2010', '28', 'القاهرة', '6', '10', '4.54.10ق', '', 'سيف جمال عبد المنعم عبد الباسط'),
('السادس', '6', '49052', 2, '2009', '3', 'قنا', '6', '10', '4.54.99ق', '', 'هشام قناوى همام فهيم'),
('السابع', '7', '47867', 2, '2010', '39', 'المنيا', '6', '10', '4.55.98ق', '', 'ايمن مؤمن محمد صالح'),
('الثامن', '8', '45043', 2, '2010', '47', 'الاسماعيلية', '6', '10', '4.56.40ق', '', 'احمد محمد السيد عبد السلام'),
('التاسع', '9', '42760', 2, '2009', '40', 'المنوفية', '6', '10', '5.01.10ق', '', 'عبد الرحمن عصام توفيق فارس'),
('العاشر', '10', '41361', 2, '2009', '3', 'الاسماعيلية', '6', '10', '5.07.74ق', '', 'احمد ابراهيم احمد سرور'),
('الحادى عشر', '11', '46322', 2, '2009', '23', 'الاسكندرية', '6', '10', '5.11.29ق', '', 'محمد خالد احمد رفعت'),
('الثاني عشر', '12', '41049', 2, '2009', '20', 'القاهرة', '6', '10', '5.13.48ق', '', 'محمد رامى محمد عبده'),
('الثالث عشر', '13', '45950', 2, '2010', '40', 'المنوفية', '6', '10', '5.14.32ق', '', 'يوسف عامر محمد حسن'),
('الثالث عشر', '14', '46885', 2, '2009', '3', 'الوادى الجد', '6', '10', '5.14.36ق', '', 'عبد الله احمد عمر محمد'),
('الثالث عشر', '15', '41431', 2, '2009', '3', 'الشرقية', '6', '10', '5.15.71ق', '', 'احمد هيسم جابر محمد'),
('الثالث عشر', '16', '48971', 2, '2009', '14', 'القاهرة', '6', '10', '5.21.45ق', '', 'يوسف خلف ضاحى توفيق'),
('الثالث عشر', '17', '47946', 2, '2010', '39', 'المنيا', '6', '10', '5.23.33ق', '', 'يوسف بدوى يوسف سيد'),
('الثالث عشر', '18', '48991', 2, '2009', '3', 'قنا', '6', '10', '5.27.26ق', '', 'على كرم احمد ابراهيم'),
('الثالث عشر', '19', '49494', 2, '2009', '19', 'القاهرة', '6', '10', '5.32.21ق', '', 'عمر حسام الدين فاروق عبد النبى'),
('الثالث عشر', '20', '43619', 2, '2009', '28', 'القاهرة', '6', '10', '5.41.00ق', '', 'عمر ابراهيم عبد النبى عبد السميع'),
('الثالث عشر', '21', '49514', 2, '2010', '53', 'القاهرة', '6', '10', '5.42.30ق', '', 'يوسف حماده محمد على'),
('الثالث عشر', '22', '47597', 2, '2010', '26', 'الجيزة', '6', '10', '5.54.08ق', '', 'يوسف مجدى جابر محمد'),
('الثالث عشر', '23', '41575', 2, '2010', '3', 'الدقهلية', '6', '10', '5.54.28ق', '', 'زياد اسماعيل عبد المهيمن عبد الجواد'),
('الثالث عشر', '23', '41582', 2, '2010', '3', 'الدقهلية', '6', '10', 'dnf', '', 'يوسف محمد محمود حسين'),
('الاول', '1', '46305', 2, '2009', '14', 'القاهرة', '10', '20', '13.62ث', '', 'يوسف وفيق محمد محمد'),
('الثاني', '2', '41655', 2, '2009', '3', 'السويس', '10', '20', '14.51ث', '', 'يوسف حسين عيد محمد حسين'),
('الثالث', '3', '42102', 2, '2009', '14', 'القاهرة', '10', '20', '14.56ث', '', 'عبد الرحمن محمد محمود ثابت'),
('الرابع', '4', '42203', 2, '2010', '21', 'القاهرة', '10', '20', '14.63ث', '', 'حمزه احمد فؤاد عبد المنعم'),
('الخامس', '5', '45041', 2, '2009', '47', 'الاسماعيلية', '10', '20', '14.66ث', '', 'عمر محمد مجدى رياض رستم'),
('السادس', '6', '40175', 2, '2009', '21', 'القاهرة', '10', '20', '14.75ث', '', 'اسماعيل عمرو فتحى يس'),
('السابع', '7', '41409', 2, '2009', '3', 'الوادى الجد', '10', '20', '14.83ث', '', 'عبد الله منصور خلف محمد'),
('الثامن', '8', '44510', 2, '2009', '14', 'القاهرة', '10', '20', '15.21ث', '', 'اسر شريف صلاح محمد'),
('0', '', '41655', 2, '2009', '3', 'السويس', '1', '20', '14.51ث', '', 'يوسف حسين عيد محمد حسين'),
('0', '', '45041', 2, '2009', '47', 'الاسماعيلية', '1', '20', '14.66ث', '', 'عمر محمد مجدى رياض رستم'),
('0', '', '41409', 2, '2009', '3', 'الوادى الجد', '1', '20', '14.83ث', '', 'عبد الله منصور خلف محمد'),
('0', '', '44510', 2, '2009', '14', 'القاهرة', '1', '20', '15.21ث', '', 'اسر شريف صلاح محمد'),
('0', '', '47163', 2, '2009', '13', 'الاسكندرية', '1', '20', '17.67ث', '', 'اسر محمد احمد رفاعى'),
('0', '', '42102', 2, '2009', '14', 'القاهرة', '4', '20', '14.56ث', '', 'عبد الرحمن محمد محمود ثابت'),
('0', '', '44586', 2, '2009', '41', 'القاهرة', '4', '20', '15.34ث', '', 'احمد خالد جمال رياض'),
('0', '', '41573', 2, '2009', '3', 'الدقهلية', '4', '20', '15.55ث', '', 'محمد هانى عواد حامد'),
('0', '', '45906', 2, '2010', '13', 'الاسكندرية', '4', '20', '16.39ث', '', 'فارس محمد حسن محمد مصطفى'),
('0', '', '48946', 2, '2009', '47', 'الاسماعيلية', '4', '20', '17.63ث', '', 'زياد عيد محمد السيد عبد الهادى'),
('0', '', '41679', 2, '2009', '3', 'الدقهلية', '4', '20', '17.82ث', '', 'مهند اسامه سعد ابو زيد'),
('0', '', '45603', 2, '2010', '54', 'الاسماعيلية', '4', '20', '18.04ث', '', 'اسماعيل محمد اسماعيل سعد'),
('0', '', '49220', 2, '2011', '3', 'الدقهلية', '4', '20', '18.98ث', '', 'محمد نبيل على محمد'),
('0', '', '46305', 2, '2009', '14', 'القاهرة', '5', '20', '13.62ث', '', 'يوسف وفيق محمد محمد'),
('0', '', '40175', 2, '2009', '21', 'القاهرة', '5', '20', '14.75ث', '', 'اسماعيل عمرو فتحى يس'),
('0', '', '41579', 2, '2009', '3', 'الدقهلية', '5', '20', '16.30ث', '', 'علاء محمد عواد حامد'),
('0', '', '41805', 2, '2009', '1', 'الاسكندرية', '5', '20', '17.15ث', '', 'ادم احمد محمد احمد رياض'),
('0', '', '42576', 2, '2010', '20', 'القاهرة', '5', '20', '19.37ث', '', 'يوسف شعبان ابراهيم عبد اللطيف'),
('0', '', '49224', 2, '2011', '3', 'الدقهلية', '5', '20', '19.73ث', '', 'احمد هشام محمد الحسينى'),
('0', '', '42203', 2, '2010', '21', 'القاهرة', '8', '20', '14.63ث', '', 'حمزه احمد فؤاد عبد المنعم'),
('0', '', '41574', 2, '2010', '3', 'الدقهلية', '8', '20', '15.24ث', '', 'بلال محمد عبد القادر محمد'),
('0', '', '47784', 2, '2009', '4', 'القاهرة', '8', '20', '15.63ث', '', 'احمد حماده عبد الغنى عبد الله'),
('0', '', '45120', 2, '2010', '3', 'بنى سويف', '8', '20', '16.38ث', '', 'حازم احمد رمضان عبد الحميد'),
('0', '', '46826', 2, '2010', '14', 'القاهرة', '8', '20', '16.40ث', '', 'معاذ محمد احمد السيد'),
('0', '', '46314', 2, '2010', '13', 'الاسكندرية', '8', '20', '21.09ث', '', 'احمد سيد حسين سعد'),
('الاول', '1', '41330', 2, '2009', '3', 'القليوبية', '6', '7', '6.61م', '', 'يوسف احمد دسوقى منصور'),
('الثاني', '2', '42873', 2, '2009', '13', 'الاسكندرية', '6', '7', '6.25م', '', 'محمد احمد عبد الحميد عثمان'),
('الثالث', '3', '44360', 2, '2009', '31', 'الشرقية', '6', '7', '6.18م', '', 'ايمن سامح عبد المنعم محمد'),
('الرابع', '4', '46713', 2, '2009', '31', 'الشرقية', '6', '7', '5.86م', '', 'على عمرو على زين العابدين محمد'),
('الخامس', '5', '43929', 2, '2009', '19', 'القاهرة', '6', '7', '5.84م', '', 'احمد امين احمد محمد'),
('السادس', '6', '42619', 2, '2009', '10', 'الاسكندرية', '6', '7', '5.76م', '', 'نور الدين محمد ابراهيم محمد'),
('السابع', '7', '42286', 2, '2010', '19', 'القاهرة', '6', '7', '5.70م', '', 'يوسف ايهاب حسين سيد'),
('الثامن', '8', '44617', 2, '2010', '19', 'القاهرة', '6', '7', '5.64م', '', 'عمار عماد الدين يسن محمد'),
('0', '', '41644', 2, '2010', '3', 'السويس', '1', '7', '5.21م', '', 'خالد ايمن ابو شوشه خليل'),
('0', '', '40753', 2, '2009', '3', 'السويس', '1', '7', '5.10م', '', 'عبد العزيز محمود عبد العزيز على'),
('0', '', '41581', 2, '2009', '3', 'الدقهلية', '1', '7', '0', '', 'محمد السيد رافت السيد'),
('0', '', '41575', 2, '2010', '3', 'الدقهلية', '1', '7', '4.22م', '', 'زياد اسماعيل عبد المهيمن عبد الجواد'),
('0', '', '41577', 2, '2010', '3', 'الدقهلية', '1', '7', '4.76م', '', 'شريف اشرف حسانين الشنهاب'),
('0', '', '49221', 2, '2011', '3', 'الدقهلية', '1', '7', '4.64م', '', 'مصطفى كامل السيد على'),
('0', '', '41402', 2, '2009', '3', 'الوادى الجد', '1', '7', '4.94م', '', 'الحسين هيثم محمد علم الدين'),
('0', '', '41399', 2, '2009', '3', 'الوادى الجد', '1', '7', '4.11م', '', 'على محمد عبد الخالق حسن'),
('0', '', '41370', 2, '2010', '3', 'الاسماعيلية', '1', '7', '5.36م', '', 'احمد طارق محمود عبد القادر'),
('0', '', '47739', 2, '2009', '14', 'القاهرة', '1', '7', '0', '', 'عبد الرحمن رمضان انور ابو الحسن'),
('0', '', '42079', 2, '2010', '14', 'القاهرة', '1', '7', '4.97م', '', 'مالك سامح محمد محمود'),
('0', '', '42056', 2, '2009', '14', 'القاهرة', '1', '7', '5.49م', '', 'يوسف احمد السيد عبد العال'),
('0', '', '47126', 2, '2010', '33', 'الاسكندرية', '1', '7', '0', '', 'يس محمد مصطفى محمود'),
('0', '', '44486', 2, '2010', '33', 'الاسكندرية', '1', '7', '3.44م', '', 'على مصطفى احمد سامى'),
('0', '', '43951', 2, '2010', '8', 'الاسكندرية', '1', '7', '5.33م', '', 'على عبد السلام على عبد السلام'),
('0', '', '40424', 2, '2009', '8', 'الاسكندرية', '1', '7', '5.21م', '', 'معتز ادهم محمد عبد الحفيظ'),
('0', '', '47247', 2, '2010', '8', 'الاسكندرية', '1', '7', '5.30م', '', 'عمر محمد احمد هريدى'),
('0', '', '46337', 2, '2009', '48', 'الاقصر', '1', '7', '0', '', 'احمد النجار محمد يوسف'),
('0', '', '48143', 2, '2010', '49', 'الاقصر', '1', '7', '0', '', 'احمد إبراهيم عطيه حسين'),
('0', '', '48127', 2, '2009', '50', 'الاقصر', '1', '7', '4.30م', '', 'رمضان حسانى محمود'),
('0', '', '46360', 2, '2009', '51', 'الاقصر', '1', '7', '4.07م', '', 'يوسف احمد فراج حسين'),
('0', '', '42287', 2, '2009', '19', 'القاهرة', '1', '7', '4.57م', '', 'سيف شريف عبد المنعم كامل'),
('0', '', '43090', 2, '2009', '55', 'الجيزة', '1', '7', '5.13م', '', 'عمر محمد احمد محمد مصطفى'),
('0', '', '43095', 2, '2009', '55', 'الجيزة', '1', '7', '4.77م', '', 'امجد عزت مصطفى كمال محمد'),
('0', '', '45410', 2, '2010', '18', 'الاسكندرية', '1', '7', '4.90م', '', 'عمر ايمن سعيد عبد السلام'),
('0', '', '45858', 2, '2010', '9', 'بورسعيد', '1', '7', '5.15م', '', 'ادهم حسام السيد احمد'),
('0', '', '45509', 2, '2009', '10', 'الاسكندرية', '1', '7', '5.13م', '', 'عمر محمد سعد الدين محمد'),
('0', '', '49043', 2, '2009', '10', 'الاسكندرية', '1', '7', '0', '', 'محمد خالد حسن الدرديرى'),
('0', '', '44348', 2, '2009', '4', 'القاهرة', '1', '7', '5.27م', '', 'عبد الرحمن ابراهيم محمد محمد'),
('0', '', '48973', 2, '2009', '4', 'القاهرة', '1', '7', '5.44م', '', 'كريم احمد زكريا عبد الرحمن'),
('0', '', '49422', 2, '2010', '41', 'القاهرة', '1', '7', '3.38م', '', 'براء محمود احمد علي'),
('0', '', '46907', 2, '2010', '12', 'الجيزة', '1', '7', '4.90م', '', 'مروان عمر محمد محمد محمود'),
('0', '', '47971', 2, '2010', '20', 'القاهرة', '1', '7', '3.94م', '', 'اشرف حسام عبد الفتاح سليم'),
('الاول', '1', '46305', 2, '2009', '14', 'القاهرة', '6', '20', '13.68ث', '', 'يوسف وفيق محمد محمد'),
('الثاني', '2', '42102', 2, '2009', '14', 'القاهرة', '6', '20', '14.18ث', '', 'عبد الرحمن محمد محمود ثابت'),
('الثالث', '3', '41655', 2, '2009', '3', 'السويس', '6', '20', '14.37ث', '', 'يوسف حسين عيد محمد حسين'),
('الرابع', '4', '40175', 2, '2009', '21', 'القاهرة', '6', '20', '14.43ث', '', 'اسماعيل عمرو فتحى يس'),
('الخامس', '5', '42203', 2, '2010', '21', 'القاهرة', '6', '20', '14.45ث', '', 'حمزه احمد فؤاد عبد المنعم'),
('السادس', '6', '45041', 2, '2009', '47', 'الاسماعيلية', '6', '20', '14.50ث', '', 'عمر محمد مجدى رياض رستم'),
('السابع', '7', '41409', 2, '2009', '3', 'الوادى الجد', '6', '20', '14.79ث', '', 'عبد الله منصور خلف محمد'),
('0', '', '46875', 2, '2009', '10', 'الاسكندرية', '1', '15', '24.95ث', '', 'عبد الرحمن اشرف السيد محمود'),
('0', '', '46916', 2, '2010', '3', 'الشرقية', '1', '15', '25.53ث', '', 'على عبد الله عبد السميع محمد'),
('0', '', '44212', 2, '2010', '20', 'الجيزة', '1', '15', '25.83ث', '', 'مروان عبد الناصر محمد على'),
('0', '', '45816', 2, '2009', '12', 'القاهرة', '1', '15', '26.21ث', '', 'محمود طارق كمال عبد القوى'),
('0', '', '41652', 2, '2009', '3', 'السويس', '1', '15', '27.13ث', '', 'فؤاد محمد فؤاد محمد الطيب'),
('0', '', '46861', 2, '2009', '19', 'القاهرة', '1', '15', '27.97ث', '', 'بلال حسين مشهور شريف'),
('0', '', '44489', 2, '2010', '25', 'الاسكندرية', '1', '15', '32.27ث', '', 'سعيد احمد على يوسف'),
('0', '', '40750', 2, '2009', '42', 'السويس', '4', '15', '25.25ث', '', 'باسل هيثم رضا العنبرى'),
('0', '', '46241', 2, '2010', '20', 'القاهرة', '4', '15', '25.37ث', '', 'شهاب محمد سعيد محمد'),
('0', '', '44095', 2, '2009', '43', 'الجيزة', '4', '15', '25.60ث', '', 'معز الدين ايمن سليمان مدين'),
('0', '', '44228', 2, '2009', '17', 'السويس', '4', '15', '26.25ث', '', 'يوسف غريب عبد السميع سليم'),
('0', '', '49370', 2, '2009', '12', 'الجيزة', '4', '15', '26.68ث', '', 'يوسف محمود صبرى'),
('0', '', '46883', 2, '2009', '3', 'الوادى الجد', '4', '15', '26.79ث', '', 'عمر احمد حمدى عبد العال'),
('0', '', '41424', 2, '2010', '3', 'الشرقية', '4', '15', '27.18ث', '', 'عبد الهادى باسم الهادى مرسى'),
('الاول', '1', '41696', 2, '2009', '21', 'القاهرة', '6', '15', '23.69ث', '', 'محمد طارق وجدى ابو المعاطى'),
('الثاني', '2', '46917', 2, '2009', '3', 'الشرقية', '6', '15', '23.85ث', '', 'عمرو هانى محمود عبد العزيز'),
('الثالث', '3', '48956', 2, '2009', '14', 'القاهرة', '6', '15', '24.14ث', '', 'يوسف شريف محمد صلاح'),
('الرابع', '4', '42111', 2, '2009', '14', 'القاهرة', '6', '15', '24.18ث', '', 'محمد زكريا صلاح الدين عبد الفتاح'),
('الخامس', '5', '41721', 2, '2009', '15', 'القاهرة', '6', '15', '24.45ث', '', 'على محمد بدر حافظ صديق'),
('السادس', '6', '46875', 2, '2009', '10', 'الاسكندرية', '6', '15', '24.66ث', '', 'عبد الرحمن اشرف السيد محمود'),
('السابع', '7', '48956', 2, '2009', '14', 'القاهرة', '6', '15', '24.67ث', '', 'يوسف شريف محمد صلاح'),
('الثامن', '8', '40750', 2, '2009', '42', 'السويس', '6', '15', '24.83ث', '', 'باسل هيثم رضا العنبرى'),
('الاول', '1', '46235', 2, '2009', '20', 'القاهرة', '6', '16', '56.80م', '', 'يحيى خالد حلمى محمد'),
('الثاني', '2', '44546', 2, '2009', '12', 'الجيزة', '6', '16', '53.57م', '', 'مؤمن محمد احمد عبد اللطيف'),
('الثالث', '3', '45925', 2, '2010', '13', 'الاسكندرية', '6', '16', '51.22م', '', 'يوسف مخلص ابراهيم خليل'),
('الرابع', '4', '44576', 2, '2010', '9', 'بورسعيد', '6', '16', '42.72م', '', 'محمد شريف محمد شلبى'),
('الخامس', '5', '44562', 2, '2009', '10', 'الاسكندرية', '6', '16', '41.93م', '', 'على احمد محمد احمد'),
('السادس', '6', '49045', 2, '2009', '10', 'الاسكندرية', '6', '16', '40.48م', '', 'زياد هانى سيد حمزه عبد المعطى'),
('السابع', '7', '40429', 2, '2009', '8', 'الاسكندرية', '6', '16', '39.01م', '', 'عبد الرحمن عماد عادل محمود'),
('الثامن', '8', '43657', 2, '2011', '1', 'الاسكندرية', '6', '16', '38.41م', '', 'كريم مصطفى احمد رفعت'),
('الاول', '1', '41864', 2, '2009', '4', 'القاهرة', '6', '12', '4267 نقطة', '', 'محمود السيد محمد على'),
('الثاني', '2', '43141', 2, '2009', '14', 'القاهرة', '6', '12', '3752 نقطة', '', 'فارس حمدى سيد اسماعيل'),
('الثالث', '3', '42106', 2, '2010', '14', 'القاهرة', '6', '12', '3743 نقطة', '', 'على عبد الله جلال توفيق'),
('الرابع', '4', '47784', 2, '2009', '4', 'القاهرة', '6', '12', '3632 نقطة', '', 'احمد حماده عبد الغنى عبد الله'),
('الخامس', '5', '41580', 2, '2009', '3', 'الدقهلية', '6', '12', '3474 نقطة', '', 'عبد الله مصطفى رجب حسانين'),
('السادس', '6', '46918', 2, '2010', '3', 'الشرقية', '6', '12', '3286 نقطة', '', 'ادهم هانى سيد احمد'),
('السابع', '7', '41574', 2, '2010', '3', 'الدقهلية', '6', '12', '3160 نقطة', '', 'بلال محمد عبد القادر محمد'),
('الثامن', '8', '47738', 2, '2010', '14', 'القاهرة', '6', '12', '2908 نقطة', '', 'مازن مصطفى مبارك عبد الرازق'),
('التاسع', '9', '45120', 2, '2010', '3', 'بنى سويف', '6', '12', '2823 نقطة', '', 'حازم احمد رمضان عبد الحميد'),
('العاشر', '10', '41577', 2, '2010', '3', 'الدقهلية', '6', '12', '2367 نقطة', '', 'شريف اشرف حسانين الشنهاب'),
('الحادى عشر', '11', '49241', 2, '2010', '3', 'الشرقية', '6', '12', '2365 نقطة', '', 'احمد صفوت فوزى نور الدين'),
('الثاني عشر', '12', '45845', 2, '2010', '39', 'المنيا', '6', '12', '1862 نقطة', '', 'عمرو احمد عطفت امين'),
('الاول', '1', '41549', 2, '2009', '14', 'القاهرة', '6', '13', '4.00م', '', 'مهند محمد عصام على البدرى'),
('الثاني', '2', '40038', 2, '2009', '2', 'القاهرة', '6', '13', '4.00م', '', 'على الدين وائل ماهر زكى'),
('الثالث', '3', '40879', 2, '2010', '14', 'القاهرة', '6', '13', '3.60م', '', 'عبد الرحمن احمد طه رمضان'),
('الرابع', '4', '42256', 2, '2009', '1', 'الاسكندرية', '6', '13', '3.50م', '', 'ياسين ايهاب نبيل محمد'),
('الخامس', '5', '41578', 2, '2009', '3', 'الدقهلية', '6', '13', '3.40م', '', 'محمد سيف النصر علاق محمد'),
('السادس', '6', '49511', 2, '2009', '10', 'الاسكندرية', '6', '13', '2.90م', '', 'كريم هشام رافت الشناوى'),
('السابع', '7', '46034', 2, '2009', '26', 'الجيزة', '6', '13', '0', '', 'سلمان محمد محمد ابراهيم'),
('0', '', '41854', 2, '2009', '10', 'الاسكندرية', '5', '15', '25.66ث', '', 'مازن محمد حلمى طه'),
('0', '', '41405', 2, '2009', '3', 'الوادى الجد', '5', '15', '25.88ث', '', 'مؤمن هاشم راتب محمد'),
('0', '', '45138', 2, '2009', '43', 'الجيزة', '5', '15', '26.41ث', '', 'محمد موفق محمد عبد الحليم'),
('0', '', '48948', 2, '2010', '42', 'السويس', '5', '15', '28.00ث', '', 'احمد حسن طنطاوى احمد'),
('0', '', '42671', 2, '2010', '6', 'الدقهلية', '5', '15', '28.59ث', '', 'احمد محمد احمد مدحت'),
('0', '', '42575', 2, '2010', '20', 'القاهرة', '5', '15', '30.52ث', '', 'احمد محمد البدرى محمود'),
('0', '', '42111', 2, '2009', '14', 'القاهرة', '8', '15', '24.55ث', '', 'محمد زكريا صلاح الدين عبد الفتاح'),
('0', '', '45011', 2, '2009', '47', 'الاسماعيلية', '8', '15', '25.71ث', '', 'احمد تامر السيد عبد الرحيم'),
('0', '', '48947', 2, '2010', '42', 'السويس', '8', '15', '27.51ث', '', 'سفيان منعم محمد احمد'),
('0', '', '41680', 2, '2009', '20', 'القاهرة', '8', '15', '28.27ث', '', 'عمر محمد احمد مرزوق'),
('0', '', '49415', 2, '2010', '24', 'الاسكندرية', '8', '15', '29.35ث', '', 'اسر محمد محمود ابو زيد احمد'),
('0', '', '46074', 2, '2009', '14', 'القاهرة', '9', '15', '25.24ث', '', 'اسلام محمد محمد اسماعيل'),
('0', '', '42897', 2, '2010', '41', 'القاهرة', '9', '15', '25.85ث', '', 'عبد الله احمد حامد محمود'),
('0', '', '43800', 2, '2010', '28', 'القاهرة', '9', '15', '27.20ث', '', 'على محمد ابو الفتوح ابراهيم'),
('0', '', '47541', 2, '2009', '38', 'الجيزة', '9', '15', '27.52ث', '', 'اياد سمير السيد احمد'),
('0', '', '47156', 2, '2009', '13', 'الاسكندرية', '9', '15', '28.62ث', '', 'عبد الله احمد حسين امبابى'),
('0', '', '49413', 2, '2010', '24', 'الاسكندرية', '9', '15', '29.47ث', '', 'هارون محمد فتحى جابر عبد الله'),
('0', '', '48956', 2, '2009', '14', 'القاهرة', '3', '15', '25.21ث', '', 'يوسف شريف محمد صلاح'),
('0', '', '49322', 2, '2009', '41', 'القاهرة', '3', '15', '26.18ث', '', 'اسر ياسر سيد احمد محمد'),
('0', '', '43946', 2, '2010', '8', 'الاسكندرية', '3', '15', '26.92ث', '', 'رايان ياسر رجب عرفه'),
('0', '', '49417', 2, '2009', '24', 'الاسكندرية', '3', '15', '27.03ث', '', 'على عبد الرحمن على عبد العزيز محمد'),
('0', '', '49344', 2, '2010', '38', 'الجيزة', '3', '15', '27.76ث', '', 'يوساب صابر مكارى باسيلي جيد'),
('0', '', '49173', 2, '2009', '13', 'الاسكندرية', '3', '15', '28.09ث', '', 'عبد الله عبد اللطيف محمد'),
('0', '', '41696', 2, '2009', '21', 'القاهرة', '2', '15', '24.37ث', '', 'محمد طارق وجدى ابو المعاطى'),
('0', '', '46917', 2, '2009', '3', 'الشرقية', '2', '15', '24.40ث', '', 'عمرو هانى محمود عبد العزيز'),
('0', '', '41721', 2, '2009', '15', 'القاهرة', '2', '15', '24.90ث', '', 'على محمد بدر حافظ صديق'),
('0', '', '47097', 2, '2009', '1', 'الاسكندرية', '2', '15', '25.38ث', '', 'سيف الدين عمرو حسين السيد'),
('0', '', '48198', 2, '2010', '56', 'الفيوم', '2', '15', '26.81ث', '', 'يوسف عماد حمدى احمد'),
('0', '', '49418', 2, '2009', '24', 'الاسكندرية', '2', '15', '29.37ث', '', 'ادم محمد محمود محمد عبد المولى'),
('الاول', '1', '43826', 2, '2009', '14', 'القاهرة', '6', '14', '2.42.94ق', '', 'حمزه ايمن عبده صادق'),
('الثاني', '2', '47947', 2, '2010', '39', 'المنيا', '6', '14', '2.43.89ق', '', 'محمود محمد جمعه محمود'),
('الثالث', '3', '41858', 2, '2009', '4', 'القاهرة', '6', '14', '2.46.83ق', '', 'محمد محمود فتحى عبد الوهاب'),
('الرابع', '4', '41143', 2, '2009', '3', 'القليوبية', '6', '14', '2.47.88ق', '', 'احمد محمد محمد هندى محمد'),
('الخامس', '5', '46319', 2, '2010', '3', 'القليوبية', '6', '14', '2.50.82ق', '', 'يزيد علاء محمود عبد الجواد'),
('السادس', '6', '44568', 2, '2009', '10', 'الاسكندرية', '6', '14', '2.50.91ق', '', 'معاذ محمد معاذ محمد'),
('السابع', '7', '49416', 2, '2009', '24', 'الاسكندرية', '6', '14', '2.54.92ق', '', 'عبد الله نبيل محمد بيومي بكر'),
('الثامن', '8', '49414', 2, '2010', '24', 'الاسكندرية', '6', '14', '2.55.48ق', '', 'جمال محمد جمال محمد احمد'),
('0', '', '47214', 2, '2009', '23', 'الاسكندرية', '1', '14', '3.03.67ق', '', 'زياد على عبد العزيز على'),
('0', '', '41653', 2, '2009', '3', 'السويس', '1', '14', '3.04.00ق', '', 'اسام عبد اللطيف على بخيت'),
('0', '', '46694', 2, '2009', '52', 'الاقصر', '1', '14', '3.04.11ق', '', 'احمد مروان احمد لبيب'),
('0', '', '40444', 2, '2009', '23', 'الاسكندرية', '1', '14', '3.04.72ق', '', 'اشرف عبد الناصر عبد الهادى محمود'),
('0', '', '47024', 2, '2009', '18', 'الاسكندرية', '1', '14', '3.04.78ق', '', 'ادهم ابراهيم محمد ابراهيم'),
('0', '', '49218', 2, '2013', '33', 'الاسكندرية', '1', '14', '3.05.93ق', '', 'ياسين محمود سيد محمد'),
('0', '', '49423', 2, '2009', '41', 'القاهرة', '1', '14', '3.07.56ق', '', 'جاسر اشرف عبد العزيز'),
('0', '', '48985', 2, '2009', '4', 'القاهرة', '1', '14', '3.10.85ق', '', 'ابراهيم احمد ابراهيم عبد الحميد'),
('0', '', '49050', 2, '2009', '3', 'قنا', '1', '14', '3.13.15ق', '', 'احمد قريشى مبارك احمد'),
('0', '', '49051', 2, '2010', '3', 'قنا', '1', '14', '3.14.71ق', '', 'زكريا محمود عبد الجليل'),
('0', '', '47541', 2, '2009', '38', 'الجيزة', '1', '14', '3.17.89ق', '', 'اياد سمير السيد احمد'),
('0', '', '49210', 2, '2009', '27', 'الدقهلية', '1', '14', '3.19.64ق', '', 'ادم ابراهيم ابراهيم السيد'),
('0', '', '49176', 2, '2011', '13', 'الاسكندرية', '1', '14', '3.25.05ق', '', 'سيف النصر محمد سيف النصر'),
('0', '', '47119', 2, '2010', '33', 'الاسكندرية', '1', '14', '3.26.39ق', '', 'حسن محمد نصر سعد الدين'),
('0', '', '43947', 2, '2010', '8', 'الاسكندرية', '1', '14', '3.26.94ق', '', 'اياد ناصر ابراهيم سالم'),
('0', '', '46981', 2, '2010', '6', 'الدقهلية', '1', '14', '3.48.06ق', '', 'ابراهيم محمود ابراهيم احمد'),
('0', '', '47971', 2, '2010', '20', 'القاهرة', '1', '14', '3.49.68ق', '', 'اشرف حسام عبد الفتاح سليم'),
('0', '', '48138', 2, '2009', '20', 'القاهرة', '4', '14', '3.01.13ق', '', 'محمد رياض كمال الدين رياض'),
('0', '', '44875', 2, '2009', '14', 'القاهرة', '4', '14', '3.01.97ق', '', 'عبد الرحمن كمال على فهمى'),
('0', '', '49541', 2, '2009', '35', 'الفيوم', '4', '14', '3.02.18ق', '', 'محمد مصطفى مهدلى محمد'),
('0', '', '49539', 2, '2009', '35', 'الفيوم', '4', '14', '3.07.12ق', '', 'محمد عبد النبى محمد رمضان'),
('0', '', '45948', 2, '2009', '40', 'المنوفية', '4', '14', '3.07.76ق', '', 'محمود احمد ابراهيم عوض'),
('0', '', '41976', 2, '2009', '8', 'الاسكندرية', '4', '14', '3.14.97ق', '', 'محمد محمود نصر الدين رشاد'),
('0', '', '45667', 2, '2010', '8', 'الاسكندرية', '4', '14', '3.16.18ق', '', 'عبد الله محمد حسن مجاهد'),
('0', '', '49223', 2, '2011', '3', 'الدقهلية', '4', '14', '3.16.73ق', '', 'محمد مصطفى محمد شرف الدين'),
('0', '', '42942', 2, '2010', '8', 'الاسكندرية', '4', '14', '3.24.18ق', '', 'محمد أيمن عبد الدايم فتح الله'),
('0', '', '47969', 2, '2010', '20', 'القاهرة', '4', '14', '3.31.25ق', '', 'محمد شريف محمد محمد'),
('0', '', '47029', 2, '2009', '18', 'الاسكندرية', '4', '14', '3.33.92ق', '', 'عمر اسامه محمود ابو سيف'),
('0', '', '45960', 2, '2010', '7', 'القليوبية', '4', '14', '3.41.52ق', '', 'عمر امجد عبد الله احمد'),
('0', '', '49509', 2, '2009', '4', 'القاهرة', '4', '14', '4.05.04ق', '', 'محمد حسين بدرى عبد الحميد'),
('0', '', '47638', 2, '2010', '40', 'المنوفية', '5', '14', '3.01.87ق', '', 'يوسف عبد المنعم محمود'),
('0', '', '41341', 2, '2009', '3', 'القليوبية', '5', '14', '3.03.37ق', '', 'محمود محمد عبد الرؤوف عبد العزيز'),
('0', '', '43749', 2, '2009', '10', 'الاسكندرية', '5', '14', '3.04.79ق', '', 'ياسين محمد عبده على'),
('0', '', '47689', 2, '2010', '30', 'الغربية', '5', '14', '3.11.81ق', '', 'يوسف محمد محمد حامد'),
('0', '', '47019', 2, '2009', '40', 'المنوفية', '5', '14', '3.12.19ق', '', 'ياسين رمضان شعبان المسلمانى'),
('0', '', '41649', 2, '2009', '3', 'السويس', '5', '14', '3.14.03ق', '', 'معتز بالله محمد محمد شوقى'),
('0', '', '49495', 2, '2010', '19', 'القاهرة', '5', '14', '3.16.97ق', '', 'يوسف احمد فؤاد محمد'),
('0', '', '45929', 2, '2009', '13', 'الاسكندرية', '5', '14', '3.17.62ق', '', 'يحيى مصطفى عبده محمد'),
('0', '', '49413', 2, '2010', '24', 'الاسكندرية', '5', '14', '3.18.90ق', '', 'هارون محمد فتحى جابر عبد الله'),
('0', '', '49212', 2, '2011', '33', 'الاسكندرية', '5', '14', '3.26.60ق', '', 'ياسين احمد على ابواليزيد'),
('0', '', '48198', 2, '2010', '56', 'الفيوم', '5', '14', '3.27.82ق', '', 'يوسف عماد حمدى احمد'),
('0', '', '43897', 2, '2010', '6', 'الدقهلية', '5', '14', '3.38.75ق', '', 'يوسف احمد انيس السيد'),
('0', '', '47967', 1, '2010', '20', 'القاهرة', '5', '14', '3.40.47ق', '', 'يوسف محمد إبراهيم عبد الحميد'),
('0', '', '48136', 2, '2010', '13', 'الاسكندرية', '5', '14', '3.43.61ق', '', 'يونس يوسف ابراهيم عباس'),
('0', '', '49344', 2, '2010', '38', 'الجيزة', '5', '14', '3.56.31ق', '', 'يوساب صابر مكارى باسيلي جيد'),
('0', '', '41650', 2, '2009', '3', 'السويس', '5', '14', 'DNF', '', 'يوسف محمد بدرى محمود'),
('0', '', '44569', 2, '2010', '10', 'الاسكندرية', '5', '14', 'DNF', '', 'يوسف مصطفى عبد المنعم محمد'),
('0', '', '44973', 2, '2009', '39', 'المنيا', '4', '14', 'DNF', '', 'عبد الرحمن محمد خيرى محمد'),
('0', '', '41630', 2, '2009', '3', 'الاقصر', '4', '14', 'DNF', '', 'محمد ابو الحسن شاذلى عبد المنعم'),
('0', '', '49211', 2, '2011', '33', 'الاسكندرية', '4', '14', 'DNF', '', 'عمار محمد عبدالحميد زيدان'),
('الاول', '1', '40439', 1, '2009', '8', 'الاسكندرية', '6', '21', '1.45.91ق', '', 'جيداء اسامه مرسى عبد الله'),
('الاول', '1', '40424', 2, '2009', '8', 'الاسكندرية', '6', '21', '1.45.91ق', '', 'معتز ادهم محمد عبد الحفيظ'),
('الاول', '1', '45638', 1, '2009', '8', 'الاسكندرية', '6', '21', '1.45.91ق', '', 'امال عصام صابر سيف النصر'),
('الاول', '1', '44555', 2, '2009', '8', 'الاسكندرية', '6', '21', '1.45.91ق', '', 'كريم احمد ضياء الدين محمد'),
('الثاني', '2', '40269', 1, '2009', '1', 'الاسكندرية', '6', '21', '1.48.24ق', '', 'جودى على عبد النبى على'),
('الثاني', '2', '42258', 2, '2009', '1', 'الاسكندرية', '6', '21', '1.48.24ق', '', 'عبد الله كريم محمد محمود'),
('الثاني', '2', '45290', 1, '2009', '1', 'الاسكندرية', '6', '21', '1.48.24ق', '', 'نوارى طارق مصطفى محمد وهيبه'),
('الثاني', '2', '47097', 2, '2009', '1', 'الاسكندرية', '6', '21', '1.48.24ق', '', 'سيف الدين عمرو حسين السيد'),
('الثالث', '3', '41503', 1, '2010', '14', 'القاهرة', '6', '21', '1.48.61ق', '', 'تمارا ايهاب حسين السيد'),
('الثالث', '3', '46077', 2, '2010', '14', 'القاهرة', '6', '21', '1.48.61ق', '', 'حسن محسن حسن محسن'),
('الثالث', '3', '49084', 1, '2009', '14', 'القاهرة', '6', '21', '1.48.61ق', '', 'ريم وليد عبد السلام مصطفى'),
('الثالث', '3', '42102', 2, '2009', '14', 'القاهرة', '6', '21', '1.48.61ق', '', 'عبد الرحمن محمد محمود ثابت'),
('الرابع', '4', '40133', 1, '2009', '28', 'القاهرة', '6', '21', '1.51.99ق', '', 'فاطمه طارق صديق عبد الله'),
('الرابع', '4', '40123', 2, '2009', '28', 'القاهرة', '6', '21', '1.51.99ق', '', 'ياسين محسن احمد مصطفى'),
('الرابع', '4', '42750', 1, '2010', '28', 'القاهرة', '6', '21', '1.51.99ق', '', 'ملك سامى حسن بخيت'),
('الرابع', '4', '44789', 2, '2010', '28', 'القاهرة', '6', '21', '1.51.99ق', '', 'سيف جمال عبد المنعم عبد الباسط'),
('الخامس', '5', '45517', 1, '2010', '10', 'الاسكندرية', '6', '21', '1.53.25ق', '', 'ملك محمود السيد محمود'),
('الخامس', '5', '49046', 2, '2010', '10', 'الاسكندرية', '6', '21', '1.53.25ق', '', 'عمر اشرف عبد اللطيف'),
('الخامس', '5', '45519', 1, '2009', '10', 'الاسكندرية', '6', '21', '1.53.25ق', '', 'هانا عمرو احمد السيد'),
('الخامس', '5', '42619', 2, '2009', '10', 'الاسكندرية', '6', '21', '1.53.25ق', '', 'نور الدين محمد ابراهيم محمد'),
('السادس', '6', '41449', 1, '2010', '12', 'الجيزة', '6', '21', '1.53.65ق', '', 'ملك احمد جمال الدين'),
('السادس', '6', '45816', 2, '2009', '12', 'القاهرة', '6', '21', '1.53.65ق', '', 'محمود طارق كمال عبد القوى'),
('السادس', '6', '46359', 1, '2011', '12', 'الجيزة', '6', '21', '1.53.65ق', '', 'خديجه محمد عبد الغنى'),
('السادس', '6', '49370', 2, '2009', '12', 'الجيزة', '6', '21', '1.53.65ق', '', 'يوسف محمود صبرى'),
('السابع', '7', '43203', 1, '2010', '23', 'الاسكندرية', '6', '21', '2.01.38ق', '', 'نور عمرو على ابراهيم'),
('السابع', '7', '46322', 2, '2009', '23', 'الاسكندرية', '6', '21', '2.01.38ق', '', 'محمد خالد احمد رفعت'),
('السابع', '7', '43202', 1, '2010', '23', 'الاسكندرية', '6', '21', '2.01.38ق', '', 'جودى وليد محمد ابراهيم'),
('السابع', '7', '46325', 2, '2009', '23', 'الاسكندرية', '6', '21', '2.01.38ق', '', 'سيف تامر السيد ابراهيم'),
('الاول', '1', '44512', 2, '2009', '14', 'القاهرة', '6', '4', '1.95م', '', 'عبد الرحمن محمد عبد الحليم على'),
('الثاني', '2', '46422', 2, '2009', '41', 'القاهرة', '6', '4', '1.89م', '', 'زين رزق عبد ربه رزق'),
('الثالث', '3', '41325', 2, '2009', '28', 'القاهرة', '6', '4', '1.77م', '', 'حسام ياسر سعيد محمد'),
('الرابع', '4', '42290', 2, '2010', '19', 'القاهرة', '6', '4', '1.77م', '', 'هادى محمد عبد الهادى محمد'),
('الخامس', '5', '44511', 2, '2009', '14', 'القاهرة', '6', '4', '1.74م', '', 'احمد محمد ذكى محمد'),
('السادس', '6', '43090', 2, '2009', '55', 'الجيزة', '6', '4', '1.74م', '', 'عمر محمد احمد محمد مصطفى'),
('السابع', '7', '42106', 2, '2010', '14', 'القاهرة', '6', '4', '1.71م', '', 'على عبد الله جلال توفيق'),
('الثامن', '8', '40123', 2, '2009', '28', 'القاهرة', '6', '4', '1.68م', '', 'ياسين محسن احمد مصطفى'),
('الاول', '1', '48956', 2, '2009', '14', 'القاهرة', '6', '17', '1.38.02ق', '', 'يوسف شريف محمد صلاح'),
('الاول', '1', '42111', 2, '2009', '14', 'القاهرة', '6', '17', '1.38.02ق', '', 'محمد زكريا صلاح الدين عبد الفتاح'),
('الاول', '1', '40876', 2, '2009', '14', 'القاهرة', '6', '17', '1.38.02ق', '', 'ادهم شريف عمر ريان'),
('الاول', '1', '46074', 2, '2009', '14', 'القاهرة', '6', '17', '1.38.02ق', '', 'اسلام محمد محمد اسماعيل'),
('الثاني', '2', '41854', 2, '2009', '10', 'الاسكندرية', '6', '17', '1.40.94ق', '', 'مازن محمد حلمى طه'),
('الثاني', '2', '42657', 2, '2009', '10', 'الاسكندرية', '6', '17', '1.40.94ق', '', 'عمر اسلام فتحى عبد الحميد'),
('الثاني', '2', '44568', 2, '2009', '10', 'الاسكندرية', '6', '17', '1.40.94ق', '', 'معاذ محمد معاذ محمد'),
('الثاني', '2', '46875', 2, '2009', '10', 'الاسكندرية', '6', '17', '1.40.94ق', '', 'عبد الرحمن اشرف السيد محمود'),
('الثالث', '3', '46916', 2, '2010', '3', 'الشرقية', '6', '17', '1.41.05ق', '', 'على عبد الله عبد السميع محمد'),
('الثالث', '3', '49242', 2, '2010', '3', 'الشرقية', '6', '17', '1.41.05ق', '', 'محمد احمد عاطف عبد النبى'),
('الثالث', '3', '41428', 2, '2011', '3', 'الشرقية', '6', '17', '1.41.05ق', '', 'عمر محمود عبد العظيم عبد الرؤف'),
('الثالث', '3', '46917', 2, '2009', '3', 'الشرقية', '6', '17', '1.41.05ق', '', 'عمرو هانى محمود عبد العزيز'),
('الرابع', '4', '41325', 2, '2009', '28', 'القاهرة', '6', '17', '1.43.91ق', '', 'حسام ياسر سعيد محمد'),
('الرابع', '4', '48793', 2, '2009', '28', 'القاهرة', '6', '17', '1.43.91ق', '', 'مؤمن هانى محمد الحفنى'),
('الرابع', '4', '43800', 2, '2010', '28', 'القاهرة', '6', '17', '1.43.91ق', '', 'على محمد ابو الفتوح ابراهيم'),
('الرابع', '4', '40131', 2, '2009', '28', 'القاهرة', '6', '17', '1.43.91ق', '', 'مروان احمد محمود عباس'),
('الخامس', '5', '43946', 2, '2010', '8', 'الاسكندرية', '6', '17', '1.44.15ق', '', 'رايان ياسر رجب عرفه'),
('الخامس', '5', '43086', 2, '2009', '8', 'الاسكندرية', '6', '17', '1.44.15ق', '', 'محمد السعيد محمد محمد'),
('الخامس', '5', '43951', 2, '2010', '8', 'الاسكندرية', '6', '17', '1.44.15ق', '', 'على عبد السلام على عبد السلام'),
('الخامس', '5', '43950', 2, '2009', '8', 'الاسكندرية', '6', '17', '1.44.15ق', '', 'تيم الله احمد محمد عبد الجواد'),
('السادس', '6', '44212', 2, '2010', '20', 'الجيزة', '6', '17', '1.45.72ق', '', 'مروان عبد الناصر محمد على'),
('السادس', '6', '41680', 2, '2009', '20', 'القاهرة', '6', '17', '1.45.72ق', '', 'عمر محمد احمد مرزوق'),
('السادس', '6', '46249', 2, '2009', '20', 'القاهرة', '6', '17', '1.45.72ق', '', 'محمد احمد محمد محمد'),
('السادس', '6', '46241', 2, '2010', '20', 'القاهرة', '6', '17', '1.45.72ق', '', 'شهاب محمد سعيد محمد'),
('السابع', '7', '49056', 2, '2009', '3', 'قنا', '6', '17', '1.51.35ق', '', 'انس ممدوح محمد امبابى'),
('السابع', '7', '48991', 2, '2009', '3', 'قنا', '6', '17', '1.51.35ق', '', 'على كرم احمد ابراهيم'),
('السابع', '7', '48994', 2, '2009', '3', 'قنا', '6', '17', '1.51.35ق', '', 'يوسف وحيد احمد وزيرى'),
('السابع', '7', '49052', 2, '2009', '3', 'قنا', '6', '17', '1.51.35ق', '', 'هشام قناوى همام فهيم'),
('0', '', '45412', 2, '2009', '18', 'الاسكندرية', '1', '4', '1.60م', '', 'محمد رضا عوض زاهر'),
('0', '', '47093', 2, '2009', '1', 'الاسكندرية', '1', '4', '1.68م', '', 'عمر كريم سمير عبد الحميد'),
('0', '', '43175', 2, '2010', '10', 'الاسكندرية', '1', '4', '0', '', 'احمد عبد العزيز ابراهيم محمد'),
('0', '', '42207', 2, '2010', '21', 'القاهرة', '1', '4', '1.65م', '', 'اسر امير ممدوح عبد الحميد'),
('0', '', '41586', 2, '2009', '20', 'القاهرة', '1', '4', 'انحساب اصا', '', 'احمد ربيع سالم حسين'),
('0', '', '45282', 2, '2009', '1', 'الاسكندرية', '1', '4', '1.50م', '', 'عمر شريف فتحى رمضان مرسى'),
('0', '', '48899', 2, '2010', '14', 'القاهرة', '1', '4', '1.65م', '', 'مازن سعيد حسن شبانه'),
('0', '', '43619', 2, '2009', '28', 'القاهرة', '1', '4', '1.55م', '', 'عمر ابراهيم عبد النبى عبد السميع'),
('0', '', '43090', 2, '2009', '55', 'الجيزة', '1', '4', '0', '', 'عمر محمد احمد محمد مصطفى'),
('0', '', '44511', 2, '2009', '14', 'القاهرة', '1', '4', '0', '', 'احمد محمد ذكى محمد'),
('الاول', '1', '42878', 2, '2010', '14', 'القاهرة', '6', '18', '62.31م', '', 'محمد سمير اسماعيل عبد الغنى'),
('الثاني', '2', '49492', 2, '2010', '19', 'القاهرة', '6', '18', '58.87م', '', 'محمد رمضان عبد السلام خميس'),
('الثالث', '3', '44976', 2, '2010', '14', 'القاهرة', '6', '18', '53.36م', '', 'يوسف سيد شحات سيد صالح');

-- --------------------------------------------------------

--
-- بنية الجدول `events`
--

CREATE TABLE `events` (
  `events_id` int(11) NOT NULL,
  `events` text NOT NULL
) ENGINE=InnoDB DEFAULT CHARSET=utf8mb4 COLLATE=utf8mb4_general_ci;

--
-- إرجاع أو استيراد بيانات الجدول `events`
--

INSERT INTO `events` (`events_id`, `events`) VALUES
(1, 'دفع الجله'),
(2, '80م'),
(3, '200م ح'),
(4, 'وثب عالى'),
(5, 'رمى رمح'),
(6, '2000م'),
(7, 'وثب طويل'),
(8, 'تتابع 4×75م'),
(9, '3000م مشى'),
(10, '1500م م'),
(11, '80م ح'),
(12, 'المركب'),
(13, 'القفز بالزانه'),
(14, '1000م'),
(15, '200م'),
(16, 'رمى القرص'),
(17, 'تتابع4×200م'),
(18, 'اطاحة المطرقه'),
(19, 'تتابع4×75م مختلط'),
(20, '100م ح'),
(21, 'تتابع4×200م مختلط');

-- --------------------------------------------------------

--
-- بنية الجدول `het`
--

CREATE TABLE `het` (
  `het_id` int(11) NOT NULL,
  `het_name` text NOT NULL
) ENGINE=InnoDB DEFAULT CHARSET=utf8mb4 COLLATE=utf8mb4_general_ci;

--
-- إرجاع أو استيراد بيانات الجدول `het`
--

INSERT INTO `het` (`het_id`, `het_name`) VALUES
(6, 'نهائى'),
(1, 'ت1'),
(2, 'ت7'),
(3, 'ت6'),
(4, 'ت2'),
(5, 'ت3'),
(7, 'ت8'),
(8, 'ت4'),
(9, 'ت5'),
(10, 'الذين لهم حق الدخول'),
(11, 'ت9');

-- --------------------------------------------------------

--
-- بنية الجدول `players`
--

CREATE TABLE `players` (
  `player_id` int(10) NOT NULL,
  `name` text NOT NULL
) ENGINE=InnoDB DEFAULT CHARSET=utf8mb4 COLLATE=utf8mb4_general_ci;

--
-- إرجاع أو استيراد بيانات الجدول `players`
--

INSERT INTO `players` (`player_id`, `name`) VALUES
(41658, 'الاء تامر السيد عبده بلال'),
(41289, 'تريم ايهاب محمد فريد'),
(41334, 'جنه صليح صليح عامر'),
(41102, 'مى محمد على محمد'),
(42356, 'مريم امجد محمد زلط'),
(39017, 'سنا اسلام محمد احمد'),
(44911, 'ملك محمد عبد العزيز عبد السلام'),
(42491, 'هاجر عباس محمد فهمى'),
(41646, 'حلا احمد سليمان السيد'),
(44874, 'رحمه محمد حسنى مصطفى محمود'),
(44911, 'ملك محمد عبد العزيز عبد السلام'),
(49235, 'عزه محمود محسن السيد'),
(49236, 'مريم سامح محمد محمد'),
(45958, 'نور نبيل جاد الرب على'),
(45962, 'ميار باسم سيد مدبولى'),
(42133, 'لامار محمد محمد محمد'),
(46543, 'ليله احمد شوقى عبد العال رشوان'),
(43689, 'اسيل سامح يوسف محمد'),
(47118, 'هنا محمد احمد ابو الفتح'),
(47108, 'هند احمد مصطفى السعيد'),
(43643, 'مريم احمد نبيل توفيق'),
(42250, 'فريده عمرو على محمد'),
(42160, 'جميله محمد صلاح منصور'),
(46356, 'ليلى هشام عبد الوهاب'),
(49496, 'بسمله على عبد الغنى على'),
(46344, 'زينب مصطفى محمد'),
(41289, 'تريم ايهاب محمد فريد'),
(43991, 'اسما هيثم محمد عرفه'),
(47170, 'بيرى رومل اسحق وهبه'),
(43060, 'روان رضا محمد عبد الحميد'),
(46355, 'ريتاج السيد محمد على'),
(43865, 'لوجين حمدى محمود بدوى'),
(47648, 'سميه ابو بكر قرنى حمد'),
(44233, 'غنا محمد مصطفى عبد الرؤوف'),
(48785, 'لانا شادى مصطفى كامل'),
(46425, 'سما سامح السيد ابراهيم'),
(40291, 'هنا عمرو محمد ماهر'),
(46854, 'ريناد اسامه عبد المؤمن عبد التواب'),
(42327, 'حنين خالد احمد جلال'),
(42610, 'هدى محمد مصطفى عليوه مصطفى'),
(43708, 'حبيبه هشام سعيد ابراهيم'),
(47965, 'فريده مصطفى فاروق طه'),
(45265, 'ملك محمد محمد عبد العزيز'),
(44571, 'ليلى اسلام مصطفى محمد'),
(40082, 'ليله محمد محمد نبيل'),
(47101, 'لارا محمد شعبان عبد المحسن'),
(42104, 'ميرنا حسام محمد امين'),
(45273, 'لينا اسامة احمد ابراهيم'),
(49491, 'فريده احمد على فهمى'),
(41449, 'ملك احمد جمال الدين'),
(46383, 'جومانه حسام الدين سعد محمد'),
(43764, 'غزل مؤمن حسن محمود'),
(41051, 'يارا ياسر خميس محمود'),
(44872, 'ساره يوسف محمد على عبد الله'),
(45848, 'ملك احمد عبد الجواد محمد'),
(43250, 'سلمى هشام مصطفى تمام'),
(40039, 'سوار سارى سعيد صلاح'),
(47296, 'سندس محمد احمد خليل'),
(42232, 'مريم شريف محمد رمزى'),
(46112, 'مريم محمد بكار محمد محمد'),
(41492, 'جنى محمد ابراهيم يسرى'),
(40875, 'جودى علاء حسن محمد حموده'),
(45517, 'ملك محمود السيد محمود'),
(49331, 'جنى محمد مصطفى محمد جاد'),
(42205, 'مريم محمد عبد الحميد احمد'),
(43243, 'نور سامح رشاد عبد الله'),
(42503, 'راما محمد مصطفى كمال على'),
(41331, 'نورهان كمال محمد احمد'),
(44847, 'هنا محمد وجيه زكى'),
(40571, 'فرح احمد عبد الفتاح يحيى'),
(42603, 'فريده طارق فهيم محمد عبد الحميد'),
(43203, 'نور عمرو على ابراهيم'),
(43241, 'جودى هشام زكريا اسماعيل'),
(47105, 'هاجر اسلام احمد مرسى'),
(42922, 'سلمى رحيم فاروق رياض'),
(38925, 'منه ادريس مصرى محمد'),
(45405, 'لى لى كريم محمد محمد'),
(49270, 'ليلى يحى حسن صفوت'),
(49512, 'ملك محمد احمد سمير'),
(43252, 'حلا تامر حماد محمد'),
(49412, 'ندى ثروت محمد محمد سيد'),
(43072, 'ريم محمد سليمان حسن'),
(41990, 'رقيه ياسر ابراهيم عبد الحليم'),
(41503, 'تمارا ايهاب حسين السيد'),
(45290, 'نوارى طارق مصطفى محمد وهيبه'),
(49411, 'فريده معروف احمد محمد حسين'),
(40439, 'جيداء اسامه مرسى عبد الله'),
(44003, 'عاليا وائل محمد سمير'),
(49510, 'رقيه حسن يوسف محمد'),
(42341, 'ريتاج السندى حسين عبد الحكيم'),
(44678, 'شهد ايمن محمد عبد النبى'),
(44913, 'حلا ياسر محمد فرج'),
(42100, 'حبيبه عمرو قمر عبد المنعم'),
(43398, 'بسمله اشرف فكرى محمود'),
(41442, 'يارا محمد عاطف عبد الحميد'),
(42605, 'سما محمد مسعد محمد قنديل'),
(38476, 'جودى نادر على سالم'),
(47329, 'جودى محمد عبد العال غيطانى'),
(40809, 'فريده احمد ثابت محمود'),
(43764, 'غزل مؤمن حسن محمود'),
(41331, 'نورهان كمال محمد احمد'),
(40082, 'ليله محمد محمد نبيل'),
(44847, 'هنا محمد وجيه زكى'),
(41051, 'يارا ياسر خميس محمود'),
(40571, 'فرح احمد عبد الفتاح يحيى'),
(45290, 'نوارى طارق مصطفى محمد وهيبه'),
(46112, 'مريم محمد بكار محمد محمد'),
(43398, 'بسمله اشرف فكرى محمود'),
(38476, 'جودى نادر على سالم'),
(47329, 'جودى محمد عبد العال غيطانى'),
(40809, 'فريده احمد ثابت محمود'),
(42508, 'رقيه محمود اسامه محمد'),
(46425, 'سما سامح السيد ابراهيم'),
(44249, 'ملك مصطفى محمد حنفى'),
(44913, 'حلا ياسر محمد فرج'),
(42100, 'حبيبه عمرو قمر عبد المنعم'),
(41442, 'يارا محمد عاطف عبد الحميد'),
(42602, 'حبيبه محمود وحيد عبد العزيز'),
(48785, 'لانا شادى مصطفى كامل'),
(48077, 'ميانا محمد فكرى توفيق'),
(42076, 'زينه شريف على محمود'),
(42249, 'عليا احمد صلاح عبد المجيد'),
(44561, 'كرمه محمد عادل عبد الحميد'),
(45248, 'ندى احمد محمود خضر خضر عبده'),
(40130, 'سلمى حسام الدين محمد ابو الحديد'),
(42812, 'جودى احمد مصطفى سعد'),
(42773, 'حبيبه ياسر ربيع هوى ابراهيم'),
(40223, 'ليلى ياسر احمد محمد جوده'),
(42750, 'ملك سامى حسن بخيت'),
(42270, 'رهف اشرف مصطفى محمد'),
(42621, 'ريماس هيثم عادل عبد العظيم'),
(43852, 'لمى عماد ابراهيم الدسوقى'),
(40823, 'جنى عمرو احمد محمد الباهى'),
(41102, 'مى محمد على محمد'),
(42250, 'فريده عمرو على محمد'),
(42044, 'ايسن احمد عبد العليم خلف الله'),
(49016, 'هنا مصطفى محمد فوزى محمد'),
(49232, 'تمار محمد ابراهيم عبدالحميد'),
(44913, 'حلا ياسر محمد فرج'),
(42100, 'حبيبه عمرو قمر عبد المنعم'),
(43398, 'بسمله اشرف فكرى محمود'),
(38476, 'جودى نادر على سالم'),
(41442, 'يارا محمد عاطف عبد الحميد'),
(47329, 'جودى محمد عبد العال غيطانى'),
(42605, 'سما محمد مسعد محمد قنديل'),
(40809, 'فريده احمد ثابت محمود'),
(48961, 'شهد عادل عبده مصطفى'),
(35878, 'جودى سامح محمد نجيب'),
(49493, 'حنين محمد حمدى السعيد'),
(49084, 'ريم وليد عبد السلام مصطفى'),
(48444, 'سلمى شريف إبراهيم باز'),
(44920, 'جودى محمد مجدى عليوه'),
(44262, 'زينب الحسن الوردانى طاهر'),
(48110, 'زينب عثمان جابر عثمان'),
(44480, 'مايا محمد سيد حسن'),
(49328, 'جودى محمد حامد محمد'),
(48954, 'ريتاج مصطفى جمال الدين سالم'),
(49545, 'نور وليد انور على'),
(44578, 'رانيا السيد محمد عطيه'),
(44374, 'اشرقت محمود نصر الله محمد'),
(38292, 'ياسمين سلامه فتحى زيدان'),
(42717, 'هدير صلاح نجدى رضوان'),
(46819, 'اسلام رمضان خفاجى محمد منصور'),
(44156, 'اسينات احمد محمد السيد'),
(49232, 'تمار محمد ابراهيم عبدالحميد'),
(43048, 'سلمى احمد خالد'),
(41363, 'ساجده محمد عثمان احمد'),
(41369, 'رهف ايهاب محمد سليمان محمد'),
(45958, 'نور نبيل جاد الرب على'),
(43072, 'ريم محمد سليمان حسن'),
(47118, 'هنا محمد احمد ابو الفتح'),
(47108, 'هند احمد مصطفى السعيد'),
(45263, 'جنا عبد المنعم محمد محمد هاشم جبيب'),
(40823, 'جنى عمرو احمد محمد الباهى'),
(49005, 'مريم مصطفى احمد'),
(48982, 'كرمه عبد المجيد مؤنس'),
(41102, 'مى محمد على محمد'),
(49102, 'همسه عصام حسين محمد'),
(40435, 'شهد وليد مساح ابو المجد على'),
(41645, 'راما بخيت ابراهيم عبد النعيم'),
(41331, 'نورهان كمال محمد احمد'),
(40569, 'مريم محمود مصطفى احمد'),
(45638, 'امال عصام صابر سيف النصر'),
(40571, 'فرح احمد عبد الفتاح يحيى'),
(46886, 'جودى على عبد المنعم منصف'),
(43070, 'الما حسام محمد احمد'),
(41646, 'حلا احمد سليمان السيد'),
(47296, 'سندس محمد احمد خليل'),
(41337, 'نادين احمد عيسى ابو المجد'),
(49236, 'مريم سامح محمد محمد'),
(46112, 'مريم محمد بكار محمد محمد'),
(47732, 'جويريه ايمن مصطفى ابو المحاسن'),
(41981, 'سلمى محمد كامل محمد'),
(49215, 'كنده عبدالمطلب محمد رمضان'),
(40434, 'فريده حسام محمد توفيق'),
(40438, 'ايه اشرف فؤاد عبد السيد'),
(43243, 'نور سامح رشاد عبد الله'),
(48077, 'ميانا محمد فكرى توفيق'),
(43069, 'ملك محمد فاروق ابراهيم'),
(45848, 'ملك احمد عبد الجواد محمد'),
(46355, 'ريتاج السيد محمد على'),
(44564, 'حبيبه تامر سعد السيد'),
(49017, 'زينه عمرو ثروت احمد محمود'),
(43750, 'فرح احمد عطا الله على'),
(49023, 'منه الله محمود داهش'),
(42606, 'فريده محمد حمدى محمود'),
(48970, 'حبيبه احمد عبد العزيز حسن'),
(48964, 'لميس هانى محمد محمد'),
(42481, 'لينه محمود مصطفى احمد'),
(44571, 'ليلى اسلام مصطفى محمد'),
(43196, 'جودى احمد محمود عبد الراضى'),
(49168, 'اروى احمد محمد عبد القادر'),
(45850, 'لارا هيثم محمد عيد حنفى'),
(43213, 'سما السيد فاروق السيد'),
(42864, 'ساره احمد رضوان احمد'),
(49171, 'اسماء عصام عبد النعيم عبد اللطيف'),
(43203, 'نور عمرو على ابراهيم'),
(45847, 'منه الله السيد احمد عباس'),
(42709, 'ردينه محمد عبد الفتح'),
(46780, 'عبير جمعه مصطفى خليل'),
(49014, 'سلمى عمرو احمد حامد سماحه'),
(46874, 'رغد عبد المنعم حسن عبد المنعم'),
(42603, 'فريده طارق فهيم محمد عبد الحميد'),
(42608, 'عائشة عبد المحسن مخيم مرسى'),
(42610, 'هدى محمد مصطفى عليوه مصطفى'),
(40082, 'ليله محمد محمد نبيل'),
(43470, 'ايه احمد محسن غريب'),
(42609, 'لينا خالد على محمد'),
(49011, 'حسنه تامر ابراهيم محمود'),
(45520, 'رقيه ميسره محمود محمد شراقى'),
(45638, 'امال عصام صابر سيف النصر'),
(40438, 'ايه اشرف فؤاد عبد السيد'),
(40434, 'فريده حسام محمد توفيق'),
(40435, 'شهد وليد مساح ابو المجد على'),
(43252, 'حلا تامر حماد محمد'),
(43250, 'سلمى هشام مصطفى تمام'),
(43243, 'نور سامح رشاد عبد الله'),
(49491, 'فريده احمد على فهمى'),
(48785, 'لانا شادى مصطفى كامل'),
(45405, 'لى لى كريم محمد محمد'),
(42508, 'رقيه محمود اسامه محمد'),
(45285, 'جنى محمد مصطفى شحاته'),
(42232, 'مريم شريف محمد رمزى'),
(44003, 'عاليا وائل محمد سمير'),
(49270, 'ليلى يحى حسن صفوت'),
(42205, 'مريم محمد عبد الحميد احمد'),
(46112, 'مريم محمد بكار محمد محمد'),
(43060, 'روان رضا محمد عبد الحميد'),
(46854, 'ريناد اسامه عبد المؤمن عبد التواب'),
(43764, 'غزل مؤمن حسن محمود'),
(48113, 'سجى فهد مصطفى النحاس'),
(42752, 'ياسمين عمرو صلاح محمود'),
(44334, 'جنى طارق طلعت عبد المجيد'),
(42693, 'ريسان احمد محمد احمد'),
(47522, 'جومانه حسام سمير عز الدين'),
(47546, 'حبيبه احمد حسن عثمان'),
(47554, 'جومانه احمد ضاحى كبر'),
(42748, 'رودينا خالد عبد المنعم محمد'),
(46138, 'عائشه السيد على محمد عجينه'),
(42773, 'حبيبه ياسر ربيع هوى ابراهيم'),
(44252, 'وفاء طه على ابراهيم'),
(38431, 'بسنت صلاح محمد'),
(47746, 'فاطمه على عبد المنعم على'),
(40877, 'رحمه محمد احمد محمود'),
(42763, 'يارا عمرو صلاح محمود'),
(48113, 'سجى فهد مصطفى النحاس'),
(42752, 'ياسمين عمرو صلاح محمود'),
(44334, 'جنى طارق طلعت عبد المجيد'),
(42693, 'ريسان احمد محمد احمد'),
(47522, 'جومانه حسام سمير عز الدين'),
(47546, 'حبيبه احمد حسن عثمان'),
(47554, 'جومانه احمد ضاحى كبر'),
(42748, 'رودينا خالد عبد المنعم محمد'),
(46144, 'الاء محمد احمد رضا محمد'),
(48746, 'ليلى اسامة عدلى امين'),
(47494, 'نيلى كريم جمال سعد الدين'),
(48824, 'نور ابراهيم محمود على'),
(44913, 'حلا ياسر محمد فرج'),
(42608, 'عائشة عبد المحسن مخيم مرسى'),
(44620, 'مايا تامر سالم عبد الفتاح'),
(42100, 'حبيبه عمرو قمر عبد المنعم'),
(40754, 'جورى محمود عبد العزيز على'),
(42603, 'فريده طارق فهيم محمد عبد الحميد'),
(43398, 'بسمله اشرف فكرى محمود'),
(42607, 'ملك باسم محمد حسن محمد'),
(42603, 'فريده طارق فهيم محمد عبد الحميد'),
(48964, 'لميس هانى محمد محمد'),
(41442, 'يارا محمد عاطف عبد الحميد'),
(42605, 'سما محمد مسعد محمد قنديل'),
(42481, 'لينه محمود مصطفى احمد'),
(44249, 'ملك مصطفى محمد حنفى'),
(44913, 'حلا ياسر محمد فرج'),
(42608, 'عائشة عبد المحسن مخيم مرسى'),
(44620, 'مايا تامر سالم عبد الفتاح'),
(40754, 'جورى محمود عبد العزيز على'),
(46669, 'ريماس اسلام جمال عوض'),
(42100, 'حبيبه عمرو قمر عبد المنعم'),
(43398, 'بسمله اشرف فكرى محمود'),
(42607, 'ملك باسم محمد حسن محمد'),
(44560, 'رودينا احمد سمير الامام'),
(42090, 'ورد محمد مشير محمد'),
(39017, 'سنا اسلام محمد احمد'),
(44911, 'ملك محمد عبد العزيز عبد السلام'),
(46262, 'ملك وائل احمد محمود'),
(41098, 'شروق حسام الدين مصطفى عبد البديع'),
(40569, 'مريم محمود مصطفى احمد'),
(46359, 'خديجه محمد عبد الغنى'),
(45463, 'مريم محمد حسين محمد عبد الرحيم'),
(44874, 'رحمه محمد حسنى مصطفى محمود'),
(42090, 'ورد محمد مشير محمد'),
(42270, 'رهف اشرف مصطفى محمد'),
(42182, 'ملك سامح السيد السيد'),
(45464, 'مروه السيد على محمد محمد'),
(40754, 'جورى محمود عبد العزيز على'),
(49232, 'تمار محمد ابراهيم عبدالحميد'),
(45840, 'ابتهال صابر عويس عبد الغنى'),
(39013, 'لجين نبيل على محمد'),
(42164, 'جينا محمد عماد الدين عبد المنعم'),
(40292, 'جودى جلال محمد سويفى'),
(42327, 'حنين خالد احمد جلال'),
(44560, 'رودينا احمد سمير الامام'),
(44559, 'الينور محمد محيى احمد'),
(47105, 'هاجر اسلام احمد مرسى'),
(49371, 'لجين محمد وفيق حسن'),
(44913, 'حلا ياسر محمد فرج'),
(42100, 'حبيبه عمرو قمر عبد المنعم'),
(42608, 'عائشة عبد المحسن مخيم مرسى'),
(44620, 'مايا تامر سالم عبد الفتاح'),
(43398, 'بسمله اشرف فكرى محمود'),
(42603, 'فريده طارق فهيم محمد عبد الحميد'),
(42607, 'ملك باسم محمد حسن محمد'),
(41442, 'يارا محمد عاطف عبد الحميد'),
(48114, 'جنى صلاح كامل فكرى'),
(41355, 'ريناد هانى على عبد المحسن'),
(43202, 'جودى وليد محمد ابراهيم'),
(42648, 'ميران محمود ابراهيم حسين'),
(48111, 'سلمى رمضان رجب محمد'),
(43200, 'هنا حامد جابر حامد'),
(44278, 'يارا باسم عبد المنعم نصر'),
(44263, 'زينب هانى فهمى الباز'),
(47017, 'فريده عماد الدين محمد حمدان'),
(48108, 'ملكه ادهم عادل عبد الرحمن'),
(36941, 'شروق احمد عبد الحميد رائق'),
(46990, 'توهادا اشرف سيد هلال'),
(42183, 'فيروز احمد محمد احمد'),
(45647, 'نورهان عبد الله عياد'),
(48039, 'شروق ربيع جوده حسين اسماعيل'),
(44156, 'اسينات احمد محمد السيد'),
(40440, 'بسنت ضياء الدين مصطفى'),
(48111, 'سلمى رمضان رجب محمد'),
(43200, 'هنا حامد جابر حامد'),
(44232, 'فاطمه الزهراء تامر محمود محمد'),
(46773, 'نور احمد على احمد'),
(45661, 'اسيل احمد ابراهيم متولى'),
(47234, 'جيداء احمد ابراهيم الوكيل'),
(45659, 'يارا محمد احمد السيد'),
(43221, 'ايمان عبد الله ابرهيم احمد'),
(44847, 'هنا محمد وجيه زكى'),
(42609, 'لينا خالد على محمد'),
(45520, 'رقيه ميسره محمود محمد شراقى'),
(41645, 'راما بخيت ابراهيم عبد النعيم'),
(43060, 'روان رضا محمد عبد الحميد'),
(43226, 'ملك توفيق محمد توفيق'),
(49411, 'فريده معروف احمد محمد حسين'),
(41334, 'جنه صليح صليح عامر'),
(41658, 'الاء تامر السيد عبده بلال'),
(42334, 'امنيه محمد محيى محمد'),
(42133, 'لامار محمد محمد محمد'),
(47092, 'ملك محمد حسن محمد'),
(42356, 'مريم امجد محمد زلط'),
(46344, 'زينب مصطفى محمد'),
(43729, 'مليكه عمرو محمد نجيب'),
(41645, 'راما بخيت ابراهيم عبد النعيم'),
(43060, 'روان رضا محمد عبد الحميد'),
(43226, 'ملك توفيق محمد توفيق'),
(42154, 'رقيه احمد عادل عبد الصادق'),
(45523, 'فاطمه الزهراء مصطفى حمدى'),
(42232, 'مريم شريف محمد رمزى'),
(42104, 'ميرنا حسام محمد امين'),
(45519, 'هانا عمرو احمد السيد'),
(42205, 'مريم محمد عبد الحميد احمد'),
(42277, 'هيا ابراهيم محمد مرزوق'),
(44678, 'شهد ايمن محمد عبد النبى'),
(42503, 'راما محمد مصطفى كمال على'),
(45520, 'رقيه ميسره محمود محمد شراقى'),
(42825, 'صفوه محمد على مصطفى'),
(49270, 'ليلى يحى حسن صفوت'),
(45266, 'حبيبه محمد التهامى سعد'),
(46383, 'جومانه حسام الدين سعد محمد'),
(41990, 'رقيه ياسر ابراهيم عبد الحليم'),
(40875, 'جودى علاء حسن محمد حموده'),
(41492, 'جنى محمد ابراهيم يسرى'),
(46871, 'كرمه احمد محمد نظمى'),
(47965, 'فريده مصطفى فاروق طه'),
(44003, 'عاليا وائل محمد سمير'),
(45265, 'ملك محمد محمد عبد العزيز'),
(41981, 'سلمى محمد كامل محمد'),
(38925, 'منه ادريس مصرى محمد'),
(45517, 'ملك محمود السيد محمود'),
(40269, 'جودى على عبد النبى على'),
(45850, 'لارا هيثم محمد عيد حنفى'),
(49412, 'ندى ثروت محمد محمد سيد'),
(41449, 'ملك احمد جمال الدين'),
(47132, 'ملك محى محمود عبد المجيد'),
(46541, 'ملك عمرو سامح محمود'),
(42609, 'لينا خالد على محمد'),
(44847, 'هنا محمد وجيه زكى'),
(49411, 'فريده معروف احمد محمد حسين'),
(49331, 'جنى محمد مصطفى محمد جاد'),
(45660, 'هنا اسلام ابراهيم طه'),
(46669, 'ريماس اسلام جمال عوض'),
(49510, 'رقيه حسن يوسف محمد'),
(43221, 'ايمان عبد الله ابرهيم احمد'),
(41051, 'يارا ياسر خميس محمود'),
(40439, 'جيداء اسامه مرسى عبد الله'),
(45405, 'لى لى كريم محمد محمد'),
(44233, 'غنا محمد مصطفى عبد الرؤوف'),
(47648, 'سميه ابو بكر قرنى حمد'),
(45273, 'لينا اسامة احمد ابراهيم'),
(42100, 'حبيبه عمرو قمر عبد المنعم'),
(43764, 'غزل مؤمن حسن محمود'),
(44847, 'هنا محمد وجيه زكى'),
(43221, 'ايمان عبد الله ابرهيم احمد'),
(41051, 'يارا ياسر خميس محمود'),
(42609, 'لينا خالد على محمد'),
(46871, 'كرمه احمد محمد نظمى'),
(45520, 'رقيه ميسره محمود محمد شراقى'),
(42608, 'عائشة عبد المحسن مخيم مرسى'),
(43865, 'لوجين حمدى محمود بدوى'),
(42610, 'هدى محمد مصطفى عليوه مصطفى'),
(42605, 'سما محمد مسعد محمد قنديل'),
(42277, 'هيا ابراهيم محمد مرزوق'),
(45273, 'لينا اسامة احمد ابراهيم'),
(42154, 'رقيه احمد عادل عبد الصادق'),
(47101, 'لارا محمد شعبان عبد المحسن'),
(45646, 'فاطمه الزهراء محمد جابر'),
(45647, 'نورهان عبد الله عياد'),
(45661, 'اسيل احمد ابراهيم متولى'),
(45660, 'هنا اسلام ابراهيم طه'),
(44035, 'مريم محمد محمد هشام'),
(46858, 'نسيبه محمود احمد محمد'),
(41491, 'داليا مجدى محمد صبح'),
(41289, 'تريم ايهاب محمد فريد'),
(47188, 'سلمى احمد سمير فؤاد'),
(46084, 'زمزم احمد حسنين حامد'),
(47573, 'هنا محمد سعيد عبد ربه'),
(42323, 'رقيه على محمد محمد'),
(42120, 'جنى احمد نبيل شحات'),
(44247, 'ياسمين خالد محمد متولى'),
(45816, 'محمود طارق كمال عبد القوى'),
(49046, 'عمر اشرف عبد اللطيف'),
(41402, 'الحسين هيثم محمد علم الدين'),
(48948, 'احمد حسن طنطاوى احمد'),
(49056, 'انس ممدوح محمد امبابى'),
(44212, 'مروان عبد الناصر محمد على'),
(44095, 'معز الدين ايمن سليمان مدين'),
(41854, 'مازن محمد حلمى طه'),
(49370, 'يوسف محمود صبرى'),
(48947, 'سفيان منعم محمد احمد'),
(41399, 'على محمد عبد الخالق حسن'),
(40876, 'ادهم شريف عمر ريان'),
(42897, 'عبد الله احمد حامد محمود'),
(47247, 'عمر محمد احمد هريدى'),
(41652, 'فؤاد محمد فؤاد محمد الطيب'),
(41680, 'عمر محمد احمد مرزوق'),
(41625, 'محمد مصطفى محمد جاد الرب'),
(44360, 'ايمن سامح عبد المنعم محمد'),
(42657, 'عمر اسلام فتحى عبد الحميد'),
(49242, 'محمد احمد عاطف عبد النبى'),
(49322, 'اسر ياسر سيد احمد محمد'),
(42671, 'احمد محمد احمد مدحت'),
(45961, 'عمر وائل منصور محمد'),
(49054, 'حماده عبد الرحيم حماده حبيب'),
(41721, 'على محمد بدر حافظ صديق'),
(46875, 'عبد الرحمن اشرف السيد محمود'),
(46883, 'عمر احمد حمدى عبد العال'),
(47156, 'عبد الله احمد حسين امبابى'),
(49415, 'اسر محمد محمود ابو زيد احمد'),
(49422, 'براء محمود احمد علي'),
(44489, 'سعيد احمد على يوسف'),
(49057, 'مصطفى الامير محمود حفنى'),
(46917, 'عمرو هانى محمود عبد العزيز'),
(43701, 'بيجاد شريف احمد محمد'),
(45138, 'محمد موفق محمد عبد الحليم'),
(49077, 'يوسف احمد محمود عبد المتجلى'),
(46239, 'ابراهيم فتحى سيد عبد السلام'),
(44596, 'مصطفى على محمد مرعزى'),
(47674, 'مهند عبد الحليم محمد على'),
(46422, 'زين رزق عبد ربه رزق'),
(46789, 'مروان صابر نصر غمرى غلاب'),
(41644, 'خالد ايمن ابو شوشه خليل'),
(46713, 'على عمرو على زين العابدين محمد'),
(44228, 'يوسف غريب عبد السميع سليم'),
(41424, 'عبد الهادى باسم الهادى مرسى'),
(48868, 'احمد النوبى احمد محمد'),
(42111, 'محمد زكريا صلاح الدين عبد الفتاح'),
(40051, 'هاشم عمرو عطيه سعد الدين'),
(43086, 'محمد السعيد محمد محمد'),
(44348, 'عبد الرحمن ابراهيم محمد محمد'),
(43086, 'محمد السعيد محمد محمد'),
(47979, 'حازم محمد فكرى عبد الهادى'),
(41696, 'محمد طارق وجدى ابو المعاطى'),
(40750, 'باسل هيثم رضا العنبرى'),
(44566, 'محمود محمد يوسف احمد'),
(41405, 'مؤمن هاشم راتب محمد'),
(46861, 'بلال حسين مشهور شريف'),
(49335, 'محمود ياسر محمود الطاهر'),
(41893, 'زياد عمرو فوزى محمد'),
(49173, 'عبد الله عبد اللطيف محمد'),
(46917, 'عمرو هانى محمود عبد العزيز'),
(41721, 'على محمد بدر حافظ صديق'),
(41696, 'محمد طارق وجدى ابو المعاطى'),
(40750, 'باسل هيثم رضا العنبرى'),
(42111, 'محمد زكريا صلاح الدين عبد الفتاح'),
(46875, 'عبد الرحمن اشرف السيد محمود'),
(46422, 'زين رزق عبد ربه رزق'),
(48868, 'احمد النوبى احمد محمد'),
(46305, 'يوسف وفيق محمد محمد'),
(42203, 'حمزه احمد فؤاد عبد المنعم'),
(44555, 'كريم احمد ضياء الدين محمد'),
(44510, 'اسر شريف صلاح محمد'),
(44586, 'احمد خالد جمال رياض'),
(41370, 'احمد طارق محمود عبد القادر'),
(42102, 'عبد الرحمن محمد محمود ثابت'),
(45041, 'عمر محمد مجدى رياض رستم'),
(46235, 'يحيى خالد حلمى محمد'),
(44873, 'ابراهيم الحسانين فؤاد عبد العزيز'),
(45925, 'يوسف مخلص ابراهيم خليل'),
(43081, 'ادم محمود محمد محمد'),
(42495, 'اسامه احمد محمد عبد القادر'),
(41580, 'عبد الله مصطفى رجب حسانين'),
(40276, 'بشار هانى مصطفى عبد الحق'),
(41777, 'احمد مصلحى محمد طه'),
(41626, 'محمد الطيرى محمود على'),
(41048, 'سيف رامى محمد عبده'),
(48429, 'سفيان محمد حمدى محمدى'),
(41638, 'محمد الحسين ابراهيم عبد الحليم'),
(44055, 'يس عز العرب فاروق عمر'),
(42868, 'احمد محمود احمد على عبد العال'),
(48991, 'على كرم احمد ابراهيم'),
(45054, 'على ابراهيم عابدين محمود'),
(39207, 'حمزه حسام محمد احمد'),
(48794, 'يوسف طارق صلاح الدين منصور'),
(46578, 'محمد رمضان سعد شعبان'),
(40065, 'مختار احمد حسين على'),
(49539, 'محمد عبد النبى محمد رمضان'),
(44915, 'زياد محمود رجب محمد'),
(41401, 'ابراهيم حسن عبد الرحمن اسماعيل'),
(49541, 'محمد مصطفى مهدلى محمد'),
(49423, 'جاسر اشرف عبد العزيز'),
(47120, 'حسين محمد نصر سعد الدين'),
(48035, 'احمد ايمن فؤاد محمد'),
(41679, 'مهند اسامه سعد ابو زيد'),
(48973, 'كريم احمد زكريا عبد الرحمن'),
(40429, 'عبد الرحمن عماد عادل محمود'),
(43129, 'مازن محمد بدرى حسين'),
(47740, 'مروان احمد حسن محمد'),
(48869, 'صديق عبد الغنى محمد صديق'),
(41629, 'محمد عبد الغنى عبد الفتاح'),
(40753, 'عبد العزيز محمود عبد العزيز على'),
(42303, 'مصطفى حاتم كمال محمود'),
(45472, 'فارس فتح الله محمد صادق'),
(46876, 'احمد شريف محمد ماجد'),
(49111, 'على كريم على راتب'),
(46427, 'دانيال ابراهيم حلمى ابراهيم'),
(49056, 'انس ممدوح محمد امبابى'),
(46690, 'مروان باهر يحى على'),
(42153, 'احمد ممدوح ابراهيم عبد الحليم'),
(44562, 'على احمد محمد احمد'),
(49053, 'احمد عبده عبد الرازق محمود'),
(43684, 'اياد ابراهيم ابراهيم محمد'),
(42923, 'ياسين هيثم محمد عرفه فتحى'),
(45276, 'ادم شادى احمد فهيم راشد'),
(43657, 'كريم مصطفى احمد رفعت'),
(44682, 'محمد ممدوح عبد العال محمد'),
(46729, 'احمد شوقى شرقاوى السيد'),
(45257, 'حمزه محمد يوسف محمد'),
(44546, 'مؤمن محمد احمد عبد اللطيف'),
(44576, 'محمد شريف محمد شلبى'),
(47864, 'مصطفى قاسم محمد قاسم'),
(48871, 'زياد احمد شعبان احمد'),
(46471, 'مازن محمد ابراهيم حسن'),
(46337, 'احمد النجار محمد يوسف'),
(48143, 'احمد إبراهيم عطيه حسين'),
(48127, 'رمضان حسانى محمود'),
(46360, 'يوسف احمد فراج حسين'),
(46789, 'مروان صابر نصر غمرى غلاب'),
(46074, 'اسلام محمد محمد اسماعيل'),
(40876, 'ادهم شريف عمر ريان'),
(46305, 'يوسف وفيق محمد محمد'),
(42897, 'عبد الله احمد حامد محمود'),
(46422, 'زين رزق عبد ربه رزق'),
(40051, 'هاشم عمرو عطيه سعد الدين'),
(44586, 'احمد خالد جمال رياض'),
(41325, 'حسام ياسر سعيد محمد'),
(40123, 'ياسين محسن احمد مصطفى'),
(44789, 'سيف جمال عبد المنعم عبد الباسط'),
(40131, 'مروان احمد محمود عباس'),
(43951, 'على عبد السلام على عبد السلام'),
(43946, 'رايان ياسر رجب عرفه'),
(43086, 'محمد السعيد محمد محمد'),
(43950, 'تيم الله احمد محمد عبد الجواد'),
(46883, 'عمر احمد حمدى عبد العال'),
(41405, 'مؤمن هاشم راتب محمد'),
(41409, 'عبد الله منصور خلف محمد'),
(41399, 'على محمد عبد الخالق حسن'),
(46239, 'ابراهيم فتحى سيد عبد السلام'),
(46249, 'محمد احمد محمد محمد'),
(41680, 'عمر محمد احمد مرزوق'),
(44212, 'مروان عبد الناصر محمد على'),
(43175, 'احمد عبد العزيز ابراهيم محمد'),
(43701, 'بيجاد شريف احمد محمد'),
(42657, 'عمر اسلام فتحى عبد الحميد'),
(49046, 'عمر اشرف عبد اللطيف'),
(42803, 'محمد احمد محمد جاد'),
(49370, 'يوسف محمود صبرى'),
(46907, 'مروان عمر محمد محمد محمود'),
(45816, 'محمود طارق كمال عبد القوى'),
(40434, 'فريده حسام محمد توفيق'),
(44555, 'كريم احمد ضياء الدين محمد'),
(40435, 'شهد وليد مساح ابو المجد على'),
(40424, 'معتز ادهم محمد عبد الحفيظ'),
(41645, 'راما بخيت ابراهيم عبد النعيم'),
(41644, 'خالد ايمن ابو شوشه خليل'),
(40754, 'جورى محمود عبد العزيز على'),
(41655, 'يوسف حسين عيد محمد حسين'),
(47101, 'لارا محمد شعبان عبد المحسن'),
(41805, 'ادم احمد محمد احمد رياض'),
(45290, 'نوارى طارق مصطفى محمد وهيبه'),
(42150, 'محمد احمد طلعت السيد'),
(46789, 'مروان صابر نصر غمرى غلاب'),
(41492, 'جنى محمد ابراهيم يسرى'),
(41503, 'تمارا ايهاب حسين السيد'),
(44510, 'اسر شريف صلاح محمد'),
(47784, 'احمد حماده عبد الغنى عبد الله'),
(41098, 'شروق حسام الدين مصطفى عبد البديع'),
(41864, 'محمود السيد محمد على'),
(45464, 'مروه السيد على محمد محمد'),
(42327, 'حنين خالد احمد جلال'),
(42290, 'هادى محمد عبد الهادى محمد'),
(43241, 'جودى هشام زكريا اسماعيل'),
(42286, 'يوسف ايهاب حسين سيد'),
(46541, 'ملك عمرو سامح محمود'),
(43800, 'على محمد ابو الفتوح ابراهيم'),
(40133, 'فاطمه طارق صديق عبد الله'),
(48793, 'مؤمن هانى محمد الحفنى'),
(43708, 'حبيبه هشام سعيد ابراهيم'),
(45509, 'عمر محمد سعد الدين محمد'),
(44564, 'حبيبه تامر سعد السيد'),
(43175, 'احمد عبد العزيز ابراهيم محمد'),
(43352, 'يوسف محسن رمضان انور'),
(44962, 'محمود مجدى منصور مدبولى'),
(44969, 'طارق مصطفى سيد محمود'),
(44323, 'زياد محمد عثمان عبد الستار عثمان'),
(43957, 'محمد احمد احمد فرحات عامر'),
(49354, 'مروان احمد على محمد سلامه'),
(47551, 'عمر كمال هاشم هريدى'),
(45679, 'شريف خالد محمد عبد الحليم'),
(45679, 'شريف خالد محمد عبد الحليم'),
(47553, 'محمد احمد محمد حامد'),
(47534, 'عبد الله احمد عبد الله سيد'),
(46325, 'سيف تامر السيد ابراهيم'),
(47205, 'اياد ابراهيم محمد عبد الرازق'),
(44964, 'صالح عيد سلطان محمود'),
(44387, 'عبد الرحمن هانى شكرى عبد الحميد'),
(40275, 'فارس محمد محمود حمدى'),
(49333, 'محمد احمد فريد محمد'),
(44789, 'سيف جمال عبد المنعم عبد الباسط'),
(49052, 'هشام قناوى همام فهيم'),
(47867, 'ايمن مؤمن محمد صالح'),
(45043, 'احمد محمد السيد عبد السلام'),
(42760, 'عبد الرحمن عصام توفيق فارس'),
(41361, 'احمد ابراهيم احمد سرور'),
(46322, 'محمد خالد احمد رفعت'),
(41049, 'محمد رامى محمد عبده'),
(45950, 'يوسف عامر محمد حسن'),
(46885, 'عبد الله احمد عمر محمد'),
(41431, 'احمد هيسم جابر محمد'),
(48971, 'يوسف خلف ضاحى توفيق'),
(47946, 'يوسف بدوى يوسف سيد'),
(48991, 'على كرم احمد ابراهيم'),
(49494, 'عمر حسام الدين فاروق عبد النبى'),
(43619, 'عمر ابراهيم عبد النبى عبد السميع'),
(49514, 'يوسف حماده محمد على'),
(47597, 'يوسف مجدى جابر محمد'),
(41575, 'زياد اسماعيل عبد المهيمن عبد الجواد'),
(41582, 'يوسف محمد محمود حسين'),
(46305, 'يوسف وفيق محمد محمد'),
(41655, 'يوسف حسين عيد محمد حسين'),
(42102, 'عبد الرحمن محمد محمود ثابت'),
(42203, 'حمزه احمد فؤاد عبد المنعم'),
(45041, 'عمر محمد مجدى رياض رستم'),
(40175, 'اسماعيل عمرو فتحى يس'),
(41409, 'عبد الله منصور خلف محمد'),
(44510, 'اسر شريف صلاح محمد'),
(41655, 'يوسف حسين عيد محمد حسين'),
(45041, 'عمر محمد مجدى رياض رستم'),
(41409, 'عبد الله منصور خلف محمد'),
(44510, 'اسر شريف صلاح محمد'),
(47163, 'اسر محمد احمد رفاعى'),
(42102, 'عبد الرحمن محمد محمود ثابت'),
(44586, 'احمد خالد جمال رياض'),
(41573, 'محمد هانى عواد حامد'),
(45906, 'فارس محمد حسن محمد مصطفى'),
(48946, 'زياد عيد محمد السيد عبد الهادى'),
(41679, 'مهند اسامه سعد ابو زيد'),
(45603, 'اسماعيل محمد اسماعيل سعد'),
(49220, 'محمد نبيل على محمد'),
(46305, 'يوسف وفيق محمد محمد'),
(40175, 'اسماعيل عمرو فتحى يس'),
(41579, 'علاء محمد عواد حامد'),
(41805, 'ادم احمد محمد احمد رياض'),
(42576, 'يوسف شعبان ابراهيم عبد اللطيف'),
(49224, 'احمد هشام محمد الحسينى'),
(42203, 'حمزه احمد فؤاد عبد المنعم'),
(41574, 'بلال محمد عبد القادر محمد'),
(47784, 'احمد حماده عبد الغنى عبد الله'),
(45120, 'حازم احمد رمضان عبد الحميد'),
(46826, 'معاذ محمد احمد السيد'),
(46314, 'احمد سيد حسين سعد'),
(41330, 'يوسف احمد دسوقى منصور'),
(42873, 'محمد احمد عبد الحميد عثمان'),
(44360, 'ايمن سامح عبد المنعم محمد'),
(46713, 'على عمرو على زين العابدين محمد'),
(43929, 'احمد امين احمد محمد'),
(42619, 'نور الدين محمد ابراهيم محمد'),
(42286, 'يوسف ايهاب حسين سيد'),
(44617, 'عمار عماد الدين يسن محمد'),
(41644, 'خالد ايمن ابو شوشه خليل'),
(40753, 'عبد العزيز محمود عبد العزيز على'),
(41581, 'محمد السيد رافت السيد'),
(41575, 'زياد اسماعيل عبد المهيمن عبد الجواد'),
(41577, 'شريف اشرف حسانين الشنهاب'),
(49221, 'مصطفى كامل السيد على'),
(41402, 'الحسين هيثم محمد علم الدين'),
(41399, 'على محمد عبد الخالق حسن'),
(41370, 'احمد طارق محمود عبد القادر'),
(47739, 'عبد الرحمن رمضان انور ابو الحسن'),
(42079, 'مالك سامح محمد محمود'),
(42056, 'يوسف احمد السيد عبد العال'),
(47126, 'يس محمد مصطفى محمود'),
(44486, 'على مصطفى احمد سامى'),
(43951, 'على عبد السلام على عبد السلام'),
(40424, 'معتز ادهم محمد عبد الحفيظ'),
(47247, 'عمر محمد احمد هريدى'),
(46337, 'احمد النجار محمد يوسف'),
(48143, 'احمد إبراهيم عطيه حسين'),
(48127, 'رمضان حسانى محمود'),
(46360, 'يوسف احمد فراج حسين'),
(42287, 'سيف شريف عبد المنعم كامل'),
(43090, 'عمر محمد احمد محمد مصطفى'),
(43095, 'امجد عزت مصطفى كمال محمد'),
(45410, 'عمر ايمن سعيد عبد السلام'),
(45858, 'ادهم حسام السيد احمد'),
(45509, 'عمر محمد سعد الدين محمد'),
(49043, 'محمد خالد حسن الدرديرى'),
(44348, 'عبد الرحمن ابراهيم محمد محمد'),
(48973, 'كريم احمد زكريا عبد الرحمن'),
(49422, 'براء محمود احمد علي'),
(46907, 'مروان عمر محمد محمد محمود'),
(47971, 'اشرف حسام عبد الفتاح سليم'),
(46305, 'يوسف وفيق محمد محمد'),
(42102, 'عبد الرحمن محمد محمود ثابت'),
(41655, 'يوسف حسين عيد محمد حسين'),
(40175, 'اسماعيل عمرو فتحى يس'),
(42203, 'حمزه احمد فؤاد عبد المنعم'),
(45041, 'عمر محمد مجدى رياض رستم'),
(41409, 'عبد الله منصور خلف محمد'),
(46875, 'عبد الرحمن اشرف السيد محمود'),
(46916, 'على عبد الله عبد السميع محمد'),
(44212, 'مروان عبد الناصر محمد على'),
(45816, 'محمود طارق كمال عبد القوى'),
(41652, 'فؤاد محمد فؤاد محمد الطيب'),
(46861, 'بلال حسين مشهور شريف'),
(44489, 'سعيد احمد على يوسف'),
(40750, 'باسل هيثم رضا العنبرى'),
(46241, 'شهاب محمد سعيد محمد'),
(44095, 'معز الدين ايمن سليمان مدين'),
(44228, 'يوسف غريب عبد السميع سليم'),
(49370, 'يوسف محمود صبرى'),
(46883, 'عمر احمد حمدى عبد العال'),
(41424, 'عبد الهادى باسم الهادى مرسى'),
(41696, 'محمد طارق وجدى ابو المعاطى'),
(46917, 'عمرو هانى محمود عبد العزيز'),
(48956, 'يوسف شريف محمد صلاح'),
(42111, 'محمد زكريا صلاح الدين عبد الفتاح'),
(41721, 'على محمد بدر حافظ صديق'),
(46875, 'عبد الرحمن اشرف السيد محمود'),
(48956, 'يوسف شريف محمد صلاح'),
(40750, 'باسل هيثم رضا العنبرى'),
(46235, 'يحيى خالد حلمى محمد'),
(44546, 'مؤمن محمد احمد عبد اللطيف'),
(45925, 'يوسف مخلص ابراهيم خليل'),
(44576, 'محمد شريف محمد شلبى'),
(44562, 'على احمد محمد احمد'),
(49045, 'زياد هانى سيد حمزه عبد المعطى'),
(40429, 'عبد الرحمن عماد عادل محمود'),
(43657, 'كريم مصطفى احمد رفعت'),
(41864, 'محمود السيد محمد على'),
(43141, 'فارس حمدى سيد اسماعيل'),
(42106, 'على عبد الله جلال توفيق'),
(47784, 'احمد حماده عبد الغنى عبد الله'),
(41580, 'عبد الله مصطفى رجب حسانين'),
(46918, 'ادهم هانى سيد احمد'),
(41574, 'بلال محمد عبد القادر محمد'),
(47738, 'مازن مصطفى مبارك عبد الرازق'),
(45120, 'حازم احمد رمضان عبد الحميد'),
(41577, 'شريف اشرف حسانين الشنهاب'),
(49241, 'احمد صفوت فوزى نور الدين'),
(45845, 'عمرو احمد عطفت امين'),
(41549, 'مهند محمد عصام على البدرى'),
(40038, 'على الدين وائل ماهر زكى'),
(40879, 'عبد الرحمن احمد طه رمضان'),
(42256, 'ياسين ايهاب نبيل محمد'),
(41578, 'محمد سيف النصر علاق محمد'),
(49511, 'كريم هشام رافت الشناوى'),
(46034, 'سلمان محمد محمد ابراهيم'),
(41854, 'مازن محمد حلمى طه'),
(41405, 'مؤمن هاشم راتب محمد'),
(45138, 'محمد موفق محمد عبد الحليم'),
(48948, 'احمد حسن طنطاوى احمد'),
(42671, 'احمد محمد احمد مدحت'),
(42575, 'احمد محمد البدرى محمود'),
(42111, 'محمد زكريا صلاح الدين عبد الفتاح'),
(45011, 'احمد تامر السيد عبد الرحيم'),
(48947, 'سفيان منعم محمد احمد'),
(41680, 'عمر محمد احمد مرزوق'),
(49415, 'اسر محمد محمود ابو زيد احمد'),
(46074, 'اسلام محمد محمد اسماعيل'),
(42897, 'عبد الله احمد حامد محمود'),
(43800, 'على محمد ابو الفتوح ابراهيم'),
(47541, 'اياد سمير السيد احمد'),
(47156, 'عبد الله احمد حسين امبابى'),
(49413, 'هارون محمد فتحى جابر عبد الله'),
(48956, 'يوسف شريف محمد صلاح'),
(49322, 'اسر ياسر سيد احمد محمد'),
(43946, 'رايان ياسر رجب عرفه'),
(49417, 'على عبد الرحمن على عبد العزيز محمد'),
(49344, 'يوساب صابر مكارى باسيلي جيد'),
(49173, 'عبد الله عبد اللطيف محمد'),
(41696, 'محمد طارق وجدى ابو المعاطى'),
(46917, 'عمرو هانى محمود عبد العزيز'),
(41721, 'على محمد بدر حافظ صديق'),
(47097, 'سيف الدين عمرو حسين السيد'),
(48198, 'يوسف عماد حمدى احمد'),
(49418, 'ادم محمد محمود محمد عبد المولى'),
(43826, 'حمزه ايمن عبده صادق'),
(47947, 'محمود محمد جمعه محمود'),
(41858, 'محمد محمود فتحى عبد الوهاب'),
(41143, 'احمد محمد محمد هندى محمد'),
(46319, 'يزيد علاء محمود عبد الجواد'),
(44568, 'معاذ محمد معاذ محمد'),
(49416, 'عبد الله نبيل محمد بيومي بكر'),
(49414, 'جمال محمد جمال محمد احمد'),
(47214, 'زياد على عبد العزيز على'),
(41653, 'اسام عبد اللطيف على بخيت'),
(46694, 'احمد مروان احمد لبيب'),
(40444, 'اشرف عبد الناصر عبد الهادى محمود'),
(47024, 'ادهم ابراهيم محمد ابراهيم'),
(49218, 'ياسين محمود سيد محمد'),
(49423, 'جاسر اشرف عبد العزيز'),
(48985, 'ابراهيم احمد ابراهيم عبد الحميد'),
(49050, 'احمد قريشى مبارك احمد'),
(49051, 'زكريا محمود عبد الجليل'),
(47541, 'اياد سمير السيد احمد'),
(49210, 'ادم ابراهيم ابراهيم السيد'),
(49176, 'سيف النصر محمد سيف النصر'),
(47119, 'حسن محمد نصر سعد الدين'),
(43947, 'اياد ناصر ابراهيم سالم'),
(46981, 'ابراهيم محمود ابراهيم احمد'),
(47971, 'اشرف حسام عبد الفتاح سليم'),
(48138, 'محمد رياض كمال الدين رياض'),
(44875, 'عبد الرحمن كمال على فهمى'),
(49541, 'محمد مصطفى مهدلى محمد'),
(49539, 'محمد عبد النبى محمد رمضان'),
(45948, 'محمود احمد ابراهيم عوض'),
(41976, 'محمد محمود نصر الدين رشاد'),
(45667, 'عبد الله محمد حسن مجاهد'),
(49223, 'محمد مصطفى محمد شرف الدين'),
(42942, 'محمد أيمن عبد الدايم فتح الله'),
(47969, 'محمد شريف محمد محمد'),
(47029, 'عمر اسامه محمود ابو سيف'),
(45960, 'عمر امجد عبد الله احمد'),
(49509, 'محمد حسين بدرى عبد الحميد'),
(47638, 'يوسف عبد المنعم محمود'),
(41341, 'محمود محمد عبد الرؤوف عبد العزيز'),
(43749, 'ياسين محمد عبده على'),
(47689, 'يوسف محمد محمد حامد'),
(47019, 'ياسين رمضان شعبان المسلمانى'),
(41649, 'معتز بالله محمد محمد شوقى'),
(49495, 'يوسف احمد فؤاد محمد'),
(45929, 'يحيى مصطفى عبده محمد'),
(49413, 'هارون محمد فتحى جابر عبد الله'),
(49212, 'ياسين احمد على ابواليزيد'),
(48198, 'يوسف عماد حمدى احمد'),
(43897, 'يوسف احمد انيس السيد'),
(47967, 'يوسف محمد إبراهيم عبد الحميد'),
(48136, 'يونس يوسف ابراهيم عباس'),
(49344, 'يوساب صابر مكارى باسيلي جيد'),
(41650, 'يوسف محمد بدرى محمود'),
(44569, 'يوسف مصطفى عبد المنعم محمد'),
(44973, 'عبد الرحمن محمد خيرى محمد'),
(41630, 'محمد ابو الحسن شاذلى عبد المنعم'),
(49211, 'عمار محمد عبدالحميد زيدان'),
(40439, 'جيداء اسامه مرسى عبد الله'),
(40424, 'معتز ادهم محمد عبد الحفيظ'),
(45638, 'امال عصام صابر سيف النصر'),
(44555, 'كريم احمد ضياء الدين محمد'),
(40269, 'جودى على عبد النبى على'),
(42258, 'عبد الله كريم محمد محمود'),
(45290, 'نوارى طارق مصطفى محمد وهيبه'),
(47097, 'سيف الدين عمرو حسين السيد'),
(41503, 'تمارا ايهاب حسين السيد'),
(46077, 'حسن محسن حسن محسن'),
(49084, 'ريم وليد عبد السلام مصطفى'),
(42102, 'عبد الرحمن محمد محمود ثابت'),
(40133, 'فاطمه طارق صديق عبد الله'),
(40123, 'ياسين محسن احمد مصطفى'),
(42750, 'ملك سامى حسن بخيت'),
(44789, 'سيف جمال عبد المنعم عبد الباسط'),
(45517, 'ملك محمود السيد محمود'),
(49046, 'عمر اشرف عبد اللطيف'),
(45519, 'هانا عمرو احمد السيد'),
(42619, 'نور الدين محمد ابراهيم محمد'),
(41449, 'ملك احمد جمال الدين'),
(45816, 'محمود طارق كمال عبد القوى'),
(46359, 'خديجه محمد عبد الغنى'),
(49370, 'يوسف محمود صبرى'),
(43203, 'نور عمرو على ابراهيم'),
(46322, 'محمد خالد احمد رفعت'),
(43202, 'جودى وليد محمد ابراهيم'),
(46325, 'سيف تامر السيد ابراهيم'),
(44512, 'عبد الرحمن محمد عبد الحليم على'),
(46422, 'زين رزق عبد ربه رزق'),
(41325, 'حسام ياسر سعيد محمد'),
(42290, 'هادى محمد عبد الهادى محمد'),
(44511, 'احمد محمد ذكى محمد'),
(43090, 'عمر محمد احمد محمد مصطفى'),
(42106, 'على عبد الله جلال توفيق'),
(40123, 'ياسين محسن احمد مصطفى'),
(48956, 'يوسف شريف محمد صلاح'),
(42111, 'محمد زكريا صلاح الدين عبد الفتاح'),
(40876, 'ادهم شريف عمر ريان'),
(46074, 'اسلام محمد محمد اسماعيل'),
(41854, 'مازن محمد حلمى طه'),
(42657, 'عمر اسلام فتحى عبد الحميد'),
(44568, 'معاذ محمد معاذ محمد'),
(46875, 'عبد الرحمن اشرف السيد محمود'),
(46916, 'على عبد الله عبد السميع محمد'),
(49242, 'محمد احمد عاطف عبد النبى'),
(41428, 'عمر محمود عبد العظيم عبد الرؤف'),
(46917, 'عمرو هانى محمود عبد العزيز'),
(41325, 'حسام ياسر سعيد محمد'),
(48793, 'مؤمن هانى محمد الحفنى'),
(43800, 'على محمد ابو الفتوح ابراهيم'),
(40131, 'مروان احمد محمود عباس'),
(43946, 'رايان ياسر رجب عرفه'),
(43086, 'محمد السعيد محمد محمد'),
(43951, 'على عبد السلام على عبد السلام'),
(43950, 'تيم الله احمد محمد عبد الجواد'),
(44212, 'مروان عبد الناصر محمد على'),
(41680, 'عمر محمد احمد مرزوق'),
(46249, 'محمد احمد محمد محمد'),
(46241, 'شهاب محمد سعيد محمد'),
(49056, 'انس ممدوح محمد امبابى'),
(48991, 'على كرم احمد ابراهيم'),
(48994, 'يوسف وحيد احمد وزيرى'),
(49052, 'هشام قناوى همام فهيم'),
(45412, 'محمد رضا عوض زاهر'),
(47093, 'عمر كريم سمير عبد الحميد'),
(43175, 'احمد عبد العزيز ابراهيم محمد'),
(42207, 'اسر امير ممدوح عبد الحميد'),
(41586, 'احمد ربيع سالم حسين'),
(45282, 'عمر شريف فتحى رمضان مرسى'),
(48899, 'مازن سعيد حسن شبانه'),
(43619, 'عمر ابراهيم عبد النبى عبد السميع'),
(43090, 'عمر محمد احمد محمد مصطفى'),
(44511, 'احمد محمد ذكى محمد'),
(42878, 'محمد سمير اسماعيل عبد الغنى'),
(49492, 'محمد رمضان عبد السلام خميس'),
(44976, 'يوسف سيد شحات سيد صالح');

-- --------------------------------------------------------

--
-- بنية الجدول `results`
--

CREATE TABLE `results` (
  `Rank1` text NOT NULL,
  `rank` int(11) NOT NULL,
  `player_id` int(11) NOT NULL,
  `sex_id` int(11) NOT NULL,
  `DOB` int(11) NOT NULL,
  `club_id` int(11) NOT NULL,
  `gov` text NOT NULL,
  `het_id` int(11) NOT NULL,
  `events_id` int(11) NOT NULL,
  `results` text NOT NULL,
  `wind` text NOT NULL,
  `E-name` text NOT NULL
) ENGINE=InnoDB DEFAULT CHARSET=utf8mb4 COLLATE=utf8mb4_general_ci;

--
-- إرجاع أو استيراد بيانات الجدول `results`
--

INSERT INTO `results` (`Rank1`, `rank`, `player_id`, `sex_id`, `DOB`, `club_id`, `gov`, `het_id`, `events_id`, `results`, `wind`, `E-name`) VALUES
('الاول', 1, 41658, 1, 2009, 1, 'الاسكندرية', 6, 1, '16.90م', '', 'الاء تامر السيد عبده بلال'),
('الثاني', 2, 41289, 1, 2009, 2, 'القاهرة', 6, 1, '15.60م', '', 'تريم ايهاب محمد فريد'),
('الثالث', 3, 41334, 1, 2009, 3, 'القليوبية', 6, 1, '14.69م', '', 'جنه صليح صليح عامر'),
('الرابع', 4, 41102, 1, 2009, 4, 'الشرقية', 6, 1, '13.76م', '', 'مى محمد على محمد'),
('الخامس', 5, 42356, 1, 2010, 5, 'الغربية', 6, 1, '13.46م', '', 'مريم امجد محمد زلط'),
('السادس', 6, 39017, 1, 2009, 3, 'الدقهلية', 6, 1, '12.85م', '', 'سنا اسلام محمد احمد'),
('السابع', 7, 44911, 1, 2010, 3, 'الدقهلية', 6, 1, '12.64م', '', 'ملك محمد عبد العزيز عبد السلام'),
('الثامن', 8, 42491, 1, 2009, 6, 'الدقهلية', 6, 1, '12.43م', '', 'هاجر عباس محمد فهمى'),
('0', 0, 41646, 1, 2009, 3, 'السويس', 1, 1, '8.29م', '', 'حلا احمد سليمان السيد'),
('0', 0, 44874, 1, 2010, 3, 'الدقهلية', 1, 1, '9.69م', '', 'رحمه محمد حسنى مصطفى محمود'),
('0', 0, 44911, 1, 2010, 3, 'الدقهلية', 1, 1, '12.64م', '', 'ملك محمد عبد العزيز عبد السلام'),
('0', 0, 49235, 1, 2011, 3, 'الدقهلية', 1, 1, '11.46م', '', 'عزه محمود محسن السيد'),
('0', 0, 49236, 1, 2011, 3, 'الدقهلية', 1, 1, '9.98م', '', 'مريم سامح محمد محمد'),
('0', 0, 45958, 1, 2010, 7, 'القليوبية', 1, 1, '8.58م', '', 'نور نبيل جاد الرب على'),
('0', 0, 45962, 1, 2011, 7, 'القليوبية', 1, 1, '7.06م', '', 'ميار باسم سيد مدبولى'),
('0', 0, 42133, 1, 2010, 8, 'القاهرة', 1, 1, '9.56م', '', 'لامار محمد محمد محمد'),
('0', 0, 46543, 1, 2011, 9, 'بورسعيد', 1, 1, '11.99م', '', 'ليله احمد شوقى عبد العال رشوان'),
('0', 0, 43689, 1, 2010, 9, 'بورسعيد', 1, 1, '9.04م', '', 'اسيل سامح يوسف محمد'),
('0', 0, 47118, 1, 2011, 1, 'الاسكندرية', 1, 1, '8.27م', '', 'هنا محمد احمد ابو الفتح'),
('0', 0, 47108, 1, 2011, 1, 'الاسكندرية', 1, 1, '11.34م', '', 'هند احمد مصطفى السعيد'),
('0', 0, 43643, 1, 2011, 1, 'الاسكندرية', 1, 1, '10.28م', '', 'مريم احمد نبيل توفيق'),
('0', 0, 42250, 1, 2009, 1, 'الاسكندرية', 1, 1, '11.43م', '', 'فريده عمرو على محمد'),
('0', 0, 42160, 1, 2011, 1, 'القاهرة', 1, 1, '8.59م', '', 'جميله محمد صلاح منصور'),
('0', 0, 46356, 1, 2009, 10, 'الاسكندرية', 1, 1, '10.57م', '', 'ليلى هشام عبد الوهاب'),
('0', 0, 49496, 1, 2009, 11, 'كفر الشيخ', 1, 1, '8.43م', '', 'بسمله على عبد الغنى على'),
('0', 0, 46344, 1, 2009, 12, 'الجيزة', 1, 1, '8.58م', '', 'زينب مصطفى محمد'),
('0', 0, 41289, 1, 2009, 2, 'القاهرة', 1, 1, '15.39م', '', 'تريم ايهاب محمد فريد'),
('0', 0, 43991, 1, 2010, 2, 'القاهرة', 1, 1, '10.58م', '', 'اسما هيثم محمد عرفه'),
('0', 0, 47170, 1, 2011, 13, 'الاسكندرية', 1, 1, '10.23م', '', 'بيرى رومل اسحق وهبه'),
('0', 0, 43060, 1, 2010, 14, 'القاهرة', 1, 2, '10.99ث', '', 'روان رضا محمد عبد الحميد'),
('0', 0, 46355, 1, 2010, 9, 'بورسعيد', 1, 2, '11.47ث', '', 'ريتاج السيد محمد على'),
('0', 0, 43865, 1, 2009, 15, 'القاهرة', 1, 2, '11.52ث', '', 'لوجين حمدى محمود بدوى'),
('0', 0, 47648, 1, 2009, 16, 'بنى سويف', 1, 2, '11.81ث', '', 'سميه ابو بكر قرنى حمد'),
('0', 0, 44233, 1, 2009, 17, 'السويس', 1, 2, '11.93ث', '', 'غنا محمد مصطفى عبد الرؤوف'),
('0', 0, 48785, 1, 2010, 2, 'القاهرة', 1, 2, '11.96ث', '', 'لانا شادى مصطفى كامل'),
('0', 0, 46425, 1, 2009, 18, 'الاسكندرية', 1, 2, '12.65ث', '', 'سما سامح السيد ابراهيم'),
('0', 0, 40291, 1, 2009, 1, 'الاسكندرية', 1, 2, '13.05ث', '', 'هنا عمرو محمد ماهر'),
('0', 0, 46854, 1, 2010, 14, 'القاهرة', 2, 2, '11.21ث', '', 'ريناد اسامه عبد المؤمن عبد التواب'),
('0', 0, 42327, 1, 2009, 19, 'القاهرة', 2, 2, '11.28ث', '', 'حنين خالد احمد جلال'),
('0', 0, 42610, 1, 2010, 15, 'القاهرة', 2, 2, '11.40ث', '', 'هدى محمد مصطفى عليوه مصطفى'),
('0', 0, 43708, 1, 2011, 10, 'الاسكندرية', 2, 2, '11.75ث', '', 'حبيبه هشام سعيد ابراهيم'),
('0', 0, 47965, 1, 2010, 20, 'القاهرة', 2, 2, '12.04ث', '', 'فريده مصطفى فاروق طه'),
('0', 0, 45265, 1, 2010, 1, 'الاسكندرية', 2, 2, '12.05ث', '', 'ملك محمد محمد عبد العزيز'),
('0', 0, 44571, 1, 2010, 12, 'الجيزة', 2, 2, '12.07ث', '', 'ليلى اسلام مصطفى محمد'),
('0', 0, 40082, 1, 2009, 15, 'القاهرة', 3, 2, '10.91ث', '', 'ليله محمد محمد نبيل'),
('0', 0, 47101, 1, 2010, 1, 'الاسكندرية', 3, 2, '11.25ث', '', 'لارا محمد شعبان عبد المحسن'),
('0', 0, 42104, 1, 2010, 14, 'القاهرة', 3, 2, '11.44ث', '', 'ميرنا حسام محمد امين'),
('0', 0, 45273, 1, 2010, 1, 'الاسكندرية', 3, 2, '11.77ث', '', 'لينا اسامة احمد ابراهيم'),
('0', 0, 49491, 1, 2009, 19, 'القاهرة', 3, 2, '11.94ث', '', 'فريده احمد على فهمى'),
('0', 0, 41449, 1, 2010, 12, 'الجيزة', 3, 2, '12.37ث', '', 'ملك احمد جمال الدين'),
('0', 0, 46383, 1, 2009, 13, 'الاسكندرية', 3, 2, '13.55ث', '', 'جومانه حسام الدين سعد محمد'),
('0', 0, 43764, 1, 2011, 14, 'القاهرة', 4, 2, '10.69ث', '', 'غزل مؤمن حسن محمود'),
('0', 0, 41051, 1, 2009, 10, 'الاسكندرية', 4, 2, '11.11ث', '', 'يارا ياسر خميس محمود'),
('0', 0, 44872, 1, 2011, 6, 'الدقهلية', 4, 2, '11.29ث', '', 'ساره يوسف محمد على عبد الله'),
('0', 0, 45848, 1, 2009, 9, 'بورسعيد', 4, 2, '11.95ث', '', 'ملك احمد عبد الجواد محمد'),
('0', 0, 43250, 1, 2010, 19, 'القاهرة', 4, 2, '12.13ث', '', 'سلمى هشام مصطفى تمام'),
('0', 0, 40039, 1, 2009, 2, 'القاهرة', 4, 2, '12.51ث', '', 'سوار سارى سعيد صلاح'),
('0', 0, 47296, 1, 2010, 3, 'بنى سويف', 4, 2, '12.67ث', '', 'سندس محمد احمد خليل'),
('0', 0, 42232, 1, 2010, 21, 'القاهرة', 4, 2, '13.22ث', '', 'مريم شريف محمد رمزى'),
('0', 0, 46112, 1, 2009, 14, 'القاهرة', 5, 2, '10.95ث', '', 'مريم محمد بكار محمد محمد'),
('0', 0, 41492, 1, 2009, 14, 'القاهرة', 5, 2, '11.12ث', '', 'جنى محمد ابراهيم يسرى'),
('0', 0, 40875, 1, 2009, 14, 'القاهرة', 5, 2, '11.31ث', '', 'جودى علاء حسن محمد حموده'),
('0', 0, 45517, 1, 2010, 10, 'الاسكندرية', 5, 2, '11.67ث', '', 'ملك محمود السيد محمود'),
('0', 0, 49331, 1, 2009, 2, 'القاهرة', 5, 2, '11.72ث', '', 'جنى محمد مصطفى محمد جاد'),
('0', 0, 42205, 1, 2009, 21, 'القاهرة', 5, 2, '11.75ث', '', 'مريم محمد عبد الحميد احمد'),
('0', 0, 43243, 1, 2010, 19, 'القاهرة', 5, 2, '12.19ث', '', 'نور سامح رشاد عبد الله'),
('0', 0, 42503, 1, 2010, 6, 'الدقهلية', 5, 2, '12.77ث', '', 'راما محمد مصطفى كمال على'),
('0', 0, 41331, 1, 2010, 22, 'القليوبية', 7, 2, '10.87ث', '', 'نورهان كمال محمد احمد'),
('0', 0, 44847, 1, 2009, 14, 'القاهرة', 7, 2, '10.93ث', '', 'هنا محمد وجيه زكى'),
('0', 0, 40571, 1, 2009, 11, 'الغربية', 7, 2, '11.01ث', '', 'فرح احمد عبد الفتاح يحيى'),
('0', 0, 42603, 1, 2010, 15, 'القاهرة', 7, 2, '11.18ث', '', 'فريده طارق فهيم محمد عبد الحميد'),
('0', 0, 43203, 1, 2010, 23, 'الاسكندرية', 7, 2, '11.41ث', '', 'نور عمرو على ابراهيم'),
('0', 0, 43241, 1, 2010, 19, 'القاهرة', 7, 2, '11.69ث', '', 'جودى هشام زكريا اسماعيل'),
('0', 0, 47105, 1, 2010, 1, 'الاسكندرية', 7, 2, '11.87ث', '', 'هاجر اسلام احمد مرسى'),
('0', 0, 42922, 1, 2010, 2, 'القاهرة', 7, 2, '12.05ث', '', 'سلمى رحيم فاروق رياض'),
('0', 0, 38925, 1, 2009, 14, 'الاسكندرية', 8, 2, '11.02ث', '', 'منه ادريس مصرى محمد'),
('0', 0, 45405, 1, 2009, 2, 'القاهرة', 8, 2, '11.32ث', '', 'لى لى كريم محمد محمد'),
('0', 0, 49270, 1, 2009, 21, 'القاهرة', 8, 2, '11.93ث', '', 'ليلى يحى حسن صفوت'),
('0', 0, 49512, 1, 2009, 10, 'الاسكندرية', 8, 2, '11.95ث', '', 'ملك محمد احمد سمير'),
('0', 0, 43252, 1, 2010, 19, 'القاهرة', 8, 2, '11.99ث', '', 'حلا تامر حماد محمد'),
('0', 0, 49412, 1, 2009, 24, 'الاسكندرية', 8, 2, '12.10ث', '', 'ندى ثروت محمد محمد سيد'),
('0', 0, 43072, 1, 2010, 9, 'بورسعيد', 8, 2, '12.53ث', '', 'ريم محمد سليمان حسن'),
('0', 0, 41990, 1, 2010, 25, 'الاسكندرية', 8, 2, '14.95ث', '', 'رقيه ياسر ابراهيم عبد الحليم'),
('0', 0, 41503, 1, 2010, 14, 'القاهرة', 9, 2, '11.02ث', '', 'تمارا ايهاب حسين السيد'),
('0', 0, 45290, 1, 2009, 1, 'الاسكندرية', 9, 2, '11.09ث', '', 'نوارى طارق مصطفى محمد وهيبه'),
('0', 0, 49411, 1, 2009, 24, 'الاسكندرية', 9, 2, '11.51ث', '', 'فريده معروف احمد محمد حسين'),
('0', 0, 40439, 1, 2009, 8, 'الاسكندرية', 9, 2, '11.61ث', '', 'جيداء اسامه مرسى عبد الله'),
('0', 0, 44003, 1, 2009, 21, 'القاهرة', 9, 2, '11.91ث', '', 'عاليا وائل محمد سمير'),
('0', 0, 49510, 1, 2010, 10, 'الاسكندرية', 9, 2, '12.27ث', '', 'رقيه حسن يوسف محمد'),
('0', 0, 42341, 1, 2010, 19, 'القاهرة', 9, 2, '12.29ث', '', 'ريتاج السندى حسين عبد الحكيم'),
('0', 0, 44678, 1, 2010, 13, 'الاسكندرية', 9, 2, '13.02ث', '', 'شهد ايمن محمد عبد النبى'),
('0', 0, 44913, 1, 2009, 12, 'الجيزة', 10, 3, '#REF!', '', 'حلا ياسر محمد فرج'),
('0', 0, 42100, 1, 2009, 14, 'القاهرة', 10, 3, '#REF!', '', 'حبيبه عمرو قمر عبد المنعم'),
('0', 0, 43398, 1, 2009, 12, 'الجيزة', 10, 3, '#REF!', '', 'بسمله اشرف فكرى محمود'),
('0', 0, 41442, 1, 2010, 12, 'الجيزة', 10, 3, '#REF!', '', 'يارا محمد عاطف عبد الحميد'),
('0', 0, 42605, 1, 2010, 15, 'القاهرة', 10, 3, '#REF!', '', 'سما محمد مسعد محمد قنديل'),
('0', 0, 38476, 1, 2009, 14, 'القاهرة', 10, 3, '#REF!', '', 'جودى نادر على سالم'),
('0', 0, 47329, 1, 2011, 10, 'الاسكندرية', 10, 3, '#REF!', '', 'جودى محمد عبد العال غيطانى'),
('0', 0, 40809, 1, 2009, 10, 'الاسكندرية', 10, 3, '#REF!', '', 'فريده احمد ثابت محمود'),
('الاول', 1, 43764, 1, 2011, 14, 'القاهرة', 6, 2, '30.20ث', '', 'غزل مؤمن حسن محمود'),
('الثاني', 2, 41331, 1, 2010, 22, 'القليوبية', 6, 2, '31.34ث', '', 'نورهان كمال محمد احمد'),
('الثالث', 3, 40082, 1, 2009, 15, 'القاهرة', 6, 2, '31.54ث', '', 'ليله محمد محمد نبيل'),
('الرابع', 4, 44847, 1, 2009, 14, 'القاهرة', 6, 2, '31.60ث', '', 'هنا محمد وجيه زكى'),
('الخامس', 5, 41051, 1, 2009, 10, 'الاسكندرية', 6, 2, '32.18ث', '', 'يارا ياسر خميس محمود'),
('السادس', 6, 40571, 1, 2009, 11, 'الغربية', 6, 2, '32.25ث', '', 'فرح احمد عبد الفتاح يحيى'),
('السابع', 7, 45290, 1, 2009, 1, 'الاسكندرية', 6, 2, '32.80ث', '', 'نوارى طارق مصطفى محمد وهيبه'),
('الثامن', 8, 46112, 1, 2009, 14, 'القاهرة', 6, 2, '32.92ث', '', 'مريم محمد بكار محمد محمد'),
('0', 0, 43398, 1, 2009, 12, 'الجيزة', 1, 3, '31.54ث', '', 'بسمله اشرف فكرى محمود'),
('0', 0, 38476, 1, 2009, 14, 'القاهرة', 1, 3, '32.25ث', '', 'جودى نادر على سالم'),
('0', 0, 47329, 1, 2011, 10, 'الاسكندرية', 1, 3, '32.80ث', '', 'جودى محمد عبد العال غيطانى'),
('0', 0, 40809, 1, 2009, 10, 'الاسكندرية', 1, 3, '32.92ث', '', 'فريده احمد ثابت محمود'),
('0', 0, 42508, 1, 2010, 2, 'القاهرة', 1, 3, '32.96ث', '', 'رقيه محمود اسامه محمد'),
('0', 0, 46425, 1, 2009, 18, 'الاسكندرية', 1, 3, '38.24ث', '', 'سما سامح السيد ابراهيم'),
('0', 0, 44249, 1, 2009, 26, 'الجيزة', 1, 3, '40.48ث', '', 'ملك مصطفى محمد حنفى'),
('0', 0, 44913, 1, 2009, 12, 'الجيزة', 4, 3, '30.20ث', '', 'حلا ياسر محمد فرج'),
('0', 0, 42100, 1, 2009, 14, 'القاهرة', 4, 3, '31.34ث', '', 'حبيبه عمرو قمر عبد المنعم'),
('0', 0, 41442, 1, 2010, 12, 'الجيزة', 4, 3, '31.60ث', '', 'يارا محمد عاطف عبد الحميد'),
('0', 0, 42602, 1, 2010, 15, 'القاهرة', 4, 3, '32.18ث', '', 'حبيبه محمود وحيد عبد العزيز'),
('0', 0, 48785, 1, 2010, 2, 'القاهرة', 4, 3, '33.19ث', '', 'لانا شادى مصطفى كامل'),
('0', 0, 48077, 1, 2010, 27, 'الدقهلية', 4, 3, '37.01ث', '', 'ميانا محمد فكرى توفيق'),
('الاول', 1, 42076, 1, 2009, 14, 'القاهرة', 6, 4, '1.57م', '', 'زينه شريف على محمود'),
('الثاني', 2, 42249, 1, 2009, 1, 'الاسكندرية', 6, 4, '1.57م', '', 'عليا احمد صلاح عبد المجيد'),
('الثالث', 3, 44561, 1, 2010, 10, 'الاسكندرية', 6, 4, '1.54م', '', 'كرمه محمد عادل عبد الحميد'),
('الرابع', 4, 45248, 1, 2011, 1, 'الاسكندرية', 6, 4, '1.51م', '', 'ندى احمد محمود خضر خضر عبده'),
('الخامس', 5, 40130, 1, 2009, 28, 'القاهرة', 6, 4, '1.45م', '', 'سلمى حسام الدين محمد ابو الحديد'),
('السادس', 6, 42812, 1, 2010, 26, 'القاهرة', 6, 4, '1.45م', '', 'جودى احمد مصطفى سعد'),
('السابع', 7, 42773, 1, 2010, 28, 'القاهرة', 6, 4, '1.40م', '', 'حبيبه ياسر ربيع هوى ابراهيم'),
('الثامن', 8, 40223, 1, 2009, 19, 'القاهرة', 6, 4, '1.35م', '', 'ليلى ياسر احمد محمد جوده'),
('الثامن', 8, 42750, 1, 2010, 28, 'القاهرة', 6, 4, '1.35م', '', 'ملك سامى حسن بخيت'),
('0', 0, 42270, 1, 2010, 1, 'الاسكندرية', 1, 4, '1.35م', '', 'رهف اشرف مصطفى محمد'),
('الاول', 1, 42621, 1, 2009, 10, 'الاسكندرية', 6, 5, '49.02م', '', 'ريماس هيثم عادل عبد العظيم'),
('الثاني', 2, 43852, 1, 2010, 14, 'القاهرة', 6, 5, '40.68م', '', 'لمى عماد ابراهيم الدسوقى'),
('الثالث', 3, 40823, 1, 2009, 10, 'الاسكندرية', 6, 5, '39.69م', '', 'جنى عمرو احمد محمد الباهى'),
('الرابع', 4, 41102, 1, 2009, 4, 'الشرقية', 6, 5, '35.20م', '', 'مى محمد على محمد'),
('الخامس', 5, 42250, 1, 2009, 1, 'الاسكندرية', 6, 5, '33.63م', '', 'فريده عمرو على محمد'),
('السادس', 6, 42044, 1, 2009, 13, 'الاسكندرية', 6, 5, '31.84م', '', 'ايسن احمد عبد العليم خلف الله'),
('السابع', 7, 49016, 1, 2010, 10, 'الاسكندرية', 6, 5, '31.00م', '', 'هنا مصطفى محمد فوزى محمد'),
('الثامن', 8, 49232, 1, 2011, 3, 'الدقهلية', 6, 5, '28.56م', '', 'تمار محمد ابراهيم عبدالحميد'),
('الاول', 1, 44913, 1, 2009, 12, 'الجيزة', 6, 3, '29.42ث', '', 'حلا ياسر محمد فرج'),
('الثاني', 2, 42100, 1, 2009, 14, 'القاهرة', 6, 3, '30.14ث', '', 'حبيبه عمرو قمر عبد المنعم'),
('الثالث', 3, 43398, 1, 2009, 12, 'الجيزة', 6, 3, '31.42ث', '', 'بسمله اشرف فكرى محمود'),
('الرابع', 4, 38476, 1, 2009, 14, 'القاهرة', 6, 3, '31.45ث', '', 'جودى نادر على سالم'),
('الخامس', 5, 41442, 1, 2010, 12, 'الجيزة', 6, 3, '31.68ث', '', 'يارا محمد عاطف عبد الحميد'),
('السادس', 6, 47329, 1, 2011, 10, 'الاسكندرية', 6, 3, '32.62ث', '', 'جودى محمد عبد العال غيطانى'),
('السابع', 7, 42605, 1, 2010, 15, 'القاهرة', 6, 3, '32.71ث', '', 'سما محمد مسعد محمد قنديل'),
('الثامن', 8, 40809, 1, 2009, 10, 'الاسكندرية', 6, 3, '33.58ث', '', 'فريده احمد ثابت محمود'),
('الاول', 1, 48961, 1, 2009, 14, 'القاهرة', 6, 6, '6.34.57ق', '', 'شهد عادل عبده مصطفى'),
('الثاني', 2, 35878, 1, 2009, 29, 'القاهرة', 6, 6, '6.38.30ق', '', 'جودى سامح محمد نجيب'),
('الثالث', 3, 49493, 1, 2009, 19, 'القاهرة', 6, 6, '6.46.01ق', '', 'حنين محمد حمدى السعيد'),
('الرابع', 4, 49084, 1, 2009, 14, 'القاهرة', 6, 6, '6.46.68ق', '', 'ريم وليد عبد السلام مصطفى'),
('الخامس', 5, 48444, 1, 2010, 30, 'الغربية', 6, 6, '6.47.62ق', '', 'سلمى شريف إبراهيم باز'),
('السادس', 6, 44920, 1, 2009, 31, 'الشرقية', 6, 6, '6.55.86ق', '', 'جودى محمد مجدى عليوه'),
('السابع', 7, 44262, 1, 2010, 26, 'الجيزة', 6, 6, '7.06.53ق', '', 'زينب الحسن الوردانى طاهر'),
('الثامن', 8, 48110, 1, 2010, 32, 'اسيوط', 6, 6, '7.34.90ق', '', 'زينب عثمان جابر عثمان'),
('التاسع', 9, 44480, 1, 2010, 33, 'الاسكندرية', 6, 6, '8.01.76ق', '', 'مايا محمد سيد حسن'),
('العاشر', 10, 49328, 1, 2010, 30, 'الغربية', 6, 6, '8.14.48ق', '', 'جودى محمد حامد محمد'),
('الحادى عشر', 11, 48954, 1, 2010, 31, 'الشرقية', 6, 6, '8.35.59ق', '', 'ريتاج مصطفى جمال الدين سالم'),
('الثاني عشر', 12, 49545, 1, 2009, 31, 'الشرقية', 6, 6, '8.36.59ق', '', 'نور وليد انور على'),
('الثالث عشر', 13, 44578, 1, 2009, 34, 'شمال سيناء', 6, 6, '8.50.08ق', '', 'رانيا السيد محمد عطيه'),
('الثالث عشر', 14, 44374, 1, 2009, 31, 'الشرقية', 6, 6, '9.07.87ق', '', 'اشرقت محمود نصر الله محمد'),
('الثالث عشر', 15, 38292, 1, 2010, 35, 'الفيوم', 6, 6, '10.18.48ق', '', 'ياسمين سلامه فتحى زيدان'),
('الثالث عشر', 16, 42717, 1, 2009, 3, 'اسوان', 6, 6, '11.22.84ق', '', 'هدير صلاح نجدى رضوان'),
('الثالث عشر', 17, 46819, 1, 2010, 34, 'شمال سيناء', 6, 6, '12.35.74ق', '', 'اسلام رمضان خفاجى محمد منصور'),
('الثالث عشر', 18, 44156, 1, 2010, 7, 'القليوبية', 6, 6, 'DNF', '', 'اسينات احمد محمد السيد'),
('0', 0, 49232, 1, 2011, 3, 'الدقهلية', 1, 5, '28.56م', '', 'تمار محمد ابراهيم عبدالحميد'),
('0', 0, 43048, 1, 2009, 3, 'الاسماعيلية', 1, 5, '24.50م', '', 'سلمى احمد خالد'),
('0', 0, 41363, 1, 2009, 3, 'الاسماعيلية', 1, 5, '26.13م', '', 'ساجده محمد عثمان احمد'),
('0', 0, 41369, 1, 2009, 3, 'الاسماعيلية', 1, 5, '27.92م', '', 'رهف ايهاب محمد سليمان محمد'),
('0', 0, 45958, 1, 2010, 7, 'القليوبية', 1, 5, '10.11م', '', 'نور نبيل جاد الرب على'),
('0', 0, 43072, 1, 2010, 9, 'بورسعيد', 1, 5, '21.05م', '', 'ريم محمد سليمان حسن'),
('0', 0, 47118, 1, 2011, 1, 'الاسكندرية', 1, 5, '22.69م', '', 'هنا محمد احمد ابو الفتح'),
('0', 0, 47108, 1, 2011, 1, 'الاسكندرية', 1, 5, '20.18م', '', 'هند احمد مصطفى السعيد'),
('0', 0, 45263, 1, 2011, 1, 'الاسكندرية', 1, 5, '18.18م', '', 'جنا عبد المنعم محمد محمد هاشم جبيب'),
('0', 0, 40823, 1, 2009, 10, 'الاسكندرية', 1, 5, '39.69م', '', 'جنى عمرو احمد محمد الباهى'),
('0', 0, 49005, 1, 2010, 10, 'الاسكندرية', 1, 5, '24.31م', '', 'مريم مصطفى احمد'),
('0', 0, 48982, 1, 2011, 10, 'الاسكندرية', 1, 5, '22.02م', '', 'كرمه عبد المجيد مؤنس'),
('0', 0, 41102, 1, 2009, 4, 'الشرقية', 1, 5, '30.05م', '', 'مى محمد على محمد'),
('0', 0, 49102, 1, 2009, 26, 'القاهرة', 1, 5, '26.60م', '', 'همسه عصام حسين محمد'),
('الاول', 1, 40435, 1, 2009, 8, 'الاسكندرية', 6, 7, '4.91م', '', 'شهد وليد مساح ابو المجد على'),
('الثاني', 2, 41645, 1, 2010, 3, 'السويس', 6, 7, '4.78م', '', 'راما بخيت ابراهيم عبد النعيم'),
('الثالث', 3, 41331, 1, 2010, 22, 'القليوبية', 6, 7, '4.74م', '', 'نورهان كمال محمد احمد'),
('الرابع', 4, 40569, 1, 2009, 11, 'الغربية', 6, 7, '4.70م', '', 'مريم محمود مصطفى احمد'),
('الخامس', 5, 45638, 1, 2009, 8, 'الاسكندرية', 6, 7, '4.70م', '', 'امال عصام صابر سيف النصر'),
('السادس', 6, 40571, 1, 2009, 11, 'الغربية', 6, 7, '4.68م', '', 'فرح احمد عبد الفتاح يحيى'),
('السابع', 7, 46886, 1, 2010, 9, 'بورسعيد', 6, 7, '4.63م', '', 'جودى على عبد المنعم منصف'),
('الثامن', 8, 43070, 1, 2010, 9, 'بورسعيد', 6, 7, '4.40م', '', 'الما حسام محمد احمد'),
('الاول', 1, 41646, 1, 2009, 3, 'السويس', 1, 7, '4.00م', '', 'حلا احمد سليمان السيد'),
('0', 0, 47296, 1, 2010, 3, 'بنى سويف', 1, 7, '3.51م', '', 'سندس محمد احمد خليل'),
('0', 0, 41337, 1, 2010, 3, 'القليوبية', 1, 7, '3.41م', '', 'نادين احمد عيسى ابو المجد'),
('0', 0, 49236, 1, 2011, 3, 'الدقهلية', 1, 7, '3.99م', '', 'مريم سامح محمد محمد'),
('0', 0, 46112, 1, 2009, 14, 'القاهرة', 1, 7, '-', '', 'مريم محمد بكار محمد محمد'),
('0', 0, 47732, 1, 2009, 14, 'القاهرة', 1, 7, '4.38م', '', 'جويريه ايمن مصطفى ابو المحاسن'),
('0', 0, 41981, 1, 2010, 25, 'الاسكندرية', 1, 7, '4.04م', '', 'سلمى محمد كامل محمد'),
('0', 0, 49215, 1, 2011, 33, 'الاسكندرية', 1, 7, '4.22م', '', 'كنده عبدالمطلب محمد رمضان'),
('0', 0, 40434, 1, 2009, 8, 'الاسكندرية', 1, 7, '3.88م', '', 'فريده حسام محمد توفيق'),
('0', 0, 40438, 1, 2009, 8, 'الاسكندرية', 1, 7, '4.10م', '', 'ايه اشرف فؤاد عبد السيد'),
('0', 0, 43243, 1, 2010, 19, 'القاهرة', 1, 7, '4.13م', '', 'نور سامح رشاد عبد الله'),
('0', 0, 48077, 1, 2010, 27, 'الدقهلية', 1, 7, '3.08م', '', 'ميانا محمد فكرى توفيق'),
('0', 0, 43069, 1, 2010, 9, 'بورسعيد', 1, 7, '4.16م', '', 'ملك محمد فاروق ابراهيم'),
('0', 0, 45848, 1, 2009, 9, 'بورسعيد', 1, 7, '3.26م', '', 'ملك احمد عبد الجواد محمد'),
('0', 0, 46355, 1, 2010, 9, 'بورسعيد', 1, 7, '4.24م', '', 'ريتاج السيد محمد على'),
('0', 0, 44564, 1, 2009, 10, 'الاسكندرية', 1, 7, '4.23م', '', 'حبيبه تامر سعد السيد'),
('0', 0, 49017, 1, 2009, 10, 'الاسكندرية', 1, 7, '3.54م', '', 'زينه عمرو ثروت احمد محمود'),
('0', 0, 43750, 1, 2010, 10, 'الاسكندرية', 1, 7, '3.50م', '', 'فرح احمد عطا الله على'),
('0', 0, 49023, 1, 2010, 10, 'الاسكندرية', 1, 7, '3.81م', '', 'منه الله محمود داهش'),
('0', 0, 42606, 1, 2010, 10, 'الاسكندرية', 1, 7, '4.08م', '', 'فريده محمد حمدى محمود'),
('0', 0, 48970, 1, 2010, 4, 'القاهرة', 1, 7, '-', '', 'حبيبه احمد عبد العزيز حسن'),
('0', 0, 48964, 1, 2010, 4, 'القاهرة', 1, 7, '4.10م', '', 'لميس هانى محمد محمد'),
('0', 0, 42481, 1, 2011, 11, 'البحيرة', 1, 7, '4.13م', '', 'لينه محمود مصطفى احمد'),
('0', 0, 44571, 1, 2010, 12, 'الجيزة', 1, 7, '3.72م', '', 'ليلى اسلام مصطفى محمد'),
('0', 0, 43196, 1, 2011, 13, 'الاسكندرية', 1, 7, '3.99م', '', 'جودى احمد محمود عبد الراضى'),
('0', 0, 49168, 1, 2011, 13, 'الاسكندرية', 1, 7, '3.57م', '', 'اروى احمد محمد عبد القادر'),
('0', 0, 45850, 1, 2010, 36, 'بورسعيد', 1, 7, '4.06م', '', 'لارا هيثم محمد عيد حنفى'),
('0', 0, 43213, 1, 2010, 13, 'الاسكندرية', 1, 7, '4.20م', '', 'سما السيد فاروق السيد'),
('0', 0, 42864, 1, 2009, 3, 'اسوان', 1, 7, '3.33م', '', 'ساره احمد رضوان احمد'),
('0', 0, 49171, 1, 2010, 13, 'الاسكندرية', 1, 7, '3.72م', '', 'اسماء عصام عبد النعيم عبد اللطيف'),
('0', 0, 43203, 1, 2010, 23, 'الاسكندرية', 1, 7, '4.12م', '', 'نور عمرو على ابراهيم'),
('0', 0, 45847, 1, 2010, 36, 'بورسعيد', 1, 7, '-', '', 'منه الله السيد احمد عباس'),
('0', 0, 42709, 1, 2009, 3, 'اسوان', 1, 7, '2.80م', '', 'ردينه محمد عبد الفتح'),
('0', 0, 46780, 1, 2010, 37, 'اسوان', 1, 7, '-', '', 'عبير جمعه مصطفى خليل'),
('0', 0, 49014, 1, 2011, 10, 'الاسكندرية', 1, 7, '3.23م', '', 'سلمى عمرو احمد حامد سماحه'),
('0', 0, 46874, 1, 2011, 10, 'الاسكندرية', 1, 7, '3.64م', '', 'رغد عبد المنعم حسن عبد المنعم'),
('الاول', 1, 42603, 1, 2010, 15, 'القاهرة', 6, 8, '38.93ث', '', 'فريده طارق فهيم محمد عبد الحميد'),
('الاول', 1, 42608, 1, 2010, 15, 'القاهرة', 6, 8, '38.93ث', '', 'عائشة عبد المحسن مخيم مرسى'),
('الاول', 1, 42610, 1, 2010, 15, 'القاهرة', 6, 8, '38.93ث', '', 'هدى محمد مصطفى عليوه مصطفى'),
('الاول', 1, 40082, 1, 2009, 15, 'القاهرة', 6, 8, '38.93ث', '', 'ليله محمد محمد نبيل'),
('الثاني', 2, 43470, 1, 2011, 10, 'الاسكندرية', 6, 8, '39.35ث', '', 'ايه احمد محسن غريب'),
('الثاني', 2, 42609, 1, 2009, 10, 'الاسكندرية', 6, 8, '39.35ث', '', 'لينا خالد على محمد'),
('الثاني', 2, 49011, 1, 2011, 10, 'الاسكندرية', 6, 8, '39.35ث', '', 'حسنه تامر ابراهيم محمود'),
('الثاني', 2, 45520, 1, 2010, 10, 'الاسكندرية', 6, 8, '39.35ث', '', 'رقيه ميسره محمود محمد شراقى'),
('الثالث', 3, 45638, 1, 2009, 8, 'الاسكندرية', 6, 8, '41.24ث', '', 'امال عصام صابر سيف النصر'),
('الثالث', 3, 40438, 1, 2009, 8, 'الاسكندرية', 6, 8, '41.24ث', '', 'ايه اشرف فؤاد عبد السيد'),
('الثالث', 3, 40434, 1, 2009, 8, 'الاسكندرية', 6, 8, '41.24ث', '', 'فريده حسام محمد توفيق'),
('الثالث', 3, 40435, 1, 2009, 8, 'الاسكندرية', 6, 8, '41.24ث', '', 'شهد وليد مساح ابو المجد على'),
('الرابع', 4, 43252, 1, 2010, 19, 'القاهرة', 6, 8, '41.46ث', '', 'حلا تامر حماد محمد'),
('الرابع', 4, 43250, 1, 2010, 19, 'القاهرة', 6, 8, '41.46ث', '', 'سلمى هشام مصطفى تمام'),
('الرابع', 4, 43243, 1, 2010, 19, 'القاهرة', 6, 8, '41.46ث', '', 'نور سامح رشاد عبد الله'),
('الرابع', 4, 49491, 1, 2009, 19, 'القاهرة', 6, 8, '41.46ث', '', 'فريده احمد على فهمى'),
('الخامس', 5, 48785, 1, 2010, 2, 'القاهرة', 6, 8, '42.80ث', '', 'لانا شادى مصطفى كامل'),
('الخامس', 5, 45405, 1, 2009, 2, 'القاهرة', 6, 8, '42.80ث', '', 'لى لى كريم محمد محمد'),
('الخامس', 5, 42508, 1, 2010, 2, 'القاهرة', 6, 8, '42.80ث', '', 'رقيه محمود اسامه محمد'),
('الخامس', 5, 45285, 1, 2009, 1, 'الاسكندرية', 6, 8, '42.80ث', '', 'جنى محمد مصطفى شحاته'),
('السادس', 6, 42232, 1, 2010, 21, 'القاهرة', 6, 8, '43.36ث', '', 'مريم شريف محمد رمزى'),
('السادس', 6, 44003, 1, 2009, 21, 'القاهرة', 6, 8, '43.36ث', '', 'عاليا وائل محمد سمير'),
('السادس', 6, 49270, 1, 2009, 21, 'القاهرة', 6, 8, '43.36ث', '', 'ليلى يحى حسن صفوت'),
('السادس', 6, 42205, 1, 2009, 21, 'القاهرة', 6, 8, '43.36ث', '', 'مريم محمد عبد الحميد احمد'),
('السابع', 7, 46112, 1, 2009, 14, 'القاهرة', 6, 8, '46.33ث', '', 'مريم محمد بكار محمد محمد'),
('السابع', 7, 43060, 1, 2010, 14, 'القاهرة', 6, 8, '46.33ث', '', 'روان رضا محمد عبد الحميد'),
('السابع', 7, 46854, 1, 2010, 14, 'القاهرة', 6, 8, '46.33ث', '', 'ريناد اسامه عبد المؤمن عبد التواب'),
('السابع', 7, 43764, 1, 2011, 14, 'القاهرة', 6, 8, '46.33ث', '', 'غزل مؤمن حسن محمود'),
('الاول', 1, 48113, 1, 2011, 32, 'اسيوط', 6, 9, '14.55.47ق', '', 'سجى فهد مصطفى النحاس'),
('الثاني', 2, 42752, 1, 2010, 28, 'القاهرة', 6, 9, '15.05.58ق', '', 'ياسمين عمرو صلاح محمود'),
('الثالث', 3, 44334, 1, 2010, 38, 'الجيزة', 6, 9, '15.22.95ق', '', 'جنى طارق طلعت عبد المجيد'),
('الرابع', 4, 42693, 1, 2011, 28, 'القاهرة', 6, 9, '16.01.69ق', '', 'ريسان احمد محمد احمد'),
('الخامس', 5, 47522, 1, 2009, 38, 'الجيزة', 6, 9, '16.23.95ق', '', 'جومانه حسام سمير عز الدين'),
('السادس', 6, 47546, 1, 2010, 38, 'الجيزة', 6, 9, '16.26.90ق', '', 'حبيبه احمد حسن عثمان'),
('السابع', 7, 47554, 1, 2010, 38, 'الجيزة', 6, 9, '16.54.68ق', '', 'جومانه احمد ضاحى كبر'),
('الثامن', 8, 42748, 1, 2010, 28, 'القاهرة', 6, 9, '16.57.21ق', '', 'رودينا خالد عبد المنعم محمد'),
('الاول', 1, 46138, 1, 2010, 14, 'القاهرة', 6, 10, '5.53.35ق', '', 'عائشه السيد على محمد عجينه'),
('الثاني', 2, 42773, 1, 2010, 28, 'القاهرة', 6, 10, '5.55.33ق', '', 'حبيبه ياسر ربيع هوى ابراهيم'),
('الثالث', 3, 44252, 1, 2009, 26, 'الجيزة', 6, 10, '5.58.55ق', '', 'وفاء طه على ابراهيم'),
('الرابع', 4, 38431, 1, 2009, 32, 'الفيوم', 6, 10, '6.03.39ق', '', 'بسنت صلاح محمد'),
('الخامس', 5, 47746, 1, 2010, 4, 'القاهرة', 6, 10, '6.08.40ق', '', 'فاطمه على عبد المنعم على'),
('السادس', 6, 40877, 1, 2009, 14, 'القاهرة', 6, 10, '6.11.13ق', '', 'رحمه محمد احمد محمود'),
('السابع', 7, 42763, 1, 2010, 28, 'القاهرة', 6, 10, '7.29.29ق', '', 'يارا عمرو صلاح محمود'),
('الاول', 1, 48113, 1, 2011, 32, 'اسيوط', 6, 9, '14.55.47ق', '', 'سجى فهد مصطفى النحاس'),
('الثاني', 2, 42752, 1, 2010, 28, 'القاهرة', 6, 9, '15.05.58ق', '', 'ياسمين عمرو صلاح محمود'),
('الثالث', 3, 44334, 1, 2010, 38, 'الجيزة', 6, 9, '15.22.95ق', '', 'جنى طارق طلعت عبد المجيد'),
('الرابع', 4, 42693, 1, 2011, 28, 'القاهرة', 6, 9, '16.01.69ق', '', 'ريسان احمد محمد احمد'),
('الخامس', 5, 47522, 1, 2009, 38, 'الجيزة', 6, 9, '16.23.95ق', '', 'جومانه حسام سمير عز الدين'),
('السادس', 6, 47546, 1, 2010, 38, 'الجيزة', 6, 9, '16.25.99ق', '', 'حبيبه احمد حسن عثمان'),
('السابع', 7, 47554, 1, 2010, 38, 'الجيزة', 6, 9, '16.36.90ق', '', 'جومانه احمد ضاحى كبر'),
('الثامن', 8, 42748, 1, 2010, 28, 'القاهرة', 6, 9, '16.54.68ق', '', 'رودينا خالد عبد المنعم محمد'),
('التاسع', 9, 46144, 1, 2011, 14, 'القاهرة', 6, 9, '16.57.21ق', '', 'الاء محمد احمد رضا محمد'),
('العاشر', 10, 48746, 1, 2010, 28, 'القاهرة', 6, 9, '17.25.13ق', '', 'ليلى اسامة عدلى امين'),
('الحادى عشر', 11, 47494, 1, 2011, 38, 'الجيزة', 6, 9, '17.39.41ق', '', 'نيلى كريم جمال سعد الدين'),
('الثاني عشر', 12, 48824, 1, 2009, 23, 'الاسكندرية', 6, 9, '21.05.97ق', '', 'نور ابراهيم محمود على'),
('الاول', 1, 44913, 1, 2009, 12, 'الجيزة', 10, 11, '12.73ث', '', 'حلا ياسر محمد فرج'),
('الثاني', 2, 42608, 1, 2010, 15, 'القاهرة', 10, 11, '12.93ث', '', 'عائشة عبد المحسن مخيم مرسى'),
('الثالث', 3, 44620, 1, 2010, 10, 'الاسكندرية', 10, 11, '13.12ث', '', 'مايا تامر سالم عبد الفتاح'),
('الرابع', 4, 42100, 1, 2009, 14, 'القاهرة', 10, 11, '13.15ث', '', 'حبيبه عمرو قمر عبد المنعم'),
('الخامس', 5, 40754, 1, 2009, 3, 'السويس', 10, 11, '13.35ث', '', 'جورى محمود عبد العزيز على'),
('السادس', 6, 42603, 1, 2010, 15, 'القاهرة', 10, 11, '13.45ث', '', 'فريده طارق فهيم محمد عبد الحميد'),
('السابع', 7, 43398, 1, 2009, 12, 'الجيزة', 10, 11, '13.69ث', '', 'بسمله اشرف فكرى محمود'),
('الثامن', 8, 42607, 1, 2010, 15, 'القاهرة', 10, 11, '17.74ث', '', 'ملك باسم محمد حسن محمد'),
('0', 0, 42603, 1, 2010, 15, 'القاهرة', 1, 11, '13.45ث', '', 'فريده طارق فهيم محمد عبد الحميد'),
('0', 0, 48964, 1, 2010, 4, 'القاهرة', 1, 11, '14.10ث', '', 'لميس هانى محمد محمد'),
('0', 0, 41442, 1, 2010, 12, 'الجيزة', 1, 11, '14.15ث', '', 'يارا محمد عاطف عبد الحميد'),
('0', 0, 42605, 1, 2010, 15, 'القاهرة', 1, 11, '14.69ث', '', 'سما محمد مسعد محمد قنديل'),
('0', 0, 42481, 1, 2011, 11, 'البحيرة', 1, 11, '14.95ث', '', 'لينه محمود مصطفى احمد'),
('0', 0, 44249, 1, 2009, 26, 'الجيزة', 1, 11, '19.32ث', '', 'ملك مصطفى محمد حنفى'),
('0', 0, 44913, 1, 2009, 12, 'الجيزة', 4, 11, '12.73ث', '', 'حلا ياسر محمد فرج'),
('0', 0, 42608, 1, 2010, 15, 'القاهرة', 4, 11, '12.93ث', '', 'عائشة عبد المحسن مخيم مرسى'),
('0', 0, 44620, 1, 2010, 10, 'الاسكندرية', 4, 11, '13.12ث', '', 'مايا تامر سالم عبد الفتاح'),
('0', 0, 40754, 1, 2009, 3, 'السويس', 4, 11, '13.35ث', '', 'جورى محمود عبد العزيز على'),
('0', 0, 46669, 1, 2011, 36, 'بورسعيد', 4, 11, '16.48ث', '', 'ريماس اسلام جمال عوض'),
('0', 0, 42100, 1, 2009, 14, 'القاهرة', 5, 11, '13.15ث', '', 'حبيبه عمرو قمر عبد المنعم'),
('0', 0, 43398, 1, 2009, 12, 'الجيزة', 5, 11, '13.69ث', '', 'بسمله اشرف فكرى محمود'),
('0', 0, 42607, 1, 2010, 15, 'القاهرة', 5, 11, '13.74ث', '', 'ملك باسم محمد حسن محمد'),
('0', 0, 44560, 1, 2010, 10, 'الاسكندرية', 5, 11, '14.11ث', '', 'رودينا احمد سمير الامام'),
('0', 0, 42090, 1, 2010, 14, 'القاهرة', 5, 11, '15.51ث', '', 'ورد محمد مشير محمد'),
('الاول', 1, 39017, 1, 2009, 3, 'الدقهلية', 6, 12, '4813 نقطة', '', 'سنا اسلام محمد احمد'),
('الثاني', 2, 44911, 1, 2010, 3, 'الدقهلية', 6, 12, '4711 نقطة', '', 'ملك محمد عبد العزيز عبد السلام'),
('الثالث', 3, 46262, 1, 2009, 39, 'المنيا', 6, 12, '4651 نقطة', '', 'ملك وائل احمد محمود'),
('الرابع', 4, 41098, 1, 2009, 4, 'القاهرة', 6, 12, '4601 نقطة', '', 'شروق حسام الدين مصطفى عبد البديع'),
('الخامس', 5, 40569, 1, 2009, 11, 'الغربية', 6, 12, '4533 نقطة', '', 'مريم محمود مصطفى احمد'),
('السادس', 6, 46359, 1, 2011, 12, 'الجيزة', 6, 12, '4351 نقطة', '', 'خديجه محمد عبد الغنى'),
('السابع', 7, 45463, 1, 2009, 4, 'القاهرة', 6, 12, '3955 نقطة', '', 'مريم محمد حسين محمد عبد الرحيم'),
('الثامن', 8, 44874, 1, 2010, 3, 'الدقهلية', 6, 12, '3767 نقطة', '', 'رحمه محمد حسنى مصطفى محمود'),
('التاسع', 9, 42090, 1, 2010, 14, 'القاهرة', 6, 12, '3727 نقطة', '', 'ورد محمد مشير محمد'),
('العاشر', 10, 42270, 1, 2010, 1, 'الاسكندرية', 6, 12, '3616 نقطة', '', 'رهف اشرف مصطفى محمد'),
('الحادى عشر', 11, 42182, 1, 2011, 1, 'الاسكندرية', 6, 12, '3572 نقطة', '', 'ملك سامح السيد السيد'),
('الثاني عشر', 12, 45464, 1, 2009, 4, 'القاهرة', 6, 12, '3472 نقطة', '', 'مروه السيد على محمد محمد'),
('الثالث عشر', 13, 40754, 1, 2009, 3, 'السويس', 6, 12, '3269 نقطة', '', 'جورى محمود عبد العزيز على'),
('الثالث عشر', 14, 49232, 1, 2011, 3, 'الدقهلية', 6, 12, '2965 نقطة', '', 'تمار محمد ابراهيم عبدالحميد'),
('الثالث عشر', 15, 45840, 1, 2010, 39, 'المنيا', 6, 12, '1682 نقطة', '', 'ابتهال صابر عويس عبد الغنى'),
('الثالث عشر', 16, 39013, 1, 2009, 3, 'الدقهلية', 6, 12, '1012 نقطة', '', 'لجين نبيل على محمد'),
('الاول', 1, 42164, 1, 2011, 1, 'القاهرة', 6, 13, '3.10م', '', 'جينا محمد عماد الدين عبد المنعم'),
('الثاني', 2, 40292, 1, 2009, 1, 'الاسكندرية', 6, 13, '3.00م', '', 'جودى جلال محمد سويفى'),
('الثالث', 3, 42327, 1, 2009, 19, 'القاهرة', 6, 13, '2.90م', '', 'حنين خالد احمد جلال'),
('الرابع', 4, 44560, 1, 2010, 10, 'الاسكندرية', 6, 13, '2.90م', '', 'رودينا احمد سمير الامام'),
('الخامس', 5, 44559, 1, 2009, 10, 'الاسكندرية', 6, 13, '2.50م', '', 'الينور محمد محيى احمد'),
('السادس', 6, 47105, 1, 2010, 1, 'الاسكندرية', 6, 13, '2.20م', '', 'هاجر اسلام احمد مرسى'),
('السابع', 7, 49371, 1, 2009, 12, 'الجيزة', 6, 13, '2.10م', '', 'لجين محمد وفيق حسن'),
('الاول', 1, 44913, 1, 2009, 12, 'الجيزة', 6, 11, '12.53ث', '', 'حلا ياسر محمد فرج'),
('الثاني', 2, 42100, 1, 2009, 14, 'القاهرة', 6, 11, '12.81ث', '', 'حبيبه عمرو قمر عبد المنعم'),
('الثالث', 3, 42608, 1, 2010, 15, 'القاهرة', 6, 11, '12.92ث', '', 'عائشة عبد المحسن مخيم مرسى'),
('الرابع', 4, 44620, 1, 2010, 10, 'الاسكندرية', 6, 11, '13.12ث', '', 'مايا تامر سالم عبد الفتاح'),
('الخامس', 5, 43398, 1, 2009, 12, 'الجيزة', 6, 11, '13.25ث', '', 'بسمله اشرف فكرى محمود'),
('السادس', 6, 42603, 1, 2010, 15, 'القاهرة', 6, 11, '13.31ث', '', 'فريده طارق فهيم محمد عبد الحميد'),
('السابع', 7, 42607, 1, 2010, 15, 'القاهرة', 6, 11, '13.70ث', '', 'ملك باسم محمد حسن محمد'),
('الثامن', 8, 41442, 1, 2010, 12, 'الجيزة', 6, 11, '14.15ث', '', 'يارا محمد عاطف عبد الحميد'),
('الاول', 1, 48114, 1, 2010, 32, 'اسيوط', 6, 14, '3.03.30ق', '', 'جنى صلاح كامل فكرى'),
('الثاني', 2, 41355, 1, 2010, 3, 'القليوبية', 6, 14, '3.11.05ق', '', 'ريناد هانى على عبد المحسن'),
('الثالث', 3, 43202, 1, 2010, 23, 'الاسكندرية', 6, 14, '3.12.71ق', '', 'جودى وليد محمد ابراهيم'),
('الرابع', 4, 42648, 1, 2010, 10, 'الاسكندرية', 6, 14, '3.16.48ق', '', 'ميران محمود ابراهيم حسين'),
('الخامس', 5, 48111, 1, 2011, 32, 'اسيوط', 6, 14, '3.19.70ق', '', 'سلمى رمضان رجب محمد'),
('السادس', 6, 43200, 1, 2011, 13, 'الاسكندرية', 6, 14, '3.23.39ق', '', 'هنا حامد جابر حامد'),
('السابع', 7, 44278, 1, 2011, 26, 'الجيزة', 6, 14, '3.25.39ق', '', 'يارا باسم عبد المنعم نصر'),
('الثامن', 8, 44263, 1, 2010, 26, 'الجيزة', 6, 14, '3.28.33ق', '', 'زينب هانى فهمى الباز'),
('0', 0, 47017, 1, 2010, 40, 'المنوفية', 1, 14, '3.29.29ق', '', 'فريده عماد الدين محمد حمدان'),
('0', 0, 48108, 1, 2011, 32, 'اسيوط', 1, 14, '3.30.95ق', '', 'ملكه ادهم عادل عبد الرحمن'),
('0', 0, 36941, 1, 2009, 14, 'المنيا', 1, 14, '3.38.62ق', '', 'شروق احمد عبد الحميد رائق'),
('0', 0, 46990, 1, 2010, 6, 'الدقهلية', 1, 14, '3.40.48ق', '', 'توهادا اشرف سيد هلال'),
('0', 0, 42183, 1, 2011, 1, 'الاسكندرية', 1, 14, '3.40.60ق', '', 'فيروز احمد محمد احمد'),
('0', 0, 45647, 1, 2010, 8, 'الاسكندرية', 1, 14, '3.41.05ق', '', 'نورهان عبد الله عياد'),
('0', 0, 48039, 1, 2010, 41, 'القاهرة', 1, 14, '3.41.10ق', '', 'شروق ربيع جوده حسين اسماعيل'),
('0', 0, 44156, 1, 2010, 7, 'القليوبية', 1, 14, '4.12.55ق', '', 'اسينات احمد محمد السيد'),
('0', 0, 40440, 1, 2009, 8, 'الاسكندرية', 1, 14, '4.18.99', '', 'بسنت ضياء الدين مصطفى'),
('0', 0, 48111, 1, 2011, 32, 'اسيوط', 4, 14, '3.28.26ق', '', 'سلمى رمضان رجب محمد'),
('0', 0, 43200, 1, 2011, 13, 'الاسكندرية', 4, 14, '3.30.22ق', '', 'هنا حامد جابر حامد'),
('0', 0, 44232, 1, 2010, 17, 'السويس', 4, 14, '3.30.92ق', '', 'فاطمه الزهراء تامر محمود محمد'),
('0', 0, 46773, 1, 2010, 29, 'السويس', 4, 14, '3.36.48ق', '', 'نور احمد على احمد'),
('0', 0, 45661, 1, 2010, 8, 'الاسكندرية', 4, 14, '3.52.42ق', '', 'اسيل احمد ابراهيم متولى'),
('0', 0, 47234, 1, 2011, 8, 'الاسكندرية', 4, 14, '4.09.66ق', '', 'جيداء احمد ابراهيم الوكيل'),
('0', 0, 45659, 1, 2011, 8, 'الاسكندرية', 4, 14, '4.29.56ق', '', 'يارا محمد احمد السيد'),
('الاول', 1, 43221, 1, 2010, 14, 'القاهرة', 6, 15, '27.31ث', '', 'ايمان عبد الله ابرهيم احمد'),
('الثاني', 2, 44847, 1, 2009, 14, 'القاهرة', 6, 15, '27.36ث', '', 'هنا محمد وجيه زكى'),
('الثالث', 3, 42609, 1, 2009, 10, 'الاسكندرية', 6, 15, '27.49ث', '', 'لينا خالد على محمد'),
('الرابع', 4, 45520, 1, 2010, 10, 'الاسكندرية', 6, 15, '27.52ث', '', 'رقيه ميسره محمود محمد شراقى'),
('الخامس', 5, 41645, 1, 2010, 3, 'السويس', 6, 15, '28.04ث', '', 'راما بخيت ابراهيم عبد النعيم'),
('السادس', 6, 43060, 1, 2010, 14, 'القاهرة', 6, 15, '28.46ث', '', 'روان رضا محمد عبد الحميد'),
('السابع', 7, 43226, 1, 2010, 26, 'الجيزة', 6, 15, '28.91ث', '', 'ملك توفيق محمد توفيق'),
('الثامن', 8, 49411, 1, 2009, 24, 'الاسكندرية', 6, 15, '29.45ث', '', 'فريده معروف احمد محمد حسين'),
('الاول', 1, 41334, 1, 2009, 3, 'القليوبية', 6, 16, '44.80م', '', 'جنه صليح صليح عامر'),
('الثاني', 2, 41658, 1, 2009, 1, 'الاسكندرية', 6, 16, '39.00م', '', 'الاء تامر السيد عبده بلال'),
('الثالث', 3, 42334, 1, 2009, 19, 'القاهرة', 6, 16, '36.42م', '', 'امنيه محمد محيى محمد'),
('الرابع', 4, 42133, 1, 2010, 8, 'القاهرة', 6, 16, '34.51م', '', 'لامار محمد محمد محمد'),
('الخامس', 5, 47092, 1, 2009, 1, 'الاسكندرية', 6, 16, '32.32م', '', 'ملك محمد حسن محمد'),
('السادس', 6, 42356, 1, 2010, 5, 'الغربية', 6, 16, '31.96م', '', 'مريم امجد محمد زلط'),
('السابع', 7, 46344, 1, 2009, 12, 'الجيزة', 6, 16, '31.34م', '', 'زينب مصطفى محمد'),
('الثامن', 8, 43729, 1, 2010, 10, 'الاسكندرية', 6, 16, '30.77م', '', 'مليكه عمرو محمد نجيب'),
('0', 0, 41645, 1, 2010, 3, 'السويس', 1, 15, '28.57ث', '', 'راما بخيت ابراهيم عبد النعيم'),
('0', 0, 43060, 1, 2010, 14, 'القاهرة', 1, 15, '29.07ث', '', 'روان رضا محمد عبد الحميد'),
('0', 0, 43226, 1, 2010, 26, 'الجيزة', 1, 15, '29.15ث', '', 'ملك توفيق محمد توفيق'),
('0', 0, 42154, 1, 2010, 1, 'القاهرة', 1, 15, '#REF!', '', 'رقيه احمد عادل عبد الصادق'),
('0', 0, 45523, 1, 2009, 10, 'الاسكندرية', 1, 15, '#REF!', '', 'فاطمه الزهراء مصطفى حمدى'),
('0', 0, 42232, 1, 2010, 21, 'القاهرة', 1, 15, '31.15ث', '', 'مريم شريف محمد رمزى'),
('0', 0, 42104, 1, 2010, 14, 'القاهرة', 4, 15, '31.68ث', '', 'ميرنا حسام محمد امين'),
('0', 0, 45519, 1, 2009, 10, 'الاسكندرية', 4, 15, '35.33ث', '', 'هانا عمرو احمد السيد'),
('0', 0, 42205, 1, 2009, 21, 'القاهرة', 4, 15, '31.35ث', '', 'مريم محمد عبد الحميد احمد'),
('0', 0, 42277, 1, 2010, 1, 'الاسكندرية', 4, 15, '32.08ث', '', 'هيا ابراهيم محمد مرزوق'),
('0', 0, 44678, 1, 2010, 13, 'الاسكندرية', 4, 15, '34.83ث', '', 'شهد ايمن محمد عبد النبى'),
('0', 0, 42503, 1, 2010, 6, 'الدقهلية', 4, 15, '34.89ث', '', 'راما محمد مصطفى كمال على'),
('0', 0, 45520, 1, 2010, 10, 'الاسكندرية', 5, 15, '28.02ث', '', 'رقيه ميسره محمود محمد شراقى'),
('0', 0, 42825, 1, 2009, 26, 'القاهرة', 5, 15, '31.34ث', '', 'صفوه محمد على مصطفى'),
('0', 0, 49270, 1, 2009, 21, 'القاهرة', 5, 15, '31.79ث', '', 'ليلى يحى حسن صفوت'),
('0', 0, 45266, 1, 2010, 1, 'الاسكندرية', 5, 15, '32.34ث', '', 'حبيبه محمد التهامى سعد'),
('0', 0, 46383, 1, 2009, 13, 'الاسكندرية', 5, 15, '36.48ث', '', 'جومانه حسام الدين سعد محمد'),
('0', 0, 41990, 1, 2010, 25, 'الاسكندرية', 5, 15, '38.48ث', '', 'رقيه ياسر ابراهيم عبد الحليم'),
('0', 0, 40875, 1, 2009, 14, 'القاهرة', 5, 15, 'DNF', '', 'جودى علاء حسن محمد حموده'),
('0', 0, 41492, 1, 2009, 14, 'القاهرة', 8, 15, '29.08ث', '', 'جنى محمد ابراهيم يسرى'),
('0', 0, 46871, 1, 2010, 10, 'الاسكندرية', 8, 15, '29.67ث', '', 'كرمه احمد محمد نظمى'),
('0', 0, 47965, 1, 2010, 20, 'القاهرة', 8, 15, '30.98ث', '', 'فريده مصطفى فاروق طه'),
('0', 0, 44003, 1, 2009, 21, 'القاهرة', 8, 15, '31.11ث', '', 'عاليا وائل محمد سمير'),
('0', 0, 45265, 1, 2010, 1, 'الاسكندرية', 8, 15, '31.25ث', '', 'ملك محمد محمد عبد العزيز'),
('0', 0, 41981, 1, 2010, 25, 'الاسكندرية', 8, 15, '33.34ث', '', 'سلمى محمد كامل محمد'),
('0', 0, 38925, 1, 2009, 14, 'الاسكندرية', 9, 15, '29.23ث', '', 'منه ادريس مصرى محمد'),
('0', 0, 45517, 1, 2010, 10, 'الاسكندرية', 9, 15, '29.97ث', '', 'ملك محمود السيد محمود'),
('0', 0, 40269, 1, 2009, 1, 'الاسكندرية', 9, 15, '29.98ث', '', 'جودى على عبد النبى على'),
('0', 0, 45850, 1, 2010, 36, 'بورسعيد', 9, 15, '31.41ث', '', 'لارا هيثم محمد عيد حنفى'),
('0', 0, 49412, 1, 2009, 24, 'الاسكندرية', 9, 15, '31.48ث', '', 'ندى ثروت محمد محمد سيد'),
('0', 0, 41449, 1, 2010, 12, 'الجيزة', 9, 15, '32.27ث', '', 'ملك احمد جمال الدين'),
('0', 0, 47132, 1, 2011, 33, 'الاسكندرية', 9, 15, '33.26ث', '', 'ملك محى محمود عبد المجيد'),
('0', 0, 46541, 1, 2009, 28, 'القاهرة', 9, 15, '34.04ث', '', 'ملك عمرو سامح محمود'),
('0', 0, 42609, 1, 2009, 10, 'الاسكندرية', 3, 15, '28.46ث', '', 'لينا خالد على محمد'),
('0', 0, 44847, 1, 2009, 14, 'القاهرة', 3, 15, '28.70ث', '', 'هنا محمد وجيه زكى'),
('0', 0, 49411, 1, 2009, 24, 'الاسكندرية', 3, 15, '29.40ث', '', 'فريده معروف احمد محمد حسين'),
('0', 0, 49331, 1, 2009, 2, 'القاهرة', 3, 15, '30.50ث', '', 'جنى محمد مصطفى محمد جاد'),
('0', 0, 45660, 1, 2010, 8, 'الاسكندرية', 3, 15, '31.54ث', '', 'هنا اسلام ابراهيم طه'),
('0', 0, 46669, 1, 2011, 36, 'بورسعيد', 3, 15, '31.59ث', '', 'ريماس اسلام جمال عوض'),
('0', 0, 49510, 1, 2010, 10, 'الاسكندرية', 3, 15, '32.62ث', '', 'رقيه حسن يوسف محمد'),
('0', 0, 43221, 1, 2010, 14, 'القاهرة', 2, 15, '28.54ث', '', 'ايمان عبد الله ابرهيم احمد'),
('0', 0, 41051, 1, 2009, 10, 'الاسكندرية', 2, 15, '29.73ث', '', 'يارا ياسر خميس محمود'),
('0', 0, 40439, 1, 2009, 8, 'الاسكندرية', 2, 15, '30.64ث', '', 'جيداء اسامه مرسى عبد الله'),
('0', 0, 45405, 1, 2009, 2, 'القاهرة', 2, 15, '31.20ث', '', 'لى لى كريم محمد محمد'),
('0', 0, 44233, 1, 2009, 17, 'السويس', 2, 15, '31.49ث', '', 'غنا محمد مصطفى عبد الرؤوف'),
('0', 0, 47648, 1, 2009, 16, 'بنى سويف', 2, 15, '31.71ث', '', 'سميه ابو بكر قرنى حمد'),
('0', 0, 45273, 1, 2010, 1, 'الاسكندرية', 2, 15, '32.34ث', '', 'لينا اسامة احمد ابراهيم'),
('الاول', 1, 42100, 1, 2009, 14, 'القاهرة', 6, 17, '1.52.67ق', '', 'حبيبه عمرو قمر عبد المنعم'),
('الاول', 1, 43764, 1, 2011, 14, 'القاهرة', 6, 17, '1.52.67ق', '', 'غزل مؤمن حسن محمود'),
('الاول', 1, 44847, 1, 2009, 14, 'القاهرة', 6, 17, '1.52.67ق', '', 'هنا محمد وجيه زكى'),
('الاول', 1, 43221, 1, 2010, 14, 'القاهرة', 6, 17, '1.52.67ق', '', 'ايمان عبد الله ابرهيم احمد'),
('الثاني', 2, 41051, 1, 2009, 10, 'الاسكندرية', 6, 17, '1.53.09ق', '', 'يارا ياسر خميس محمود'),
('الثاني', 2, 42609, 1, 2009, 10, 'الاسكندرية', 6, 17, '1.53.09ق', '', 'لينا خالد على محمد'),
('الثاني', 2, 46871, 1, 2010, 10, 'الاسكندرية', 6, 17, '1.53.09ق', '', 'كرمه احمد محمد نظمى'),
('الثاني', 2, 45520, 1, 2010, 10, 'الاسكندرية', 6, 17, '1.53.09ق', '', 'رقيه ميسره محمود محمد شراقى'),
('الثالث', 3, 42608, 1, 2010, 15, 'القاهرة', 6, 17, '1.56.64ق', '', 'عائشة عبد المحسن مخيم مرسى'),
('الثالث', 3, 43865, 1, 2009, 15, 'القاهرة', 6, 17, '1.56.64ق', '', 'لوجين حمدى محمود بدوى'),
('الثالث', 3, 42610, 1, 2010, 15, 'القاهرة', 6, 17, '1.56.64ق', '', 'هدى محمد مصطفى عليوه مصطفى'),
('الثالث', 3, 42605, 1, 2010, 15, 'القاهرة', 6, 17, '1.56.64ق', '', 'سما محمد مسعد محمد قنديل'),
('الرابع', 4, 42277, 1, 2010, 1, 'الاسكندرية', 6, 17, '2.03.53ق', '', 'هيا ابراهيم محمد مرزوق'),
('الرابع', 4, 45273, 1, 2010, 1, 'الاسكندرية', 6, 17, '2.03.53ق', '', 'لينا اسامة احمد ابراهيم'),
('الرابع', 4, 42154, 1, 2010, 1, 'القاهرة', 6, 17, '2.03.53ق', '', 'رقيه احمد عادل عبد الصادق'),
('الرابع', 4, 47101, 1, 2010, 1, 'الاسكندرية', 6, 17, '2.03.53ق', '', 'لارا محمد شعبان عبد المحسن'),
('الخامس', 5, 45646, 1, 2010, 8, 'الاسكندرية', 6, 17, '2.05.39ق', '', 'فاطمه الزهراء محمد جابر'),
('الخامس', 5, 45647, 1, 2010, 8, 'الاسكندرية', 6, 17, '2.05.39ق', '', 'نورهان عبد الله عياد'),
('الخامس', 5, 45661, 1, 2010, 8, 'الاسكندرية', 6, 17, '2.05.39ق', '', 'اسيل احمد ابراهيم متولى'),
('الخامس', 5, 45660, 1, 2010, 8, 'الاسكندرية', 6, 17, '2.05.39ق', '', 'هنا اسلام ابراهيم طه'),
('الاول', 1, 44035, 1, 2009, 14, 'القاهرة', 6, 18, '55.04م', '', 'مريم محمد محمد هشام'),
('الثاني', 2, 46858, 1, 2009, 19, 'القاهرة', 6, 18, '53.43م', '', 'نسيبه محمود احمد محمد'),
('الثالث', 3, 41491, 1, 2009, 14, 'القاهرة', 6, 18, '53.03م', '', 'داليا مجدى محمد صبح'),
('الرابع', 4, 41289, 1, 2009, 2, 'القاهرة', 6, 18, '50.03م', '', 'تريم ايهاب محمد فريد'),
('الخامس', 5, 47188, 1, 2011, 19, 'القاهرة', 6, 18, '45.74م', '', 'سلمى احمد سمير فؤاد'),
('السادس', 6, 46084, 1, 2010, 14, 'القاهرة', 6, 18, '44.64م', '', 'زمزم احمد حسنين حامد'),
('السابع', 7, 47573, 1, 2011, 26, 'الجيزة', 6, 18, '33.87م', '', 'هنا محمد سعيد عبد ربه'),
('الثامن', 8, 42323, 1, 2009, 19, 'القاهرة', 6, 18, '30.73م', '', 'رقيه على محمد محمد'),
('0', 0, 42120, 1, 2010, 14, 'القاهرة', 1, 18, '38.41م', '', 'جنى احمد نبيل شحات'),
('0', 0, 44247, 1, 2009, 26, 'الجيزة', 1, 18, 'nm', '', 'ياسمين خالد محمد متولى'),
('0', 0, 45816, 2, 2009, 12, 'القاهرة', 2, 2, '10.22ث', '', 'محمود طارق كمال عبد القوى'),
('0', 0, 49046, 2, 2010, 10, 'الاسكندرية', 2, 2, '10.42ث', '', 'عمر اشرف عبد اللطيف'),
('0', 0, 41402, 2, 2009, 3, 'الوادى الجديد', 2, 2, '10.65ث', '', 'الحسين هيثم محمد علم الدين'),
('0', 0, 48948, 2, 2010, 42, 'السويس', 2, 2, '10.70ث', '', 'احمد حسن طنطاوى احمد'),
('0', 0, 49056, 2, 2009, 3, 'قنا', 2, 2, '10.84ث', '', 'انس ممدوح محمد امبابى'),
('0', 0, 44212, 2, 2010, 20, 'الجيزة', 7, 2, '9.90ث', '', 'مروان عبد الناصر محمد على'),
('0', 0, 44095, 2, 2009, 43, 'الجيزة', 7, 2, '10.40ث', '', 'معز الدين ايمن سليمان مدين'),
('0', 0, 41854, 2, 2009, 10, 'الاسكندرية', 7, 2, '10.10ث', '', 'مازن محمد حلمى طه'),
('0', 0, 49370, 2, 2009, 12, 'الجيزة', 7, 2, '10.18ث', '', 'يوسف محمود صبرى'),
('0', 0, 48947, 2, 2010, 42, 'السويس', 7, 2, '10.28ث', '', 'سفيان منعم محمد احمد'),
('0', 0, 41399, 2, 2009, 3, 'الوادى الجديد', 7, 2, '10.31ث', '', 'على محمد عبد الخالق حسن'),
('0', 0, 40876, 2, 2009, 14, 'القاهرة', 4, 2, '9.80ث', '', 'ادهم شريف عمر ريان'),
('0', 0, 42897, 2, 2010, 41, 'القاهرة', 4, 2, '10.16ث', '', 'عبد الله احمد حامد محمود'),
('0', 0, 47247, 2, 2010, 8, 'الاسكندرية', 4, 2, '10.32ث', '', 'عمر محمد احمد هريدى'),
('0', 0, 41652, 2, 2009, 3, 'السويس', 4, 2, '10.46ث', '', 'فؤاد محمد فؤاد محمد الطيب'),
('0', 0, 41680, 2, 2009, 20, 'القاهرة', 4, 2, '10.87ث', '', 'عمر محمد احمد مرزوق'),
('0', 0, 41625, 2, 2009, 3, 'الاقصر', 4, 2, '11.74ث', '', 'محمد مصطفى محمد جاد الرب'),
('0', 0, 44360, 2, 2009, 31, 'الشرقية', 8, 2, '9.82ث', '', 'ايمن سامح عبد المنعم محمد'),
('0', 0, 42657, 2, 2009, 10, 'الاسكندرية', 8, 2, '10.26ث', '', 'عمر اسلام فتحى عبد الحميد'),
('0', 0, 49242, 2, 2010, 3, 'الشرقية', 8, 2, '10.31ث', '', 'محمد احمد عاطف عبد النبى'),
('0', 0, 49322, 2, 2009, 41, 'القاهرة', 8, 2, '10.40ث', '', 'اسر ياسر سيد احمد محمد'),
('0', 0, 42671, 2, 2010, 6, 'الدقهلية', 8, 2, '11.05ث', '', 'احمد محمد احمد مدحت'),
('0', 0, 45961, 2, 2011, 7, 'القليوبية', 8, 2, '11.08ث', '', 'عمر وائل منصور محمد'),
('0', 0, 49054, 2, 2009, 3, 'قنا', 8, 2, '11.49ث', '', 'حماده عبد الرحيم حماده حبيب'),
('0', 0, 41721, 2, 2009, 15, 'القاهرة', 9, 2, '9.51ث', '', 'على محمد بدر حافظ صديق'),
('0', 0, 46875, 2, 2009, 10, 'الاسكندرية', 9, 2, '9.63ث', '', 'عبد الرحمن اشرف السيد محمود'),
('0', 0, 46883, 2, 2009, 3, 'الوادى الجديد', 9, 2, '10.25ث', '', 'عمر احمد حمدى عبد العال'),
('0', 0, 47156, 2, 2009, 13, 'الاسكندرية', 9, 2, '10.91ث', '', 'عبد الله احمد حسين امبابى'),
('0', 0, 49415, 2, 2010, 24, 'الاسكندرية', 9, 2, '11.79ث', '', 'اسر محمد محمود ابو زيد احمد'),
('0', 0, 49422, 2, 2010, 41, 'القاهرة', 9, 2, '12.12ث', '', 'براء محمود احمد علي'),
('0', 0, 44489, 2, 2010, 25, 'الاسكندرية', 9, 2, '12.44ث', '', 'سعيد احمد على يوسف'),
('0', 0, 49057, 2, 2010, 3, 'قنا', 9, 2, '12.50ث', '', 'مصطفى الامير محمود حفنى'),
('0', 0, 46917, 2, 2009, 3, 'الشرقية', 11, 2, '9.52ث', '', 'عمرو هانى محمود عبد العزيز'),
('0', 0, 43701, 2, 2011, 10, 'الاسكندرية', 11, 2, '10.24ث', '', 'بيجاد شريف احمد محمد'),
('0', 0, 45138, 2, 2009, 43, 'الجيزة', 11, 2, '10.34ث', '', 'محمد موفق محمد عبد الحليم'),
('0', 0, 49077, 2, 2009, 20, 'القاهرة', 11, 2, '10.72ث', '', 'يوسف احمد محمود عبد المتجلى'),
('0', 0, 46239, 2, 2010, 20, 'القاهرة', 11, 2, '11.46ث', '', 'ابراهيم فتحى سيد عبد السلام'),
('0', 0, 44596, 2, 2009, 44, 'الاقصر', 11, 2, '12.23ث', '', 'مصطفى على محمد مرعزى'),
('0', 0, 47674, 2, 2011, 33, 'الاسكندرية', 11, 2, '12.45ث', '', 'مهند عبد الحليم محمد على'),
('0', 0, 46422, 2, 2009, 41, 'القاهرة', 5, 2, '9.47ث', '', 'زين رزق عبد ربه رزق'),
('0', 0, 46789, 2, 2009, 14, 'القاهرة', 5, 2, '9.91ث', '', 'مروان صابر نصر غمرى غلاب'),
('0', 0, 41644, 2, 2010, 3, 'السويس', 5, 2, '10.12ث', '', 'خالد ايمن ابو شوشه خليل'),
('0', 0, 46713, 2, 2009, 31, 'الشرقية', 5, 2, '10.22ث', '', 'على عمرو على زين العابدين محمد'),
('0', 0, 44228, 2, 2009, 17, 'السويس', 5, 2, '10.28ث', '', 'يوسف غريب عبد السميع سليم'),
('0', 0, 41424, 2, 2010, 3, 'الشرقية', 5, 2, '10.46ث', '', 'عبد الهادى باسم الهادى مرسى'),
('0', 0, 48868, 2, 2009, 3, 'الاقصر', 1, 2, '9.68ث', '', 'احمد النوبى احمد محمد'),
('0', 0, 42111, 2, 2009, 14, 'القاهرة', 1, 2, '9.76ث', '', 'محمد زكريا صلاح الدين عبد الفتاح'),
('0', 0, 40051, 2, 2009, 41, 'القاهرة', 1, 2, '10.55ث', '', 'هاشم عمرو عطيه سعد الدين'),
('0', 0, 43086, 2, 2009, 8, 'الاسكندرية', 1, 2, '10.59ث', '', 'محمد السعيد محمد محمد'),
('0', 0, 44348, 2, 2009, 4, 'القاهرة', 1, 2, '10.70ث', '', 'عبد الرحمن ابراهيم محمد محمد'),
('0', 0, 43086, 2, 2009, 8, 'الاسكندرية', 1, 2, '11.80ث', '', 'محمد السعيد محمد محمد'),
('0', 0, 47979, 2, 2010, 20, 'القاهرة', 1, 2, '11.90ث', '', 'حازم محمد فكرى عبد الهادى'),
('0', 0, 41696, 2, 2009, 21, 'القاهرة', 3, 2, '9.66ث', '', 'محمد طارق وجدى ابو المعاطى'),
('0', 0, 40750, 2, 2009, 42, 'السويس', 3, 2, '9.76ث', '', 'باسل هيثم رضا العنبرى'),
('0', 0, 44566, 2, 2010, 10, 'الاسكندرية', 3, 2, '9.81ث', '', 'محمود محمد يوسف احمد'),
('0', 0, 41405, 2, 2009, 3, 'الوادى الجديد', 3, 2, '10.05ث', '', 'مؤمن هاشم راتب محمد'),
('0', 0, 46861, 2, 2009, 19, 'القاهرة', 3, 2, '10.33ث', '', 'بلال حسين مشهور شريف'),
('0', 0, 49335, 2, 2009, 45, 'الاقصر', 3, 2, '11.19ث', '', 'محمود ياسر محمود الطاهر'),
('0', 0, 41893, 2, 2009, 46, 'الاقصر', 3, 2, '11.24ث', '', 'زياد عمرو فوزى محمد'),
('0', 0, 49173, 2, 2009, 13, 'الاسكندرية', 3, 2, '11.32ث', '', 'عبد الله عبد اللطيف محمد'),
('الاول', 1, 46917, 2, 2009, 3, 'الشرقية', 6, 2, '9.52ث', '', 'عمرو هانى محمود عبد العزيز'),
('الثاني', 2, 41721, 2, 2009, 15, 'القاهرة', 6, 2, '9.64ث', '', 'على محمد بدر حافظ صديق'),
('الثالث', 3, 41696, 2, 2009, 21, 'القاهرة', 6, 2, '9.64ث', '', 'محمد طارق وجدى ابو المعاطى'),
('الرابع', 4, 40750, 2, 2009, 42, 'السويس', 6, 2, '9.83ث', '', 'باسل هيثم رضا العنبرى'),
('الخامس', 5, 42111, 2, 2009, 14, 'القاهرة', 6, 2, '9.85ث', '', 'محمد زكريا صلاح الدين عبد الفتاح'),
('السادس', 6, 46875, 2, 2009, 10, 'الاسكندرية', 6, 2, '9.87ث', '', 'عبد الرحمن اشرف السيد محمود'),
('السابع', 7, 46422, 2, 2009, 41, 'القاهرة', 6, 2, '9.91ث', '', 'زين رزق عبد ربه رزق'),
('الثامن', 8, 48868, 2, 2009, 3, 'الاقصر', 6, 2, 'DQ', '', 'احمد النوبى احمد محمد'),
('الاول', 1, 46305, 2, 2009, 14, 'القاهرة', 6, 3, '25.00ث', '', 'يوسف وفيق محمد محمد'),
('الثاني', 2, 42203, 2, 2010, 21, 'القاهرة', 6, 3, '25.64ث', '', 'حمزه احمد فؤاد عبد المنعم'),
('الثالث', 3, 44555, 2, 2009, 8, 'الاسكندرية', 6, 3, '25.80ث', '', 'كريم احمد ضياء الدين محمد'),
('الرابع', 4, 44510, 2, 2009, 14, 'القاهرة', 6, 3, '26.31ث', '', 'اسر شريف صلاح محمد'),
('الخامس', 5, 44586, 2, 2009, 41, 'القاهرة', 6, 3, '26.54ث', '', 'احمد خالد جمال رياض'),
('السادس', 6, 41370, 2, 2010, 3, 'الاسماعيلية', 6, 3, '26.70ث', '', 'احمد طارق محمود عبد القادر'),
('السابع', 7, 42102, 2, 2009, 14, 'القاهرة', 6, 3, '26.86ث', '', 'عبد الرحمن محمد محمود ثابت'),
('الثامن', 8, 45041, 2, 2009, 47, 'الاسماعيلية', 6, 3, '27.22ث', '', 'عمر محمد مجدى رياض رستم'),
('الاول', 1, 46235, 2, 2009, 20, 'القاهرة', 6, 1, '18.29م', '', 'يحيى خالد حلمى محمد'),
('الثاني', 2, 44873, 2, 2009, 3, 'الدقهلية', 6, 1, '17.63م', '', 'ابراهيم الحسانين فؤاد عبد العزيز'),
('الثالث', 3, 45925, 2, 2010, 13, 'الاسكندرية', 6, 1, '17.22م', '', 'يوسف مخلص ابراهيم خليل'),
('الرابع', 4, 43081, 2, 2009, 36, 'بورسعيد', 6, 1, '16.60م', '', 'ادم محمود محمد محمد'),
('الخامس', 5, 42495, 2, 2010, 14, 'القاهرة', 6, 1, '16.34م', '', 'اسامه احمد محمد عبد القادر'),
('السادس', 6, 41580, 2, 2009, 3, 'الدقهلية', 6, 1, '16.32م', '', 'عبد الله مصطفى رجب حسانين'),
('السابع', 7, 40276, 2, 2009, 1, 'الاسكندرية', 6, 1, '15.58م', '', 'بشار هانى مصطفى عبد الحق'),
('الثامن', 8, 41777, 2, 2011, 20, 'القاهرة', 6, 1, '14.66م', '', 'احمد مصلحى محمد طه'),
('الاول', 1, 41626, 2, 2009, 3, 'الاقصر', 6, 6, '5.50.18ق', '', 'محمد الطيرى محمود على'),
('الثاني', 2, 41048, 2, 2009, 20, 'القاهرة', 6, 6, '5.56.19ق', '', 'سيف رامى محمد عبده'),
('الثالث', 3, 48429, 2, 2009, 13, 'الاسكندرية', 6, 6, '5.56.42ق', '', 'سفيان محمد حمدى محمدى'),
('الرابع', 4, 41638, 2, 2009, 3, 'الاقصر', 6, 6, '6.04.06ق', '', 'محمد الحسين ابراهيم عبد الحليم'),
('الخامس', 5, 44055, 2, 2010, 14, 'القاهرة', 6, 6, '6.12.07ق', '', 'يس عز العرب فاروق عمر'),
('السادس', 6, 42868, 2, 2009, 3, 'اسوان', 6, 6, '6.15.38ق', '', 'احمد محمود احمد على عبد العال'),
('السابع', 7, 48991, 2, 2009, 3, 'قنا', 6, 6, '6.16.39ق', '', 'على كرم احمد ابراهيم'),
('الثامن', 8, 45054, 2, 2010, 47, 'الاسماعيلية', 6, 6, '6.19.83ق', '', 'على ابراهيم عابدين محمود'),
('التاسع', 9, 39207, 2, 2009, 19, 'القاهرة', 6, 6, '6.22.13ق', '', 'حمزه حسام محمد احمد'),
('العاشر', 10, 48794, 2, 2009, 28, 'القاهرة', 6, 6, '6.23.03ق', '', 'يوسف طارق صلاح الدين منصور'),
('الحادى عشر', 11, 46578, 2, 2010, 26, 'الجيزة', 6, 6, '6.27.04ق', '', 'محمد رمضان سعد شعبان'),
('الثاني عشر', 12, 40065, 2, 2009, 41, 'القاهرة', 6, 6, '6.32.10ق', '', 'مختار احمد حسين على'),
('الثالث عشر', 13, 49539, 2, 2009, 35, 'الفيوم', 6, 6, '6.48.89ق', '', 'محمد عبد النبى محمد رمضان'),
('الثالث عشر', 14, 44915, 2, 2009, 31, 'الشرقية', 6, 6, '6.50.46ق', '', 'زياد محمود رجب محمد'),
('الثالث عشر', 15, 41401, 2, 2010, 3, 'الوادى الجديد', 6, 6, '6.55.70ق', '', 'ابراهيم حسن عبد الرحمن اسماعيل'),
('الثالث عشر', 16, 49541, 2, 2009, 35, 'الفيوم', 6, 6, '6.55.72ق', '', 'محمد مصطفى مهدلى محمد'),
('الثالث عشر', 17, 49423, 2, 2009, 41, 'القاهرة', 6, 6, '6.58.48ق', '', 'جاسر اشرف عبد العزيز'),
('الثالث عشر', 18, 47120, 2, 2010, 33, 'الاسكندرية', 6, 6, '7.00.36ق', '', 'حسين محمد نصر سعد الدين'),
('الثالث عشر', 19, 48035, 2, 2010, 41, 'القاهرة', 6, 6, '7.13.58ق', '', 'احمد ايمن فؤاد محمد'),
('الثالث عشر', 20, 41679, 2, 2009, 3, 'الدقهلية', 6, 6, '7.41.33ق', '', 'مهند اسامه سعد ابو زيد'),
('الاول', 1, 48973, 2, 2009, 4, 'القاهرة', 6, 5, '49.62م', '', 'كريم احمد زكريا عبد الرحمن'),
('الثاني', 2, 40429, 2, 2009, 8, 'الاسكندرية', 6, 5, '47.33م', '', 'عبد الرحمن عماد عادل محمود'),
('الثالث', 3, 43129, 2, 2009, 14, 'القاهرة', 6, 5, '44.52م', '', 'مازن محمد بدرى حسين'),
('الرابع', 4, 47740, 2, 2011, 14, 'القاهرة', 6, 5, '41.33م', '', 'مروان احمد حسن محمد'),
('الخامس', 5, 48869, 2, 2010, 3, 'الاقصر', 6, 5, '40.38م', '', 'صديق عبد الغنى محمد صديق'),
('السادس', 6, 41629, 2, 2009, 3, 'الاقصر', 6, 5, '37.86م', '', 'محمد عبد الغنى عبد الفتاح'),
('السابع', 7, 40753, 2, 2009, 3, 'السويس', 6, 5, '36.35م', '', 'عبد العزيز محمود عبد العزيز على');
INSERT INTO `results` (`Rank1`, `rank`, `player_id`, `sex_id`, `DOB`, `club_id`, `gov`, `het_id`, `events_id`, `results`, `wind`, `E-name`) VALUES
('الثامن', 8, 42303, 2, 2010, 19, 'القاهرة', 6, 5, '35.68م', '', 'مصطفى حاتم كمال محمود'),
('0', 0, 45472, 2, 2011, 36, 'بورسعيد', 1, 1, '12.14م', '', 'فارس فتح الله محمد صادق'),
('0', 0, 46876, 2, 2010, 10, 'الاسكندرية', 1, 1, '#REF!', '', 'احمد شريف محمد ماجد'),
('0', 0, 49111, 2, 2009, 1, 'الاسكندرية', 1, 1, '10.19م', '', 'على كريم على راتب'),
('0', 0, 46427, 2, 2010, 6, 'الدقهلية', 1, 1, '10.49م', '', 'دانيال ابراهيم حلمى ابراهيم'),
('0', 0, 49056, 2, 2009, 3, 'قنا', 1, 1, '10.95م', '', 'انس ممدوح محمد امبابى'),
('0', 0, 46690, 2, 2011, 20, 'القاهرة', 1, 1, '12.57م', '', 'مروان باهر يحى على'),
('0', 0, 42153, 2, 2010, 1, 'القاهرة', 1, 1, '12.22م', '', 'احمد ممدوح ابراهيم عبد الحليم'),
('0', 0, 44562, 2, 2009, 10, 'الاسكندرية', 1, 1, '10.43م', '', 'على احمد محمد احمد'),
('0', 0, 49053, 2, 2010, 3, 'قنا', 1, 1, '8.22م', '', 'احمد عبده عبد الرازق محمود'),
('0', 0, 43684, 2, 2009, 9, 'بورسعيد', 1, 1, '14.11م', '', 'اياد ابراهيم ابراهيم محمد'),
('0', 0, 42923, 2, 2009, 2, 'القاهرة', 1, 1, '13.80م', '', 'ياسين هيثم محمد عرفه فتحى'),
('0', 0, 45276, 2, 2010, 1, 'الاسكندرية', 1, 1, '6.24م', '', 'ادم شادى احمد فهيم راشد'),
('0', 0, 43657, 2, 2011, 1, 'الاسكندرية', 1, 1, '13.13م', '', 'كريم مصطفى احمد رفعت'),
('0', 0, 44682, 2, 2009, 13, 'الاسكندرية', 1, 1, '10.47م', '', 'محمد ممدوح عبد العال محمد'),
('0', 0, 46729, 2, 2010, 6, 'الدقهلية', 1, 1, '10.09م', '', 'احمد شوقى شرقاوى السيد'),
('0', 0, 45257, 2, 2009, 1, 'الاسكندرية', 1, 1, '12.15م', '', 'حمزه محمد يوسف محمد'),
('0', 0, 44546, 2, 2009, 12, 'الجيزة', 1, 1, '13.78م', '', 'مؤمن محمد احمد عبد اللطيف'),
('0', 0, 44576, 2, 2010, 9, 'بورسعيد', 1, 1, '13.92م', '', 'محمد شريف محمد شلبى'),
('0', 0, 47864, 2, 2010, 22, 'بورسعيد', 1, 1, '11.25م', '', 'مصطفى قاسم محمد قاسم'),
('0', 0, 48871, 2, 2010, 22, 'اسيوط', 1, 1, '8.17م', '', 'زياد احمد شعبان احمد'),
('0', 0, 46471, 2, 2011, 14, 'القاهرة', 1, 1, '5.40م', '', 'مازن محمد ابراهيم حسن'),
('0', 0, 46337, 2, 2009, 48, 'الاقصر', 1, 1, '6.18م', '', 'احمد النجار محمد يوسف'),
('0', 0, 48143, 2, 2010, 49, 'الاقصر', 1, 1, '6.30م', '', 'احمد إبراهيم عطيه حسين'),
('0', 0, 48127, 2, 2009, 50, 'الاقصر', 1, 1, '7.10م', '', 'رمضان حسانى محمود'),
('0', 0, 46360, 2, 2009, 51, 'الاقصر', 1, 1, '7.02م', '', 'يوسف احمد فراج حسين'),
('الاول', 1, 46789, 2, 2009, 14, 'القاهرة', 6, 8, '34.84ث', '', 'مروان صابر نصر غمرى غلاب'),
('الاول', 1, 46074, 2, 2009, 14, 'القاهرة', 6, 8, '34.84ث', '', 'اسلام محمد محمد اسماعيل'),
('الاول', 1, 40876, 2, 2009, 14, 'القاهرة', 6, 8, '34.84ث', '', 'ادهم شريف عمر ريان'),
('الاول', 1, 46305, 2, 2009, 14, 'القاهرة', 6, 8, '34.84ث', '', 'يوسف وفيق محمد محمد'),
('الثاني', 2, 42897, 2, 2010, 41, 'القاهرة', 6, 8, '35.70ث', '', 'عبد الله احمد حامد محمود'),
('الثاني', 2, 46422, 2, 2009, 41, 'القاهرة', 6, 8, '35.70ث', '', 'زين رزق عبد ربه رزق'),
('الثاني', 2, 40051, 2, 2009, 41, 'القاهرة', 6, 8, '35.70ث', '', 'هاشم عمرو عطيه سعد الدين'),
('الثاني', 2, 44586, 2, 2009, 41, 'القاهرة', 6, 8, '35.70ث', '', 'احمد خالد جمال رياض'),
('الثالث', 3, 41325, 2, 2009, 28, 'القاهرة', 6, 8, '35.75ث', '', 'حسام ياسر سعيد محمد'),
('الثالث', 3, 40123, 2, 2009, 28, 'القاهرة', 6, 8, '35.75ث', '', 'ياسين محسن احمد مصطفى'),
('الثالث', 3, 44789, 2, 2010, 28, 'القاهرة', 6, 8, '35.75ث', '', 'سيف جمال عبد المنعم عبد الباسط'),
('الثالث', 3, 40131, 2, 2009, 28, 'القاهرة', 6, 8, '35.75ث', '', 'مروان احمد محمود عباس'),
('الرابع', 4, 43951, 2, 2010, 8, 'الاسكندرية', 6, 8, '35.99ث', '', 'على عبد السلام على عبد السلام'),
('الرابع', 4, 43946, 2, 2010, 8, 'الاسكندرية', 6, 8, '35.99ث', '', 'رايان ياسر رجب عرفه'),
('الرابع', 4, 43086, 2, 2009, 8, 'الاسكندرية', 6, 8, '35.99ث', '', 'محمد السعيد محمد محمد'),
('الرابع', 4, 43950, 2, 2009, 8, 'الاسكندرية', 6, 8, '35.99ث', '', 'تيم الله احمد محمد عبد الجواد'),
('الخامس', 5, 46883, 2, 2009, 3, 'الوادى الجديد', 6, 8, '36.05ث', '', 'عمر احمد حمدى عبد العال'),
('الخامس', 5, 41405, 2, 2009, 3, 'الوادى الجديد', 6, 8, '36.05ث', '', 'مؤمن هاشم راتب محمد'),
('الخامس', 5, 41409, 2, 2009, 3, 'الوادى الجديد', 6, 8, '36.05ث', '', 'عبد الله منصور خلف محمد'),
('الخامس', 5, 41399, 2, 2009, 3, 'الوادى الجديد', 6, 8, '36.05ث', '', 'على محمد عبد الخالق حسن'),
('السادس', 6, 46239, 2, 2010, 20, 'القاهرة', 6, 8, '37.16ث', '', 'ابراهيم فتحى سيد عبد السلام'),
('السادس', 6, 46249, 2, 2009, 20, 'القاهرة', 6, 8, '37.16ث', '', 'محمد احمد محمد محمد'),
('السادس', 6, 41680, 2, 2009, 20, 'القاهرة', 6, 8, '37.16ث', '', 'عمر محمد احمد مرزوق'),
('السادس', 6, 44212, 2, 2010, 20, 'الجيزة', 6, 8, '37.16ث', '', 'مروان عبد الناصر محمد على'),
('السابع', 7, 43175, 2, 2010, 10, 'الاسكندرية', 6, 8, '37.41ث', '', 'احمد عبد العزيز ابراهيم محمد'),
('السابع', 7, 43701, 2, 2011, 10, 'الاسكندرية', 6, 8, '37.41ث', '', 'بيجاد شريف احمد محمد'),
('السابع', 7, 42657, 2, 2009, 10, 'الاسكندرية', 6, 8, '37.41ث', '', 'عمر اسلام فتحى عبد الحميد'),
('السابع', 7, 49046, 2, 2010, 10, 'الاسكندرية', 6, 8, '37.41ث', '', 'عمر اشرف عبد اللطيف'),
('الثامن', 8, 42803, 2, 2010, 12, 'الجيزة', 6, 8, '37.53ث', '', 'محمد احمد محمد جاد'),
('الثامن', 8, 49370, 2, 2009, 12, 'الجيزة', 6, 8, '37.53ث', '', 'يوسف محمود صبرى'),
('الثامن', 8, 46907, 2, 2010, 12, 'الجيزة', 6, 8, '37.53ث', '', 'مروان عمر محمد محمد محمود'),
('الثامن', 8, 45816, 2, 2009, 12, 'القاهرة', 6, 8, '37.53ث', '', 'محمود طارق كمال عبد القوى'),
('الاول', 1, 40434, 1, 2009, 8, 'الاسكندرية', 6, 19, '37.74ث', '', 'فريده حسام محمد توفيق'),
('الاول', 1, 44555, 2, 2009, 8, 'الاسكندرية', 6, 19, '37.74ث', '', 'كريم احمد ضياء الدين محمد'),
('الاول', 1, 40435, 1, 2009, 8, 'الاسكندرية', 6, 19, '37.74ث', '', 'شهد وليد مساح ابو المجد على'),
('الاول', 1, 40424, 2, 2009, 8, 'الاسكندرية', 6, 19, '37.74ث', '', 'معتز ادهم محمد عبد الحفيظ'),
('الثاني', 2, 41645, 1, 2010, 3, 'السويس', 6, 19, '37.78ث', '', 'راما بخيت ابراهيم عبد النعيم'),
('الثاني', 2, 41644, 2, 2010, 3, 'السويس', 6, 19, '37.78ث', '', 'خالد ايمن ابو شوشه خليل'),
('الثاني', 2, 40754, 1, 2009, 3, 'السويس', 6, 19, '37.78ث', '', 'جورى محمود عبد العزيز على'),
('الثاني', 2, 41655, 2, 2009, 3, 'السويس', 6, 19, '37.78ث', '', 'يوسف حسين عيد محمد حسين'),
('الثالث', 3, 47101, 1, 2010, 1, 'الاسكندرية', 6, 19, '37.80ث', '', 'لارا محمد شعبان عبد المحسن'),
('الثالث', 3, 41805, 2, 2009, 1, 'الاسكندرية', 6, 19, '37.80ث', '', 'ادم احمد محمد احمد رياض'),
('الثالث', 3, 45290, 1, 2009, 1, 'الاسكندرية', 6, 19, '37.80ث', '', 'نوارى طارق مصطفى محمد وهيبه'),
('الثالث', 3, 42150, 2, 2010, 1, 'القاهرة', 6, 19, '37.80ث', '', 'محمد احمد طلعت السيد'),
('الرابع', 4, 46789, 2, 2009, 14, 'القاهرة', 6, 19, '37.87ث', '', 'مروان صابر نصر غمرى غلاب'),
('الرابع', 4, 41492, 1, 2009, 14, 'القاهرة', 6, 19, '37.87ث', '', 'جنى محمد ابراهيم يسرى'),
('الرابع', 4, 41503, 1, 2010, 14, 'القاهرة', 6, 19, '37.87ث', '', 'تمارا ايهاب حسين السيد'),
('الرابع', 4, 44510, 2, 2009, 14, 'القاهرة', 6, 19, '37.87ث', '', 'اسر شريف صلاح محمد'),
('الخامس', 5, 47784, 2, 2009, 4, 'القاهرة', 6, 19, '37.96ث', '', 'احمد حماده عبد الغنى عبد الله'),
('الخامس', 5, 41098, 1, 2009, 4, 'القاهرة', 6, 19, '37.96ث', '', 'شروق حسام الدين مصطفى عبد البديع'),
('الخامس', 5, 41864, 2, 2009, 4, 'القاهرة', 6, 19, '37.96ث', '', 'محمود السيد محمد على'),
('الخامس', 5, 45464, 1, 2009, 4, 'القاهرة', 6, 19, '37.96ث', '', 'مروه السيد على محمد محمد'),
('السادس', 6, 42327, 1, 2009, 19, 'القاهرة', 6, 19, '38.58ث', '', 'حنين خالد احمد جلال'),
('السادس', 6, 42290, 2, 2010, 19, 'القاهرة', 6, 19, '38.58ث', '', 'هادى محمد عبد الهادى محمد'),
('السادس', 6, 43241, 1, 2010, 19, 'القاهرة', 6, 19, '38.58ث', '', 'جودى هشام زكريا اسماعيل'),
('السادس', 6, 42286, 2, 2010, 19, 'القاهرة', 6, 19, '38.58ث', '', 'يوسف ايهاب حسين سيد'),
('السابع', 7, 46541, 1, 2009, 28, 'القاهرة', 6, 19, '39.21ث', '', 'ملك عمرو سامح محمود'),
('السابع', 7, 43800, 2, 2010, 28, 'القاهرة', 6, 19, '39.21ث', '', 'على محمد ابو الفتوح ابراهيم'),
('السابع', 7, 40133, 1, 2009, 28, 'القاهرة', 6, 19, '39.21ث', '', 'فاطمه طارق صديق عبد الله'),
('السابع', 7, 48793, 2, 2009, 28, 'القاهرة', 6, 19, '39.21ث', '', 'مؤمن هانى محمد الحفنى'),
('الثامن', 8, 43708, 1, 2011, 10, 'الاسكندرية', 6, 19, '39.63ث', '', 'حبيبه هشام سعيد ابراهيم'),
('الثامن', 8, 45509, 2, 2009, 10, 'الاسكندرية', 6, 19, '39.63ث', '', 'عمر محمد سعد الدين محمد'),
('الثامن', 8, 44564, 1, 2009, 10, 'الاسكندرية', 6, 19, '39.63ث', '', 'حبيبه تامر سعد السيد'),
('الثامن', 8, 43175, 2, 2010, 10, 'الاسكندرية', 6, 19, '39.63ث', '', 'احمد عبد العزيز ابراهيم محمد'),
('الاول', 1, 43352, 2, 2009, 39, 'المنيا', 6, 9, '12.58.66ق', '', 'يوسف محسن رمضان انور'),
('الثاني', 2, 44962, 2, 2009, 39, 'المنيا', 6, 9, '13.31.60ق', '', 'محمود مجدى منصور مدبولى'),
('الثالث', 3, 44969, 2, 2009, 39, 'المنيا', 6, 9, '14.09.90ق', '', 'طارق مصطفى سيد محمود'),
('الرابع', 4, 44323, 2, 2010, 38, 'الجيزة', 6, 9, '14.37.92ق', '', 'زياد محمد عثمان عبد الستار عثمان'),
('الخامس', 5, 43957, 2, 2010, 32, 'اسيوط', 6, 9, '15.00.44ق', '', 'محمد احمد احمد فرحات عامر'),
('السادس', 6, 49354, 2, 2010, 38, 'الجيزة', 6, 9, '15.05.33ق', '', 'مروان احمد على محمد سلامه'),
('السابع', 7, 47551, 2, 2010, 38, 'الجيزة', 6, 9, '15.15.25ق', '', 'عمر كمال هاشم هريدى'),
('الثامن', 8, 45679, 2, 2011, 8, 'الاسكندرية', 6, 9, '15.36.81ق', '', 'شريف خالد محمد عبد الحليم'),
('التاسع', 9, 45679, 2, 2011, 8, 'الاسكندرية', 6, 9, '15.40.47ق', '', 'شريف خالد محمد عبد الحليم'),
('العاشر', 10, 47553, 2, 2010, 38, 'الجيزة', 6, 9, '15.44.45ق', '', 'محمد احمد محمد حامد'),
('الحادى عشر', 11, 47534, 2, 2009, 38, 'الجيزة', 6, 9, '15.44.54ق', '', 'عبد الله احمد عبد الله سيد'),
('الثاني عشر', 12, 46325, 2, 2009, 23, 'الاسكندرية', 6, 9, '17.29.36ق', '', 'سيف تامر السيد ابراهيم'),
('الثالث عشر', 13, 47205, 2, 2010, 7, 'القليوبية', 6, 9, '20.15.33ق', '', 'اياد ابراهيم محمد عبد الرازق'),
('الاول', 1, 44964, 2, 2009, 39, 'المنيا', 6, 10, '4.35.12ق', '', 'صالح عيد سلطان محمود'),
('الثاني', 2, 44387, 2, 2009, 31, 'الشرقية', 6, 10, '4.49.45ق', '', 'عبد الرحمن هانى شكرى عبد الحميد'),
('الثالث', 3, 40275, 2, 2009, 1, 'الاسكندرية', 6, 10, '4.49.88ق', '', 'فارس محمد محمود حمدى'),
('الرابع', 4, 49333, 2, 2009, 52, 'الاقصر', 6, 10, '4.49.91ق', '', 'محمد احمد فريد محمد'),
('الخامس', 5, 44789, 2, 2010, 28, 'القاهرة', 6, 10, '4.54.10ق', '', 'سيف جمال عبد المنعم عبد الباسط'),
('السادس', 6, 49052, 2, 2009, 3, 'قنا', 6, 10, '4.54.99ق', '', 'هشام قناوى همام فهيم'),
('السابع', 7, 47867, 2, 2010, 39, 'المنيا', 6, 10, '4.55.98ق', '', 'ايمن مؤمن محمد صالح'),
('الثامن', 8, 45043, 2, 2010, 47, 'الاسماعيلية', 6, 10, '4.56.40ق', '', 'احمد محمد السيد عبد السلام'),
('التاسع', 9, 42760, 2, 2009, 40, 'المنوفية', 6, 10, '5.01.10ق', '', 'عبد الرحمن عصام توفيق فارس'),
('العاشر', 10, 41361, 2, 2009, 3, 'الاسماعيلية', 6, 10, '5.07.74ق', '', 'احمد ابراهيم احمد سرور'),
('الحادى عشر', 11, 46322, 2, 2009, 23, 'الاسكندرية', 6, 10, '5.11.29ق', '', 'محمد خالد احمد رفعت'),
('الثاني عشر', 12, 41049, 2, 2009, 20, 'القاهرة', 6, 10, '5.13.48ق', '', 'محمد رامى محمد عبده'),
('الثالث عشر', 13, 45950, 2, 2010, 40, 'المنوفية', 6, 10, '5.14.32ق', '', 'يوسف عامر محمد حسن'),
('الثالث عشر', 14, 46885, 2, 2009, 3, 'الوادى الجديد', 6, 10, '5.14.36ق', '', 'عبد الله احمد عمر محمد'),
('الثالث عشر', 15, 41431, 2, 2009, 3, 'الشرقية', 6, 10, '5.15.71ق', '', 'احمد هيسم جابر محمد'),
('الثالث عشر', 16, 48971, 2, 2009, 14, 'القاهرة', 6, 10, '5.21.45ق', '', 'يوسف خلف ضاحى توفيق'),
('الثالث عشر', 17, 47946, 2, 2010, 39, 'المنيا', 6, 10, '5.23.33ق', '', 'يوسف بدوى يوسف سيد'),
('الثالث عشر', 18, 48991, 2, 2009, 3, 'قنا', 6, 10, '5.27.26ق', '', 'على كرم احمد ابراهيم'),
('الثالث عشر', 19, 49494, 2, 2009, 19, 'القاهرة', 6, 10, '5.32.21ق', '', 'عمر حسام الدين فاروق عبد النبى'),
('الثالث عشر', 20, 43619, 2, 2009, 28, 'القاهرة', 6, 10, '5.41.00ق', '', 'عمر ابراهيم عبد النبى عبد السميع'),
('الثالث عشر', 21, 49514, 2, 2010, 53, 'القاهرة', 6, 10, '5.42.30ق', '', 'يوسف حماده محمد على'),
('الثالث عشر', 22, 47597, 2, 2010, 26, 'الجيزة', 6, 10, '5.54.08ق', '', 'يوسف مجدى جابر محمد'),
('الثالث عشر', 23, 41575, 2, 2010, 3, 'الدقهلية', 6, 10, '5.54.28ق', '', 'زياد اسماعيل عبد المهيمن عبد الجواد'),
('الثالث عشر', 23, 41582, 2, 2010, 3, 'الدقهلية', 6, 10, 'dnf', '', 'يوسف محمد محمود حسين'),
('الاول', 1, 46305, 2, 2009, 14, 'القاهرة', 10, 20, '13.62ث', '', 'يوسف وفيق محمد محمد'),
('الثاني', 2, 41655, 2, 2009, 3, 'السويس', 10, 20, '14.51ث', '', 'يوسف حسين عيد محمد حسين'),
('الثالث', 3, 42102, 2, 2009, 14, 'القاهرة', 10, 20, '14.56ث', '', 'عبد الرحمن محمد محمود ثابت'),
('الرابع', 4, 42203, 2, 2010, 21, 'القاهرة', 10, 20, '14.63ث', '', 'حمزه احمد فؤاد عبد المنعم'),
('الخامس', 5, 45041, 2, 2009, 47, 'الاسماعيلية', 10, 20, '14.66ث', '', 'عمر محمد مجدى رياض رستم'),
('السادس', 6, 40175, 2, 2009, 21, 'القاهرة', 10, 20, '14.75ث', '', 'اسماعيل عمرو فتحى يس'),
('السابع', 7, 41409, 2, 2009, 3, 'الوادى الجديد', 10, 20, '14.83ث', '', 'عبد الله منصور خلف محمد'),
('الثامن', 8, 44510, 2, 2009, 14, 'القاهرة', 10, 20, '15.21ث', '', 'اسر شريف صلاح محمد'),
('0', 0, 41655, 2, 2009, 3, 'السويس', 1, 20, '14.51ث', '', 'يوسف حسين عيد محمد حسين'),
('0', 0, 45041, 2, 2009, 47, 'الاسماعيلية', 1, 20, '14.66ث', '', 'عمر محمد مجدى رياض رستم'),
('0', 0, 41409, 2, 2009, 3, 'الوادى الجديد', 1, 20, '14.83ث', '', 'عبد الله منصور خلف محمد'),
('0', 0, 44510, 2, 2009, 14, 'القاهرة', 1, 20, '15.21ث', '', 'اسر شريف صلاح محمد'),
('0', 0, 47163, 2, 2009, 13, 'الاسكندرية', 1, 20, '17.67ث', '', 'اسر محمد احمد رفاعى'),
('0', 0, 42102, 2, 2009, 14, 'القاهرة', 4, 20, '14.56ث', '', 'عبد الرحمن محمد محمود ثابت'),
('0', 0, 44586, 2, 2009, 41, 'القاهرة', 4, 20, '15.34ث', '', 'احمد خالد جمال رياض'),
('0', 0, 41573, 2, 2009, 3, 'الدقهلية', 4, 20, '15.55ث', '', 'محمد هانى عواد حامد'),
('0', 0, 45906, 2, 2010, 13, 'الاسكندرية', 4, 20, '16.39ث', '', 'فارس محمد حسن محمد مصطفى'),
('0', 0, 48946, 2, 2009, 47, 'الاسماعيلية', 4, 20, '17.63ث', '', 'زياد عيد محمد السيد عبد الهادى'),
('0', 0, 41679, 2, 2009, 3, 'الدقهلية', 4, 20, '17.82ث', '', 'مهند اسامه سعد ابو زيد'),
('0', 0, 45603, 2, 2010, 54, 'الاسماعيلية', 4, 20, '18.04ث', '', 'اسماعيل محمد اسماعيل سعد'),
('0', 0, 49220, 2, 2011, 3, 'الدقهلية', 4, 20, '18.98ث', '', 'محمد نبيل على محمد'),
('0', 0, 46305, 2, 2009, 14, 'القاهرة', 5, 20, '13.62ث', '', 'يوسف وفيق محمد محمد'),
('0', 0, 40175, 2, 2009, 21, 'القاهرة', 5, 20, '14.75ث', '', 'اسماعيل عمرو فتحى يس'),
('0', 0, 41579, 2, 2009, 3, 'الدقهلية', 5, 20, '16.30ث', '', 'علاء محمد عواد حامد'),
('0', 0, 41805, 2, 2009, 1, 'الاسكندرية', 5, 20, '17.15ث', '', 'ادم احمد محمد احمد رياض'),
('0', 0, 42576, 2, 2010, 20, 'القاهرة', 5, 20, '19.37ث', '', 'يوسف شعبان ابراهيم عبد اللطيف'),
('0', 0, 49224, 2, 2011, 3, 'الدقهلية', 5, 20, '19.73ث', '', 'احمد هشام محمد الحسينى'),
('0', 0, 42203, 2, 2010, 21, 'القاهرة', 8, 20, '14.63ث', '', 'حمزه احمد فؤاد عبد المنعم'),
('0', 0, 41574, 2, 2010, 3, 'الدقهلية', 8, 20, '15.24ث', '', 'بلال محمد عبد القادر محمد'),
('0', 0, 47784, 2, 2009, 4, 'القاهرة', 8, 20, '15.63ث', '', 'احمد حماده عبد الغنى عبد الله'),
('0', 0, 45120, 2, 2010, 3, 'بنى سويف', 8, 20, '16.38ث', '', 'حازم احمد رمضان عبد الحميد'),
('0', 0, 46826, 2, 2010, 14, 'القاهرة', 8, 20, '16.40ث', '', 'معاذ محمد احمد السيد'),
('0', 0, 46314, 2, 2010, 13, 'الاسكندرية', 8, 20, '21.09ث', '', 'احمد سيد حسين سعد'),
('الاول', 1, 41330, 2, 2009, 3, 'القليوبية', 6, 7, '6.61م', '', 'يوسف احمد دسوقى منصور'),
('الثاني', 2, 42873, 2, 2009, 13, 'الاسكندرية', 6, 7, '6.25م', '', 'محمد احمد عبد الحميد عثمان'),
('الثالث', 3, 44360, 2, 2009, 31, 'الشرقية', 6, 7, '6.18م', '', 'ايمن سامح عبد المنعم محمد'),
('الرابع', 4, 46713, 2, 2009, 31, 'الشرقية', 6, 7, '5.86م', '', 'على عمرو على زين العابدين محمد'),
('الخامس', 5, 43929, 2, 2009, 19, 'القاهرة', 6, 7, '5.84م', '', 'احمد امين احمد محمد'),
('السادس', 6, 42619, 2, 2009, 10, 'الاسكندرية', 6, 7, '5.76م', '', 'نور الدين محمد ابراهيم محمد'),
('السابع', 7, 42286, 2, 2010, 19, 'القاهرة', 6, 7, '5.70م', '', 'يوسف ايهاب حسين سيد'),
('الثامن', 8, 44617, 2, 2010, 19, 'القاهرة', 6, 7, '5.64م', '', 'عمار عماد الدين يسن محمد'),
('0', 0, 41644, 2, 2010, 3, 'السويس', 1, 7, '5.21م', '', 'خالد ايمن ابو شوشه خليل'),
('0', 0, 40753, 2, 2009, 3, 'السويس', 1, 7, '5.10م', '', 'عبد العزيز محمود عبد العزيز على'),
('0', 0, 41581, 2, 2009, 3, 'الدقهلية', 1, 7, '0', '', 'محمد السيد رافت السيد'),
('0', 0, 41575, 2, 2010, 3, 'الدقهلية', 1, 7, '4.22م', '', 'زياد اسماعيل عبد المهيمن عبد الجواد'),
('0', 0, 41577, 2, 2010, 3, 'الدقهلية', 1, 7, '4.76م', '', 'شريف اشرف حسانين الشنهاب'),
('0', 0, 49221, 2, 2011, 3, 'الدقهلية', 1, 7, '4.64م', '', 'مصطفى كامل السيد على'),
('0', 0, 41402, 2, 2009, 3, 'الوادى الجديد', 1, 7, '4.94م', '', 'الحسين هيثم محمد علم الدين'),
('0', 0, 41399, 2, 2009, 3, 'الوادى الجديد', 1, 7, '4.11م', '', 'على محمد عبد الخالق حسن'),
('0', 0, 41370, 2, 2010, 3, 'الاسماعيلية', 1, 7, '5.36م', '', 'احمد طارق محمود عبد القادر'),
('0', 0, 47739, 2, 2009, 14, 'القاهرة', 1, 7, '0', '', 'عبد الرحمن رمضان انور ابو الحسن'),
('0', 0, 42079, 2, 2010, 14, 'القاهرة', 1, 7, '4.97م', '', 'مالك سامح محمد محمود'),
('0', 0, 42056, 2, 2009, 14, 'القاهرة', 1, 7, '5.49م', '', 'يوسف احمد السيد عبد العال'),
('0', 0, 47126, 2, 2010, 33, 'الاسكندرية', 1, 7, '0', '', 'يس محمد مصطفى محمود'),
('0', 0, 44486, 2, 2010, 33, 'الاسكندرية', 1, 7, '3.44م', '', 'على مصطفى احمد سامى'),
('0', 0, 43951, 2, 2010, 8, 'الاسكندرية', 1, 7, '5.33م', '', 'على عبد السلام على عبد السلام'),
('0', 0, 40424, 2, 2009, 8, 'الاسكندرية', 1, 7, '5.21م', '', 'معتز ادهم محمد عبد الحفيظ'),
('0', 0, 47247, 2, 2010, 8, 'الاسكندرية', 1, 7, '5.30م', '', 'عمر محمد احمد هريدى'),
('0', 0, 46337, 2, 2009, 48, 'الاقصر', 1, 7, '0', '', 'احمد النجار محمد يوسف'),
('0', 0, 48143, 2, 2010, 49, 'الاقصر', 1, 7, '0', '', 'احمد إبراهيم عطيه حسين'),
('0', 0, 48127, 2, 2009, 50, 'الاقصر', 1, 7, '4.30م', '', 'رمضان حسانى محمود'),
('0', 0, 46360, 2, 2009, 51, 'الاقصر', 1, 7, '4.07م', '', 'يوسف احمد فراج حسين'),
('0', 0, 42287, 2, 2009, 19, 'القاهرة', 1, 7, '4.57م', '', 'سيف شريف عبد المنعم كامل'),
('0', 0, 43090, 2, 2009, 55, 'الجيزة', 1, 7, '5.13م', '', 'عمر محمد احمد محمد مصطفى'),
('0', 0, 43095, 2, 2009, 55, 'الجيزة', 1, 7, '4.77م', '', 'امجد عزت مصطفى كمال محمد'),
('0', 0, 45410, 2, 2010, 18, 'الاسكندرية', 1, 7, '4.90م', '', 'عمر ايمن سعيد عبد السلام'),
('0', 0, 45858, 2, 2010, 9, 'بورسعيد', 1, 7, '5.15م', '', 'ادهم حسام السيد احمد'),
('0', 0, 45509, 2, 2009, 10, 'الاسكندرية', 1, 7, '5.13م', '', 'عمر محمد سعد الدين محمد'),
('0', 0, 49043, 2, 2009, 10, 'الاسكندرية', 1, 7, '0', '', 'محمد خالد حسن الدرديرى'),
('0', 0, 44348, 2, 2009, 4, 'القاهرة', 1, 7, '5.27م', '', 'عبد الرحمن ابراهيم محمد محمد'),
('0', 0, 48973, 2, 2009, 4, 'القاهرة', 1, 7, '5.44م', '', 'كريم احمد زكريا عبد الرحمن'),
('0', 0, 49422, 2, 2010, 41, 'القاهرة', 1, 7, '3.38م', '', 'براء محمود احمد علي'),
('0', 0, 46907, 2, 2010, 12, 'الجيزة', 1, 7, '4.90م', '', 'مروان عمر محمد محمد محمود'),
('0', 0, 47971, 2, 2010, 20, 'القاهرة', 1, 7, '3.94م', '', 'اشرف حسام عبد الفتاح سليم'),
('الاول', 1, 46305, 2, 2009, 14, 'القاهرة', 6, 20, '13.68ث', '', 'يوسف وفيق محمد محمد'),
('الثاني', 2, 42102, 2, 2009, 14, 'القاهرة', 6, 20, '14.18ث', '', 'عبد الرحمن محمد محمود ثابت'),
('الثالث', 3, 41655, 2, 2009, 3, 'السويس', 6, 20, '14.37ث', '', 'يوسف حسين عيد محمد حسين'),
('الرابع', 4, 40175, 2, 2009, 21, 'القاهرة', 6, 20, '14.43ث', '', 'اسماعيل عمرو فتحى يس'),
('الخامس', 5, 42203, 2, 2010, 21, 'القاهرة', 6, 20, '14.45ث', '', 'حمزه احمد فؤاد عبد المنعم'),
('السادس', 6, 45041, 2, 2009, 47, 'الاسماعيلية', 6, 20, '14.50ث', '', 'عمر محمد مجدى رياض رستم'),
('السابع', 7, 41409, 2, 2009, 3, 'الوادى الجديد', 6, 20, '14.79ث', '', 'عبد الله منصور خلف محمد'),
('0', 0, 46875, 2, 2009, 10, 'الاسكندرية', 1, 15, '24.95ث', '', 'عبد الرحمن اشرف السيد محمود'),
('0', 0, 46916, 2, 2010, 3, 'الشرقية', 1, 15, '25.53ث', '', 'على عبد الله عبد السميع محمد'),
('0', 0, 44212, 2, 2010, 20, 'الجيزة', 1, 15, '25.83ث', '', 'مروان عبد الناصر محمد على'),
('0', 0, 45816, 2, 2009, 12, 'القاهرة', 1, 15, '26.21ث', '', 'محمود طارق كمال عبد القوى'),
('0', 0, 41652, 2, 2009, 3, 'السويس', 1, 15, '27.13ث', '', 'فؤاد محمد فؤاد محمد الطيب'),
('0', 0, 46861, 2, 2009, 19, 'القاهرة', 1, 15, '27.97ث', '', 'بلال حسين مشهور شريف'),
('0', 0, 44489, 2, 2010, 25, 'الاسكندرية', 1, 15, '32.27ث', '', 'سعيد احمد على يوسف'),
('0', 0, 40750, 2, 2009, 42, 'السويس', 4, 15, '25.25ث', '', 'باسل هيثم رضا العنبرى'),
('0', 0, 46241, 2, 2010, 20, 'القاهرة', 4, 15, '25.37ث', '', 'شهاب محمد سعيد محمد'),
('0', 0, 44095, 2, 2009, 43, 'الجيزة', 4, 15, '25.60ث', '', 'معز الدين ايمن سليمان مدين'),
('0', 0, 44228, 2, 2009, 17, 'السويس', 4, 15, '26.25ث', '', 'يوسف غريب عبد السميع سليم'),
('0', 0, 49370, 2, 2009, 12, 'الجيزة', 4, 15, '26.68ث', '', 'يوسف محمود صبرى'),
('0', 0, 46883, 2, 2009, 3, 'الوادى الجديد', 4, 15, '26.79ث', '', 'عمر احمد حمدى عبد العال'),
('0', 0, 41424, 2, 2010, 3, 'الشرقية', 4, 15, '27.18ث', '', 'عبد الهادى باسم الهادى مرسى'),
('الاول', 1, 41696, 2, 2009, 21, 'القاهرة', 6, 15, '23.69ث', '', 'محمد طارق وجدى ابو المعاطى'),
('الثاني', 2, 46917, 2, 2009, 3, 'الشرقية', 6, 15, '23.85ث', '', 'عمرو هانى محمود عبد العزيز'),
('الثالث', 3, 48956, 2, 2009, 14, 'القاهرة', 6, 15, '24.14ث', '', 'يوسف شريف محمد صلاح'),
('الرابع', 4, 42111, 2, 2009, 14, 'القاهرة', 6, 15, '24.18ث', '', 'محمد زكريا صلاح الدين عبد الفتاح'),
('الخامس', 5, 41721, 2, 2009, 15, 'القاهرة', 6, 15, '24.45ث', '', 'على محمد بدر حافظ صديق'),
('السادس', 6, 46875, 2, 2009, 10, 'الاسكندرية', 6, 15, '24.66ث', '', 'عبد الرحمن اشرف السيد محمود'),
('السابع', 7, 48956, 2, 2009, 14, 'القاهرة', 6, 15, '24.67ث', '', 'يوسف شريف محمد صلاح'),
('الثامن', 8, 40750, 2, 2009, 42, 'السويس', 6, 15, '24.83ث', '', 'باسل هيثم رضا العنبرى'),
('الاول', 1, 46235, 2, 2009, 20, 'القاهرة', 6, 16, '56.80م', '', 'يحيى خالد حلمى محمد'),
('الثاني', 2, 44546, 2, 2009, 12, 'الجيزة', 6, 16, '53.57م', '', 'مؤمن محمد احمد عبد اللطيف'),
('الثالث', 3, 45925, 2, 2010, 13, 'الاسكندرية', 6, 16, '51.22م', '', 'يوسف مخلص ابراهيم خليل'),
('الرابع', 4, 44576, 2, 2010, 9, 'بورسعيد', 6, 16, '42.72م', '', 'محمد شريف محمد شلبى'),
('الخامس', 5, 44562, 2, 2009, 10, 'الاسكندرية', 6, 16, '41.93م', '', 'على احمد محمد احمد'),
('السادس', 6, 49045, 2, 2009, 10, 'الاسكندرية', 6, 16, '40.48م', '', 'زياد هانى سيد حمزه عبد المعطى'),
('السابع', 7, 40429, 2, 2009, 8, 'الاسكندرية', 6, 16, '39.01م', '', 'عبد الرحمن عماد عادل محمود'),
('الثامن', 8, 43657, 2, 2011, 1, 'الاسكندرية', 6, 16, '38.41م', '', 'كريم مصطفى احمد رفعت'),
('الاول', 1, 41864, 2, 2009, 4, 'القاهرة', 6, 12, '4267 نقطة', '', 'محمود السيد محمد على'),
('الثاني', 2, 43141, 2, 2009, 14, 'القاهرة', 6, 12, '3752 نقطة', '', 'فارس حمدى سيد اسماعيل'),
('الثالث', 3, 42106, 2, 2010, 14, 'القاهرة', 6, 12, '3743 نقطة', '', 'على عبد الله جلال توفيق'),
('الرابع', 4, 47784, 2, 2009, 4, 'القاهرة', 6, 12, '3632 نقطة', '', 'احمد حماده عبد الغنى عبد الله'),
('الخامس', 5, 41580, 2, 2009, 3, 'الدقهلية', 6, 12, '3474 نقطة', '', 'عبد الله مصطفى رجب حسانين'),
('السادس', 6, 46918, 2, 2010, 3, 'الشرقية', 6, 12, '3286 نقطة', '', 'ادهم هانى سيد احمد'),
('السابع', 7, 41574, 2, 2010, 3, 'الدقهلية', 6, 12, '3160 نقطة', '', 'بلال محمد عبد القادر محمد'),
('الثامن', 8, 47738, 2, 2010, 14, 'القاهرة', 6, 12, '2908 نقطة', '', 'مازن مصطفى مبارك عبد الرازق'),
('التاسع', 9, 45120, 2, 2010, 3, 'بنى سويف', 6, 12, '2823 نقطة', '', 'حازم احمد رمضان عبد الحميد'),
('العاشر', 10, 41577, 2, 2010, 3, 'الدقهلية', 6, 12, '2367 نقطة', '', 'شريف اشرف حسانين الشنهاب'),
('الحادى عشر', 11, 49241, 2, 2010, 3, 'الشرقية', 6, 12, '2365 نقطة', '', 'احمد صفوت فوزى نور الدين'),
('الثاني عشر', 12, 45845, 2, 2010, 39, 'المنيا', 6, 12, '1862 نقطة', '', 'عمرو احمد عطفت امين'),
('الاول', 1, 41549, 2, 2009, 14, 'القاهرة', 6, 13, '4.00م', '', 'مهند محمد عصام على البدرى'),
('الثاني', 2, 40038, 2, 2009, 2, 'القاهرة', 6, 13, '4.00م', '', 'على الدين وائل ماهر زكى'),
('الثالث', 3, 40879, 2, 2010, 14, 'القاهرة', 6, 13, '3.60م', '', 'عبد الرحمن احمد طه رمضان'),
('الرابع', 4, 42256, 2, 2009, 1, 'الاسكندرية', 6, 13, '3.50م', '', 'ياسين ايهاب نبيل محمد'),
('الخامس', 5, 41578, 2, 2009, 3, 'الدقهلية', 6, 13, '3.40م', '', 'محمد سيف النصر علاق محمد'),
('السادس', 6, 49511, 2, 2009, 10, 'الاسكندرية', 6, 13, '2.90م', '', 'كريم هشام رافت الشناوى'),
('السابع', 7, 46034, 2, 2009, 26, 'الجيزة', 6, 13, '0', '', 'سلمان محمد محمد ابراهيم'),
('0', 0, 41854, 2, 2009, 10, 'الاسكندرية', 5, 15, '25.66ث', '', 'مازن محمد حلمى طه'),
('0', 0, 41405, 2, 2009, 3, 'الوادى الجديد', 5, 15, '25.88ث', '', 'مؤمن هاشم راتب محمد'),
('0', 0, 45138, 2, 2009, 43, 'الجيزة', 5, 15, '26.41ث', '', 'محمد موفق محمد عبد الحليم'),
('0', 0, 48948, 2, 2010, 42, 'السويس', 5, 15, '28.00ث', '', 'احمد حسن طنطاوى احمد'),
('0', 0, 42671, 2, 2010, 6, 'الدقهلية', 5, 15, '28.59ث', '', 'احمد محمد احمد مدحت'),
('0', 0, 42575, 2, 2010, 20, 'القاهرة', 5, 15, '30.52ث', '', 'احمد محمد البدرى محمود'),
('0', 0, 42111, 2, 2009, 14, 'القاهرة', 8, 15, '24.55ث', '', 'محمد زكريا صلاح الدين عبد الفتاح'),
('0', 0, 45011, 2, 2009, 47, 'الاسماعيلية', 8, 15, '25.71ث', '', 'احمد تامر السيد عبد الرحيم'),
('0', 0, 48947, 2, 2010, 42, 'السويس', 8, 15, '27.51ث', '', 'سفيان منعم محمد احمد'),
('0', 0, 41680, 2, 2009, 20, 'القاهرة', 8, 15, '28.27ث', '', 'عمر محمد احمد مرزوق'),
('0', 0, 49415, 2, 2010, 24, 'الاسكندرية', 8, 15, '29.35ث', '', 'اسر محمد محمود ابو زيد احمد'),
('0', 0, 46074, 2, 2009, 14, 'القاهرة', 9, 15, '25.24ث', '', 'اسلام محمد محمد اسماعيل'),
('0', 0, 42897, 2, 2010, 41, 'القاهرة', 9, 15, '25.85ث', '', 'عبد الله احمد حامد محمود'),
('0', 0, 43800, 2, 2010, 28, 'القاهرة', 9, 15, '27.20ث', '', 'على محمد ابو الفتوح ابراهيم'),
('0', 0, 47541, 2, 2009, 38, 'الجيزة', 9, 15, '27.52ث', '', 'اياد سمير السيد احمد'),
('0', 0, 47156, 2, 2009, 13, 'الاسكندرية', 9, 15, '28.62ث', '', 'عبد الله احمد حسين امبابى'),
('0', 0, 49413, 2, 2010, 24, 'الاسكندرية', 9, 15, '29.47ث', '', 'هارون محمد فتحى جابر عبد الله'),
('0', 0, 48956, 2, 2009, 14, 'القاهرة', 3, 15, '25.21ث', '', 'يوسف شريف محمد صلاح'),
('0', 0, 49322, 2, 2009, 41, 'القاهرة', 3, 15, '26.18ث', '', 'اسر ياسر سيد احمد محمد'),
('0', 0, 43946, 2, 2010, 8, 'الاسكندرية', 3, 15, '26.92ث', '', 'رايان ياسر رجب عرفه'),
('0', 0, 49417, 2, 2009, 24, 'الاسكندرية', 3, 15, '27.03ث', '', 'على عبد الرحمن على عبد العزيز محمد'),
('0', 0, 49344, 2, 2010, 38, 'الجيزة', 3, 15, '27.76ث', '', 'يوساب صابر مكارى باسيلي جيد'),
('0', 0, 49173, 2, 2009, 13, 'الاسكندرية', 3, 15, '28.09ث', '', 'عبد الله عبد اللطيف محمد'),
('0', 0, 41696, 2, 2009, 21, 'القاهرة', 2, 15, '24.37ث', '', 'محمد طارق وجدى ابو المعاطى'),
('0', 0, 46917, 2, 2009, 3, 'الشرقية', 2, 15, '24.40ث', '', 'عمرو هانى محمود عبد العزيز'),
('0', 0, 41721, 2, 2009, 15, 'القاهرة', 2, 15, '24.90ث', '', 'على محمد بدر حافظ صديق'),
('0', 0, 47097, 2, 2009, 1, 'الاسكندرية', 2, 15, '25.38ث', '', 'سيف الدين عمرو حسين السيد'),
('0', 0, 48198, 2, 2010, 56, 'الفيوم', 2, 15, '26.81ث', '', 'يوسف عماد حمدى احمد'),
('0', 0, 49418, 2, 2009, 24, 'الاسكندرية', 2, 15, '29.37ث', '', 'ادم محمد محمود محمد عبد المولى'),
('الاول', 1, 43826, 2, 2009, 14, 'القاهرة', 6, 14, '2.42.94ق', '', 'حمزه ايمن عبده صادق'),
('الثاني', 2, 47947, 2, 2010, 39, 'المنيا', 6, 14, '2.43.89ق', '', 'محمود محمد جمعه محمود'),
('الثالث', 3, 41858, 2, 2009, 4, 'القاهرة', 6, 14, '2.46.83ق', '', 'محمد محمود فتحى عبد الوهاب'),
('الرابع', 4, 41143, 2, 2009, 3, 'القليوبية', 6, 14, '2.47.88ق', '', 'احمد محمد محمد هندى محمد'),
('الخامس', 5, 46319, 2, 2010, 3, 'القليوبية', 6, 14, '2.50.82ق', '', 'يزيد علاء محمود عبد الجواد'),
('السادس', 6, 44568, 2, 2009, 10, 'الاسكندرية', 6, 14, '2.50.91ق', '', 'معاذ محمد معاذ محمد'),
('السابع', 7, 49416, 2, 2009, 24, 'الاسكندرية', 6, 14, '2.54.92ق', '', 'عبد الله نبيل محمد بيومي بكر'),
('الثامن', 8, 49414, 2, 2010, 24, 'الاسكندرية', 6, 14, '2.55.48ق', '', 'جمال محمد جمال محمد احمد'),
('0', 0, 47214, 2, 2009, 23, 'الاسكندرية', 1, 14, '3.03.67ق', '', 'زياد على عبد العزيز على'),
('0', 0, 41653, 2, 2009, 3, 'السويس', 1, 14, '3.04.00ق', '', 'اسام عبد اللطيف على بخيت'),
('0', 0, 46694, 2, 2009, 52, 'الاقصر', 1, 14, '3.04.11ق', '', 'احمد مروان احمد لبيب'),
('0', 0, 40444, 2, 2009, 23, 'الاسكندرية', 1, 14, '3.04.72ق', '', 'اشرف عبد الناصر عبد الهادى محمود'),
('0', 0, 47024, 2, 2009, 18, 'الاسكندرية', 1, 14, '3.04.78ق', '', 'ادهم ابراهيم محمد ابراهيم'),
('0', 0, 49218, 2, 2013, 33, 'الاسكندرية', 1, 14, '3.05.93ق', '', 'ياسين محمود سيد محمد'),
('0', 0, 49423, 2, 2009, 41, 'القاهرة', 1, 14, '3.07.56ق', '', 'جاسر اشرف عبد العزيز'),
('0', 0, 48985, 2, 2009, 4, 'القاهرة', 1, 14, '3.10.85ق', '', 'ابراهيم احمد ابراهيم عبد الحميد'),
('0', 0, 49050, 2, 2009, 3, 'قنا', 1, 14, '3.13.15ق', '', 'احمد قريشى مبارك احمد'),
('0', 0, 49051, 2, 2010, 3, 'قنا', 1, 14, '3.14.71ق', '', 'زكريا محمود عبد الجليل'),
('0', 0, 47541, 2, 2009, 38, 'الجيزة', 1, 14, '3.17.89ق', '', 'اياد سمير السيد احمد'),
('0', 0, 49210, 2, 2009, 27, 'الدقهلية', 1, 14, '3.19.64ق', '', 'ادم ابراهيم ابراهيم السيد'),
('0', 0, 49176, 2, 2011, 13, 'الاسكندرية', 1, 14, '3.25.05ق', '', 'سيف النصر محمد سيف النصر'),
('0', 0, 47119, 2, 2010, 33, 'الاسكندرية', 1, 14, '3.26.39ق', '', 'حسن محمد نصر سعد الدين'),
('0', 0, 43947, 2, 2010, 8, 'الاسكندرية', 1, 14, '3.26.94ق', '', 'اياد ناصر ابراهيم سالم'),
('0', 0, 46981, 2, 2010, 6, 'الدقهلية', 1, 14, '3.48.06ق', '', 'ابراهيم محمود ابراهيم احمد'),
('0', 0, 47971, 2, 2010, 20, 'القاهرة', 1, 14, '3.49.68ق', '', 'اشرف حسام عبد الفتاح سليم'),
('0', 0, 48138, 2, 2009, 20, 'القاهرة', 4, 14, '3.01.13ق', '', 'محمد رياض كمال الدين رياض'),
('0', 0, 44875, 2, 2009, 14, 'القاهرة', 4, 14, '3.01.97ق', '', 'عبد الرحمن كمال على فهمى'),
('0', 0, 49541, 2, 2009, 35, 'الفيوم', 4, 14, '3.02.18ق', '', 'محمد مصطفى مهدلى محمد'),
('0', 0, 49539, 2, 2009, 35, 'الفيوم', 4, 14, '3.07.12ق', '', 'محمد عبد النبى محمد رمضان'),
('0', 0, 45948, 2, 2009, 40, 'المنوفية', 4, 14, '3.07.76ق', '', 'محمود احمد ابراهيم عوض'),
('0', 0, 41976, 2, 2009, 8, 'الاسكندرية', 4, 14, '3.14.97ق', '', 'محمد محمود نصر الدين رشاد'),
('0', 0, 45667, 2, 2010, 8, 'الاسكندرية', 4, 14, '3.16.18ق', '', 'عبد الله محمد حسن مجاهد'),
('0', 0, 49223, 2, 2011, 3, 'الدقهلية', 4, 14, '3.16.73ق', '', 'محمد مصطفى محمد شرف الدين'),
('0', 0, 42942, 2, 2010, 8, 'الاسكندرية', 4, 14, '3.24.18ق', '', 'محمد أيمن عبد الدايم فتح الله'),
('0', 0, 47969, 2, 2010, 20, 'القاهرة', 4, 14, '3.31.25ق', '', 'محمد شريف محمد محمد'),
('0', 0, 47029, 2, 2009, 18, 'الاسكندرية', 4, 14, '3.33.92ق', '', 'عمر اسامه محمود ابو سيف'),
('0', 0, 45960, 2, 2010, 7, 'القليوبية', 4, 14, '3.41.52ق', '', 'عمر امجد عبد الله احمد'),
('0', 0, 49509, 2, 2009, 4, 'القاهرة', 4, 14, '4.05.04ق', '', 'محمد حسين بدرى عبد الحميد'),
('0', 0, 47638, 2, 2010, 40, 'المنوفية', 5, 14, '3.01.87ق', '', 'يوسف عبد المنعم محمود'),
('0', 0, 41341, 2, 2009, 3, 'القليوبية', 5, 14, '3.03.37ق', '', 'محمود محمد عبد الرؤوف عبد العزيز'),
('0', 0, 43749, 2, 2009, 10, 'الاسكندرية', 5, 14, '3.04.79ق', '', 'ياسين محمد عبده على'),
('0', 0, 47689, 2, 2010, 30, 'الغربية', 5, 14, '3.11.81ق', '', 'يوسف محمد محمد حامد'),
('0', 0, 47019, 2, 2009, 40, 'المنوفية', 5, 14, '3.12.19ق', '', 'ياسين رمضان شعبان المسلمانى'),
('0', 0, 41649, 2, 2009, 3, 'السويس', 5, 14, '3.14.03ق', '', 'معتز بالله محمد محمد شوقى'),
('0', 0, 49495, 2, 2010, 19, 'القاهرة', 5, 14, '3.16.97ق', '', 'يوسف احمد فؤاد محمد'),
('0', 0, 45929, 2, 2009, 13, 'الاسكندرية', 5, 14, '3.17.62ق', '', 'يحيى مصطفى عبده محمد'),
('0', 0, 49413, 2, 2010, 24, 'الاسكندرية', 5, 14, '3.18.90ق', '', 'هارون محمد فتحى جابر عبد الله'),
('0', 0, 49212, 2, 2011, 33, 'الاسكندرية', 5, 14, '3.26.60ق', '', 'ياسين احمد على ابواليزيد'),
('0', 0, 48198, 2, 2010, 56, 'الفيوم', 5, 14, '3.27.82ق', '', 'يوسف عماد حمدى احمد'),
('0', 0, 43897, 2, 2010, 6, 'الدقهلية', 5, 14, '3.38.75ق', '', 'يوسف احمد انيس السيد'),
('0', 0, 47967, 1, 2010, 20, 'القاهرة', 5, 14, '3.40.47ق', '', 'يوسف محمد إبراهيم عبد الحميد'),
('0', 0, 48136, 2, 2010, 13, 'الاسكندرية', 5, 14, '3.43.61ق', '', 'يونس يوسف ابراهيم عباس'),
('0', 0, 49344, 2, 2010, 38, 'الجيزة', 5, 14, '3.56.31ق', '', 'يوساب صابر مكارى باسيلي جيد'),
('0', 0, 41650, 2, 2009, 3, 'السويس', 5, 14, 'DNF', '', 'يوسف محمد بدرى محمود'),
('0', 0, 44569, 2, 2010, 10, 'الاسكندرية', 5, 14, 'DNF', '', 'يوسف مصطفى عبد المنعم محمد'),
('0', 0, 44973, 2, 2009, 39, 'المنيا', 4, 14, 'DNF', '', 'عبد الرحمن محمد خيرى محمد'),
('0', 0, 41630, 2, 2009, 3, 'الاقصر', 4, 14, 'DNF', '', 'محمد ابو الحسن شاذلى عبد المنعم'),
('0', 0, 49211, 2, 2011, 33, 'الاسكندرية', 4, 14, 'DNF', '', 'عمار محمد عبدالحميد زيدان'),
('الاول', 1, 40439, 1, 2009, 8, 'الاسكندرية', 6, 21, '1.45.91ق', '', 'جيداء اسامه مرسى عبد الله'),
('الاول', 1, 40424, 2, 2009, 8, 'الاسكندرية', 6, 21, '1.45.91ق', '', 'معتز ادهم محمد عبد الحفيظ'),
('الاول', 1, 45638, 1, 2009, 8, 'الاسكندرية', 6, 21, '1.45.91ق', '', 'امال عصام صابر سيف النصر'),
('الاول', 1, 44555, 2, 2009, 8, 'الاسكندرية', 6, 21, '1.45.91ق', '', 'كريم احمد ضياء الدين محمد'),
('الثاني', 2, 40269, 1, 2009, 1, 'الاسكندرية', 6, 21, '1.48.24ق', '', 'جودى على عبد النبى على'),
('الثاني', 2, 42258, 2, 2009, 1, 'الاسكندرية', 6, 21, '1.48.24ق', '', 'عبد الله كريم محمد محمود'),
('الثاني', 2, 45290, 1, 2009, 1, 'الاسكندرية', 6, 21, '1.48.24ق', '', 'نوارى طارق مصطفى محمد وهيبه'),
('الثاني', 2, 47097, 2, 2009, 1, 'الاسكندرية', 6, 21, '1.48.24ق', '', 'سيف الدين عمرو حسين السيد'),
('الثالث', 3, 41503, 1, 2010, 14, 'القاهرة', 6, 21, '1.48.61ق', '', 'تمارا ايهاب حسين السيد'),
('الثالث', 3, 46077, 2, 2010, 14, 'القاهرة', 6, 21, '1.48.61ق', '', 'حسن محسن حسن محسن'),
('الثالث', 3, 49084, 1, 2009, 14, 'القاهرة', 6, 21, '1.48.61ق', '', 'ريم وليد عبد السلام مصطفى'),
('الثالث', 3, 42102, 2, 2009, 14, 'القاهرة', 6, 21, '1.48.61ق', '', 'عبد الرحمن محمد محمود ثابت'),
('الرابع', 4, 40133, 1, 2009, 28, 'القاهرة', 6, 21, '1.51.99ق', '', 'فاطمه طارق صديق عبد الله'),
('الرابع', 4, 40123, 2, 2009, 28, 'القاهرة', 6, 21, '1.51.99ق', '', 'ياسين محسن احمد مصطفى'),
('الرابع', 4, 42750, 1, 2010, 28, 'القاهرة', 6, 21, '1.51.99ق', '', 'ملك سامى حسن بخيت'),
('الرابع', 4, 44789, 2, 2010, 28, 'القاهرة', 6, 21, '1.51.99ق', '', 'سيف جمال عبد المنعم عبد الباسط'),
('الخامس', 5, 45517, 1, 2010, 10, 'الاسكندرية', 6, 21, '1.53.25ق', '', 'ملك محمود السيد محمود'),
('الخامس', 5, 49046, 2, 2010, 10, 'الاسكندرية', 6, 21, '1.53.25ق', '', 'عمر اشرف عبد اللطيف'),
('الخامس', 5, 45519, 1, 2009, 10, 'الاسكندرية', 6, 21, '1.53.25ق', '', 'هانا عمرو احمد السيد'),
('الخامس', 5, 42619, 2, 2009, 10, 'الاسكندرية', 6, 21, '1.53.25ق', '', 'نور الدين محمد ابراهيم محمد'),
('السادس', 6, 41449, 1, 2010, 12, 'الجيزة', 6, 21, '1.53.65ق', '', 'ملك احمد جمال الدين'),
('السادس', 6, 45816, 2, 2009, 12, 'القاهرة', 6, 21, '1.53.65ق', '', 'محمود طارق كمال عبد القوى'),
('السادس', 6, 46359, 1, 2011, 12, 'الجيزة', 6, 21, '1.53.65ق', '', 'خديجه محمد عبد الغنى'),
('السادس', 6, 49370, 2, 2009, 12, 'الجيزة', 6, 21, '1.53.65ق', '', 'يوسف محمود صبرى'),
('السابع', 7, 43203, 1, 2010, 23, 'الاسكندرية', 6, 21, '2.01.38ق', '', 'نور عمرو على ابراهيم'),
('السابع', 7, 46322, 2, 2009, 23, 'الاسكندرية', 6, 21, '2.01.38ق', '', 'محمد خالد احمد رفعت'),
('السابع', 7, 43202, 1, 2010, 23, 'الاسكندرية', 6, 21, '2.01.38ق', '', 'جودى وليد محمد ابراهيم'),
('السابع', 7, 46325, 2, 2009, 23, 'الاسكندرية', 6, 21, '2.01.38ق', '', 'سيف تامر السيد ابراهيم'),
('الاول', 1, 44512, 2, 2009, 14, 'القاهرة', 6, 4, '1.95م', '', 'عبد الرحمن محمد عبد الحليم على'),
('الثاني', 2, 46422, 2, 2009, 41, 'القاهرة', 6, 4, '1.89م', '', 'زين رزق عبد ربه رزق'),
('الثالث', 3, 41325, 2, 2009, 28, 'القاهرة', 6, 4, '1.77م', '', 'حسام ياسر سعيد محمد'),
('الرابع', 4, 42290, 2, 2010, 19, 'القاهرة', 6, 4, '1.77م', '', 'هادى محمد عبد الهادى محمد'),
('الخامس', 5, 44511, 2, 2009, 14, 'القاهرة', 6, 4, '1.74م', '', 'احمد محمد ذكى محمد'),
('السادس', 6, 43090, 2, 2009, 55, 'الجيزة', 6, 4, '1.74م', '', 'عمر محمد احمد محمد مصطفى'),
('السابع', 7, 42106, 2, 2010, 14, 'القاهرة', 6, 4, '1.71م', '', 'على عبد الله جلال توفيق'),
('الثامن', 8, 40123, 2, 2009, 28, 'القاهرة', 6, 4, '1.68م', '', 'ياسين محسن احمد مصطفى'),
('الاول', 1, 48956, 2, 2009, 14, 'القاهرة', 6, 17, '1.38.02ق', '', 'يوسف شريف محمد صلاح'),
('الاول', 1, 42111, 2, 2009, 14, 'القاهرة', 6, 17, '1.38.02ق', '', 'محمد زكريا صلاح الدين عبد الفتاح'),
('الاول', 1, 40876, 2, 2009, 14, 'القاهرة', 6, 17, '1.38.02ق', '', 'ادهم شريف عمر ريان'),
('الاول', 1, 46074, 2, 2009, 14, 'القاهرة', 6, 17, '1.38.02ق', '', 'اسلام محمد محمد اسماعيل'),
('الثاني', 2, 41854, 2, 2009, 10, 'الاسكندرية', 6, 17, '1.40.94ق', '', 'مازن محمد حلمى طه'),
('الثاني', 2, 42657, 2, 2009, 10, 'الاسكندرية', 6, 17, '1.40.94ق', '', 'عمر اسلام فتحى عبد الحميد'),
('الثاني', 2, 44568, 2, 2009, 10, 'الاسكندرية', 6, 17, '1.40.94ق', '', 'معاذ محمد معاذ محمد'),
('الثاني', 2, 46875, 2, 2009, 10, 'الاسكندرية', 6, 17, '1.40.94ق', '', 'عبد الرحمن اشرف السيد محمود'),
('الثالث', 3, 46916, 2, 2010, 3, 'الشرقية', 6, 17, '1.41.05ق', '', 'على عبد الله عبد السميع محمد'),
('الثالث', 3, 49242, 2, 2010, 3, 'الشرقية', 6, 17, '1.41.05ق', '', 'محمد احمد عاطف عبد النبى'),
('الثالث', 3, 41428, 2, 2011, 3, 'الشرقية', 6, 17, '1.41.05ق', '', 'عمر محمود عبد العظيم عبد الرؤف'),
('الثالث', 3, 46917, 2, 2009, 3, 'الشرقية', 6, 17, '1.41.05ق', '', 'عمرو هانى محمود عبد العزيز'),
('الرابع', 4, 41325, 2, 2009, 28, 'القاهرة', 6, 17, '1.43.91ق', '', 'حسام ياسر سعيد محمد'),
('الرابع', 4, 48793, 2, 2009, 28, 'القاهرة', 6, 17, '1.43.91ق', '', 'مؤمن هانى محمد الحفنى'),
('الرابع', 4, 43800, 2, 2010, 28, 'القاهرة', 6, 17, '1.43.91ق', '', 'على محمد ابو الفتوح ابراهيم'),
('الرابع', 4, 40131, 2, 2009, 28, 'القاهرة', 6, 17, '1.43.91ق', '', 'مروان احمد محمود عباس'),
('الخامس', 5, 43946, 2, 2010, 8, 'الاسكندرية', 6, 17, '1.44.15ق', '', 'رايان ياسر رجب عرفه'),
('الخامس', 5, 43086, 2, 2009, 8, 'الاسكندرية', 6, 17, '1.44.15ق', '', 'محمد السعيد محمد محمد'),
('الخامس', 5, 43951, 2, 2010, 8, 'الاسكندرية', 6, 17, '1.44.15ق', '', 'على عبد السلام على عبد السلام'),
('الخامس', 5, 43950, 2, 2009, 8, 'الاسكندرية', 6, 17, '1.44.15ق', '', 'تيم الله احمد محمد عبد الجواد'),
('السادس', 6, 44212, 2, 2010, 20, 'الجيزة', 6, 17, '1.45.72ق', '', 'مروان عبد الناصر محمد على'),
('السادس', 6, 41680, 2, 2009, 20, 'القاهرة', 6, 17, '1.45.72ق', '', 'عمر محمد احمد مرزوق'),
('السادس', 6, 46249, 2, 2009, 20, 'القاهرة', 6, 17, '1.45.72ق', '', 'محمد احمد محمد محمد'),
('السادس', 6, 46241, 2, 2010, 20, 'القاهرة', 6, 17, '1.45.72ق', '', 'شهاب محمد سعيد محمد'),
('السابع', 7, 49056, 2, 2009, 3, 'قنا', 6, 17, '1.51.35ق', '', 'انس ممدوح محمد امبابى'),
('السابع', 7, 48991, 2, 2009, 3, 'قنا', 6, 17, '1.51.35ق', '', 'على كرم احمد ابراهيم'),
('السابع', 7, 48994, 2, 2009, 3, 'قنا', 6, 17, '1.51.35ق', '', 'يوسف وحيد احمد وزيرى'),
('السابع', 7, 49052, 2, 2009, 3, 'قنا', 6, 17, '1.51.35ق', '', 'هشام قناوى همام فهيم'),
('0', 0, 45412, 2, 2009, 18, 'الاسكندرية', 1, 4, '1.60م', '', 'محمد رضا عوض زاهر'),
('0', 0, 47093, 2, 2009, 1, 'الاسكندرية', 1, 4, '1.68م', '', 'عمر كريم سمير عبد الحميد'),
('0', 0, 43175, 2, 2010, 10, 'الاسكندرية', 1, 4, '0', '', 'احمد عبد العزيز ابراهيم محمد'),
('0', 0, 42207, 2, 2010, 21, 'القاهرة', 1, 4, '1.65م', '', 'اسر امير ممدوح عبد الحميد'),
('0', 0, 41586, 2, 2009, 20, 'القاهرة', 1, 4, 'انحساب اصابة', '', 'احمد ربيع سالم حسين'),
('0', 0, 45282, 2, 2009, 1, 'الاسكندرية', 1, 4, '1.50م', '', 'عمر شريف فتحى رمضان مرسى'),
('0', 0, 48899, 2, 2010, 14, 'القاهرة', 1, 4, '1.65م', '', 'مازن سعيد حسن شبانه'),
('0', 0, 43619, 2, 2009, 28, 'القاهرة', 1, 4, '1.55م', '', 'عمر ابراهيم عبد النبى عبد السميع'),
('0', 0, 43090, 2, 2009, 55, 'الجيزة', 1, 4, '0', '', 'عمر محمد احمد محمد مصطفى'),
('0', 0, 44511, 2, 2009, 14, 'القاهرة', 1, 4, '0', '', 'احمد محمد ذكى محمد'),
('الاول', 1, 42878, 2, 2010, 14, 'القاهرة', 6, 18, '62.31م', '', 'محمد سمير اسماعيل عبد الغنى'),
('الثاني', 2, 49492, 2, 2010, 19, 'القاهرة', 6, 18, '58.87م', '', 'محمد رمضان عبد السلام خميس'),
('الثالث', 3, 44976, 2, 2010, 14, 'القاهرة', 6, 18, '53.36م', '', 'يوسف سيد شحات سيد صالح'),
('الاول', 1, 41658, 1, 2009, 1, 'الاسكندرية', 6, 1, '16.90م', '', 'الاء تامر السيد عبده بلال'),
('الثاني', 2, 41289, 1, 2009, 2, 'القاهرة', 6, 1, '15.60م', '', 'تريم ايهاب محمد فريد'),
('الثالث', 3, 41334, 1, 2009, 3, 'القليوبية', 6, 1, '14.69م', '', 'جنه صليح صليح عامر'),
('الرابع', 4, 41102, 1, 2009, 4, 'الشرقية', 6, 1, '13.76م', '', 'مى محمد على محمد'),
('الخامس', 5, 42356, 1, 2010, 5, 'الغربية', 6, 1, '13.46م', '', 'مريم امجد محمد زلط'),
('السادس', 6, 39017, 1, 2009, 3, 'الدقهلية', 6, 1, '12.85م', '', 'سنا اسلام محمد احمد'),
('السابع', 7, 44911, 1, 2010, 3, 'الدقهلية', 6, 1, '12.64م', '', 'ملك محمد عبد العزيز عبد السلام'),
('الثامن', 8, 42491, 1, 2009, 6, 'الدقهلية', 6, 1, '12.43م', '', 'هاجر عباس محمد فهمى'),
('0', 0, 41646, 1, 2009, 3, 'السويس', 1, 1, '8.29م', '', 'حلا احمد سليمان السيد'),
('0', 0, 44874, 1, 2010, 3, 'الدقهلية', 1, 1, '9.69م', '', 'رحمه محمد حسنى مصطفى محمود'),
('0', 0, 44911, 1, 2010, 3, 'الدقهلية', 1, 1, '12.64م', '', 'ملك محمد عبد العزيز عبد السلام'),
('0', 0, 49235, 1, 2011, 3, 'الدقهلية', 1, 1, '11.46م', '', 'عزه محمود محسن السيد'),
('0', 0, 49236, 1, 2011, 3, 'الدقهلية', 1, 1, '9.98م', '', 'مريم سامح محمد محمد'),
('0', 0, 45958, 1, 2010, 7, 'القليوبية', 1, 1, '8.58م', '', 'نور نبيل جاد الرب على'),
('0', 0, 45962, 1, 2011, 7, 'القليوبية', 1, 1, '7.06م', '', 'ميار باسم سيد مدبولى'),
('0', 0, 42133, 1, 2010, 8, 'القاهرة', 1, 1, '9.56م', '', 'لامار محمد محمد محمد'),
('0', 0, 46543, 1, 2011, 9, 'بورسعيد', 1, 1, '11.99م', '', 'ليله احمد شوقى عبد العال رشوان'),
('0', 0, 43689, 1, 2010, 9, 'بورسعيد', 1, 1, '9.04م', '', 'اسيل سامح يوسف محمد'),
('0', 0, 47118, 1, 2011, 1, 'الاسكندرية', 1, 1, '8.27م', '', 'هنا محمد احمد ابو الفتح'),
('0', 0, 47108, 1, 2011, 1, 'الاسكندرية', 1, 1, '11.34م', '', 'هند احمد مصطفى السعيد'),
('0', 0, 43643, 1, 2011, 1, 'الاسكندرية', 1, 1, '10.28م', '', 'مريم احمد نبيل توفيق'),
('0', 0, 42250, 1, 2009, 1, 'الاسكندرية', 1, 1, '11.43م', '', 'فريده عمرو على محمد'),
('0', 0, 42160, 1, 2011, 1, 'القاهرة', 1, 1, '8.59م', '', 'جميله محمد صلاح منصور'),
('0', 0, 46356, 1, 2009, 10, 'الاسكندرية', 1, 1, '10.57م', '', 'ليلى هشام عبد الوهاب'),
('0', 0, 49496, 1, 2009, 11, 'كفر الشيخ', 1, 1, '8.43م', '', 'بسمله على عبد الغنى على'),
('0', 0, 46344, 1, 2009, 12, 'الجيزة', 1, 1, '8.58م', '', 'زينب مصطفى محمد'),
('0', 0, 41289, 1, 2009, 2, 'القاهرة', 1, 1, '15.39م', '', 'تريم ايهاب محمد فريد'),
('0', 0, 43991, 1, 2010, 2, 'القاهرة', 1, 1, '10.58م', '', 'اسما هيثم محمد عرفه'),
('0', 0, 47170, 1, 2011, 13, 'الاسكندرية', 1, 1, '10.23م', '', 'بيرى رومل اسحق وهبه'),
('0', 0, 43060, 1, 2010, 14, 'القاهرة', 1, 2, '10.99ث', '', 'روان رضا محمد عبد الحميد'),
('0', 0, 46355, 1, 2010, 9, 'بورسعيد', 1, 2, '11.47ث', '', 'ريتاج السيد محمد على'),
('0', 0, 43865, 1, 2009, 15, 'القاهرة', 1, 2, '11.52ث', '', 'لوجين حمدى محمود بدوى'),
('0', 0, 47648, 1, 2009, 16, 'بنى سويف', 1, 2, '11.81ث', '', 'سميه ابو بكر قرنى حمد'),
('0', 0, 44233, 1, 2009, 17, 'السويس', 1, 2, '11.93ث', '', 'غنا محمد مصطفى عبد الرؤوف'),
('0', 0, 48785, 1, 2010, 2, 'القاهرة', 1, 2, '11.96ث', '', 'لانا شادى مصطفى كامل'),
('0', 0, 46425, 1, 2009, 18, 'الاسكندرية', 1, 2, '12.65ث', '', 'سما سامح السيد ابراهيم'),
('0', 0, 40291, 1, 2009, 1, 'الاسكندرية', 1, 2, '13.05ث', '', 'هنا عمرو محمد ماهر'),
('0', 0, 46854, 1, 2010, 14, 'القاهرة', 2, 2, '11.21ث', '', 'ريناد اسامه عبد المؤمن عبد التواب'),
('0', 0, 42327, 1, 2009, 19, 'القاهرة', 2, 2, '11.28ث', '', 'حنين خالد احمد جلال'),
('0', 0, 42610, 1, 2010, 15, 'القاهرة', 2, 2, '11.40ث', '', 'هدى محمد مصطفى عليوه مصطفى'),
('0', 0, 43708, 1, 2011, 10, 'الاسكندرية', 2, 2, '11.75ث', '', 'حبيبه هشام سعيد ابراهيم'),
('0', 0, 47965, 1, 2010, 20, 'القاهرة', 2, 2, '12.04ث', '', 'فريده مصطفى فاروق طه'),
('0', 0, 45265, 1, 2010, 1, 'الاسكندرية', 2, 2, '12.05ث', '', 'ملك محمد محمد عبد العزيز'),
('0', 0, 44571, 1, 2010, 12, 'الجيزة', 2, 2, '12.07ث', '', 'ليلى اسلام مصطفى محمد'),
('0', 0, 40082, 1, 2009, 15, 'القاهرة', 3, 2, '10.91ث', '', 'ليله محمد محمد نبيل'),
('0', 0, 47101, 1, 2010, 1, 'الاسكندرية', 3, 2, '11.25ث', '', 'لارا محمد شعبان عبد المحسن'),
('0', 0, 42104, 1, 2010, 14, 'القاهرة', 3, 2, '11.44ث', '', 'ميرنا حسام محمد امين'),
('0', 0, 45273, 1, 2010, 1, 'الاسكندرية', 3, 2, '11.77ث', '', 'لينا اسامة احمد ابراهيم'),
('0', 0, 49491, 1, 2009, 19, 'القاهرة', 3, 2, '11.94ث', '', 'فريده احمد على فهمى'),
('0', 0, 41449, 1, 2010, 12, 'الجيزة', 3, 2, '12.37ث', '', 'ملك احمد جمال الدين'),
('0', 0, 46383, 1, 2009, 13, 'الاسكندرية', 3, 2, '13.55ث', '', 'جومانه حسام الدين سعد محمد'),
('0', 0, 43764, 1, 2011, 14, 'القاهرة', 4, 2, '10.69ث', '', 'غزل مؤمن حسن محمود'),
('0', 0, 41051, 1, 2009, 10, 'الاسكندرية', 4, 2, '11.11ث', '', 'يارا ياسر خميس محمود'),
('0', 0, 44872, 1, 2011, 6, 'الدقهلية', 4, 2, '11.29ث', '', 'ساره يوسف محمد على عبد الله'),
('0', 0, 45848, 1, 2009, 9, 'بورسعيد', 4, 2, '11.95ث', '', 'ملك احمد عبد الجواد محمد'),
('0', 0, 43250, 1, 2010, 19, 'القاهرة', 4, 2, '12.13ث', '', 'سلمى هشام مصطفى تمام'),
('0', 0, 40039, 1, 2009, 2, 'القاهرة', 4, 2, '12.51ث', '', 'سوار سارى سعيد صلاح'),
('0', 0, 47296, 1, 2010, 3, 'بنى سويف', 4, 2, '12.67ث', '', 'سندس محمد احمد خليل'),
('0', 0, 42232, 1, 2010, 21, 'القاهرة', 4, 2, '13.22ث', '', 'مريم شريف محمد رمزى'),
('0', 0, 46112, 1, 2009, 14, 'القاهرة', 5, 2, '10.95ث', '', 'مريم محمد بكار محمد محمد'),
('0', 0, 41492, 1, 2009, 14, 'القاهرة', 5, 2, '11.12ث', '', 'جنى محمد ابراهيم يسرى'),
('0', 0, 40875, 1, 2009, 14, 'القاهرة', 5, 2, '11.31ث', '', 'جودى علاء حسن محمد حموده'),
('0', 0, 45517, 1, 2010, 10, 'الاسكندرية', 5, 2, '11.67ث', '', 'ملك محمود السيد محمود'),
('0', 0, 49331, 1, 2009, 2, 'القاهرة', 5, 2, '11.72ث', '', 'جنى محمد مصطفى محمد جاد'),
('0', 0, 42205, 1, 2009, 21, 'القاهرة', 5, 2, '11.75ث', '', 'مريم محمد عبد الحميد احمد'),
('0', 0, 43243, 1, 2010, 19, 'القاهرة', 5, 2, '12.19ث', '', 'نور سامح رشاد عبد الله'),
('0', 0, 42503, 1, 2010, 6, 'الدقهلية', 5, 2, '12.77ث', '', 'راما محمد مصطفى كمال على'),
('0', 0, 41331, 1, 2010, 22, 'القليوبية', 7, 2, '10.87ث', '', 'نورهان كمال محمد احمد'),
('0', 0, 44847, 1, 2009, 14, 'القاهرة', 7, 2, '10.93ث', '', 'هنا محمد وجيه زكى'),
('0', 0, 40571, 1, 2009, 11, 'الغربية', 7, 2, '11.01ث', '', 'فرح احمد عبد الفتاح يحيى'),
('0', 0, 42603, 1, 2010, 15, 'القاهرة', 7, 2, '11.18ث', '', 'فريده طارق فهيم محمد عبد الحميد'),
('0', 0, 43203, 1, 2010, 23, 'الاسكندرية', 7, 2, '11.41ث', '', 'نور عمرو على ابراهيم'),
('0', 0, 43241, 1, 2010, 19, 'القاهرة', 7, 2, '11.69ث', '', 'جودى هشام زكريا اسماعيل'),
('0', 0, 47105, 1, 2010, 1, 'الاسكندرية', 7, 2, '11.87ث', '', 'هاجر اسلام احمد مرسى'),
('0', 0, 42922, 1, 2010, 2, 'القاهرة', 7, 2, '12.05ث', '', 'سلمى رحيم فاروق رياض'),
('0', 0, 38925, 1, 2009, 14, 'الاسكندرية', 8, 2, '11.02ث', '', 'منه ادريس مصرى محمد'),
('0', 0, 45405, 1, 2009, 2, 'القاهرة', 8, 2, '11.32ث', '', 'لى لى كريم محمد محمد'),
('0', 0, 49270, 1, 2009, 21, 'القاهرة', 8, 2, '11.93ث', '', 'ليلى يحى حسن صفوت'),
('0', 0, 49512, 1, 2009, 10, 'الاسكندرية', 8, 2, '11.95ث', '', 'ملك محمد احمد سمير'),
('0', 0, 43252, 1, 2010, 19, 'القاهرة', 8, 2, '11.99ث', '', 'حلا تامر حماد محمد'),
('0', 0, 49412, 1, 2009, 24, 'الاسكندرية', 8, 2, '12.10ث', '', 'ندى ثروت محمد محمد سيد'),
('0', 0, 43072, 1, 2010, 9, 'بورسعيد', 8, 2, '12.53ث', '', 'ريم محمد سليمان حسن'),
('0', 0, 41990, 1, 2010, 25, 'الاسكندرية', 8, 2, '14.95ث', '', 'رقيه ياسر ابراهيم عبد الحليم'),
('0', 0, 41503, 1, 2010, 14, 'القاهرة', 9, 2, '11.02ث', '', 'تمارا ايهاب حسين السيد'),
('0', 0, 45290, 1, 2009, 1, 'الاسكندرية', 9, 2, '11.09ث', '', 'نوارى طارق مصطفى محمد وهيبه'),
('0', 0, 49411, 1, 2009, 24, 'الاسكندرية', 9, 2, '11.51ث', '', 'فريده معروف احمد محمد حسين'),
('0', 0, 40439, 1, 2009, 8, 'الاسكندرية', 9, 2, '11.61ث', '', 'جيداء اسامه مرسى عبد الله'),
('0', 0, 44003, 1, 2009, 21, 'القاهرة', 9, 2, '11.91ث', '', 'عاليا وائل محمد سمير'),
('0', 0, 49510, 1, 2010, 10, 'الاسكندرية', 9, 2, '12.27ث', '', 'رقيه حسن يوسف محمد'),
('0', 0, 42341, 1, 2010, 19, 'القاهرة', 9, 2, '12.29ث', '', 'ريتاج السندى حسين عبد الحكيم'),
('0', 0, 44678, 1, 2010, 13, 'الاسكندرية', 9, 2, '13.02ث', '', 'شهد ايمن محمد عبد النبى'),
('0', 0, 44913, 1, 2009, 12, 'الجيزة', 10, 3, '#REF!', '', 'حلا ياسر محمد فرج'),
('0', 0, 42100, 1, 2009, 14, 'القاهرة', 10, 3, '#REF!', '', 'حبيبه عمرو قمر عبد المنعم'),
('0', 0, 43398, 1, 2009, 12, 'الجيزة', 10, 3, '#REF!', '', 'بسمله اشرف فكرى محمود'),
('0', 0, 41442, 1, 2010, 12, 'الجيزة', 10, 3, '#REF!', '', 'يارا محمد عاطف عبد الحميد'),
('0', 0, 42605, 1, 2010, 15, 'القاهرة', 10, 3, '#REF!', '', 'سما محمد مسعد محمد قنديل'),
('0', 0, 38476, 1, 2009, 14, 'القاهرة', 10, 3, '#REF!', '', 'جودى نادر على سالم'),
('0', 0, 47329, 1, 2011, 10, 'الاسكندرية', 10, 3, '#REF!', '', 'جودى محمد عبد العال غيطانى'),
('0', 0, 40809, 1, 2009, 10, 'الاسكندرية', 10, 3, '#REF!', '', 'فريده احمد ثابت محمود'),
('الاول', 1, 43764, 1, 2011, 14, 'القاهرة', 6, 2, '30.20ث', '', 'غزل مؤمن حسن محمود'),
('الثاني', 2, 41331, 1, 2010, 22, 'القليوبية', 6, 2, '31.34ث', '', 'نورهان كمال محمد احمد'),
('الثالث', 3, 40082, 1, 2009, 15, 'القاهرة', 6, 2, '31.54ث', '', 'ليله محمد محمد نبيل'),
('الرابع', 4, 44847, 1, 2009, 14, 'القاهرة', 6, 2, '31.60ث', '', 'هنا محمد وجيه زكى'),
('الخامس', 5, 41051, 1, 2009, 10, 'الاسكندرية', 6, 2, '32.18ث', '', 'يارا ياسر خميس محمود'),
('السادس', 6, 40571, 1, 2009, 11, 'الغربية', 6, 2, '32.25ث', '', 'فرح احمد عبد الفتاح يحيى'),
('السابع', 7, 45290, 1, 2009, 1, 'الاسكندرية', 6, 2, '32.80ث', '', 'نوارى طارق مصطفى محمد وهيبه'),
('الثامن', 8, 46112, 1, 2009, 14, 'القاهرة', 6, 2, '32.92ث', '', 'مريم محمد بكار محمد محمد'),
('0', 0, 43398, 1, 2009, 12, 'الجيزة', 1, 3, '31.54ث', '', 'بسمله اشرف فكرى محمود'),
('0', 0, 38476, 1, 2009, 14, 'القاهرة', 1, 3, '32.25ث', '', 'جودى نادر على سالم'),
('0', 0, 47329, 1, 2011, 10, 'الاسكندرية', 1, 3, '32.80ث', '', 'جودى محمد عبد العال غيطانى'),
('0', 0, 40809, 1, 2009, 10, 'الاسكندرية', 1, 3, '32.92ث', '', 'فريده احمد ثابت محمود'),
('0', 0, 42508, 1, 2010, 2, 'القاهرة', 1, 3, '32.96ث', '', 'رقيه محمود اسامه محمد'),
('0', 0, 46425, 1, 2009, 18, 'الاسكندرية', 1, 3, '38.24ث', '', 'سما سامح السيد ابراهيم'),
('0', 0, 44249, 1, 2009, 26, 'الجيزة', 1, 3, '40.48ث', '', 'ملك مصطفى محمد حنفى'),
('0', 0, 44913, 1, 2009, 12, 'الجيزة', 4, 3, '30.20ث', '', 'حلا ياسر محمد فرج'),
('0', 0, 42100, 1, 2009, 14, 'القاهرة', 4, 3, '31.34ث', '', 'حبيبه عمرو قمر عبد المنعم'),
('0', 0, 41442, 1, 2010, 12, 'الجيزة', 4, 3, '31.60ث', '', 'يارا محمد عاطف عبد الحميد'),
('0', 0, 42602, 1, 2010, 15, 'القاهرة', 4, 3, '32.18ث', '', 'حبيبه محمود وحيد عبد العزيز'),
('0', 0, 48785, 1, 2010, 2, 'القاهرة', 4, 3, '33.19ث', '', 'لانا شادى مصطفى كامل'),
('0', 0, 48077, 1, 2010, 27, 'الدقهلية', 4, 3, '37.01ث', '', 'ميانا محمد فكرى توفيق'),
('الاول', 1, 42076, 1, 2009, 14, 'القاهرة', 6, 4, '1.57م', '', 'زينه شريف على محمود'),
('الثاني', 2, 42249, 1, 2009, 1, 'الاسكندرية', 6, 4, '1.57م', '', 'عليا احمد صلاح عبد المجيد'),
('الثالث', 3, 44561, 1, 2010, 10, 'الاسكندرية', 6, 4, '1.54م', '', 'كرمه محمد عادل عبد الحميد'),
('الرابع', 4, 45248, 1, 2011, 1, 'الاسكندرية', 6, 4, '1.51م', '', 'ندى احمد محمود خضر خضر عبده'),
('الخامس', 5, 40130, 1, 2009, 28, 'القاهرة', 6, 4, '1.45م', '', 'سلمى حسام الدين محمد ابو الحديد'),
('السادس', 6, 42812, 1, 2010, 26, 'القاهرة', 6, 4, '1.45م', '', 'جودى احمد مصطفى سعد'),
('السابع', 7, 42773, 1, 2010, 28, 'القاهرة', 6, 4, '1.40م', '', 'حبيبه ياسر ربيع هوى ابراهيم'),
('الثامن', 8, 40223, 1, 2009, 19, 'القاهرة', 6, 4, '1.35م', '', 'ليلى ياسر احمد محمد جوده'),
('الثامن', 8, 42750, 1, 2010, 28, 'القاهرة', 6, 4, '1.35م', '', 'ملك سامى حسن بخيت'),
('0', 0, 42270, 1, 2010, 1, 'الاسكندرية', 1, 4, '1.35م', '', 'رهف اشرف مصطفى محمد'),
('الاول', 1, 42621, 1, 2009, 10, 'الاسكندرية', 6, 5, '49.02م', '', 'ريماس هيثم عادل عبد العظيم'),
('الثاني', 2, 43852, 1, 2010, 14, 'القاهرة', 6, 5, '40.68م', '', 'لمى عماد ابراهيم الدسوقى'),
('الثالث', 3, 40823, 1, 2009, 10, 'الاسكندرية', 6, 5, '39.69م', '', 'جنى عمرو احمد محمد الباهى'),
('الرابع', 4, 41102, 1, 2009, 4, 'الشرقية', 6, 5, '35.20م', '', 'مى محمد على محمد');
INSERT INTO `results` (`Rank1`, `rank`, `player_id`, `sex_id`, `DOB`, `club_id`, `gov`, `het_id`, `events_id`, `results`, `wind`, `E-name`) VALUES
('الخامس', 5, 42250, 1, 2009, 1, 'الاسكندرية', 6, 5, '33.63م', '', 'فريده عمرو على محمد'),
('السادس', 6, 42044, 1, 2009, 13, 'الاسكندرية', 6, 5, '31.84م', '', 'ايسن احمد عبد العليم خلف الله'),
('السابع', 7, 49016, 1, 2010, 10, 'الاسكندرية', 6, 5, '31.00م', '', 'هنا مصطفى محمد فوزى محمد'),
('الثامن', 8, 49232, 1, 2011, 3, 'الدقهلية', 6, 5, '28.56م', '', 'تمار محمد ابراهيم عبدالحميد'),
('الاول', 1, 44913, 1, 2009, 12, 'الجيزة', 6, 3, '29.42ث', '', 'حلا ياسر محمد فرج'),
('الثاني', 2, 42100, 1, 2009, 14, 'القاهرة', 6, 3, '30.14ث', '', 'حبيبه عمرو قمر عبد المنعم'),
('الثالث', 3, 43398, 1, 2009, 12, 'الجيزة', 6, 3, '31.42ث', '', 'بسمله اشرف فكرى محمود'),
('الرابع', 4, 38476, 1, 2009, 14, 'القاهرة', 6, 3, '31.45ث', '', 'جودى نادر على سالم'),
('الخامس', 5, 41442, 1, 2010, 12, 'الجيزة', 6, 3, '31.68ث', '', 'يارا محمد عاطف عبد الحميد'),
('السادس', 6, 47329, 1, 2011, 10, 'الاسكندرية', 6, 3, '32.62ث', '', 'جودى محمد عبد العال غيطانى'),
('السابع', 7, 42605, 1, 2010, 15, 'القاهرة', 6, 3, '32.71ث', '', 'سما محمد مسعد محمد قنديل'),
('الثامن', 8, 40809, 1, 2009, 10, 'الاسكندرية', 6, 3, '33.58ث', '', 'فريده احمد ثابت محمود'),
('الاول', 1, 48961, 1, 2009, 14, 'القاهرة', 6, 6, '6.34.57ق', '', 'شهد عادل عبده مصطفى'),
('الثاني', 2, 35878, 1, 2009, 29, 'القاهرة', 6, 6, '6.38.30ق', '', 'جودى سامح محمد نجيب'),
('الثالث', 3, 49493, 1, 2009, 19, 'القاهرة', 6, 6, '6.46.01ق', '', 'حنين محمد حمدى السعيد'),
('الرابع', 4, 49084, 1, 2009, 14, 'القاهرة', 6, 6, '6.46.68ق', '', 'ريم وليد عبد السلام مصطفى'),
('الخامس', 5, 48444, 1, 2010, 30, 'الغربية', 6, 6, '6.47.62ق', '', 'سلمى شريف إبراهيم باز'),
('السادس', 6, 44920, 1, 2009, 31, 'الشرقية', 6, 6, '6.55.86ق', '', 'جودى محمد مجدى عليوه'),
('السابع', 7, 44262, 1, 2010, 26, 'الجيزة', 6, 6, '7.06.53ق', '', 'زينب الحسن الوردانى طاهر'),
('الثامن', 8, 48110, 1, 2010, 32, 'اسيوط', 6, 6, '7.34.90ق', '', 'زينب عثمان جابر عثمان'),
('التاسع', 9, 44480, 1, 2010, 33, 'الاسكندرية', 6, 6, '8.01.76ق', '', 'مايا محمد سيد حسن'),
('العاشر', 10, 49328, 1, 2010, 30, 'الغربية', 6, 6, '8.14.48ق', '', 'جودى محمد حامد محمد'),
('الحادى عشر', 11, 48954, 1, 2010, 31, 'الشرقية', 6, 6, '8.35.59ق', '', 'ريتاج مصطفى جمال الدين سالم'),
('الثاني عشر', 12, 49545, 1, 2009, 31, 'الشرقية', 6, 6, '8.36.59ق', '', 'نور وليد انور على'),
('الثالث عشر', 13, 44578, 1, 2009, 34, 'شمال سيناء', 6, 6, '8.50.08ق', '', 'رانيا السيد محمد عطيه'),
('الثالث عشر', 14, 44374, 1, 2009, 31, 'الشرقية', 6, 6, '9.07.87ق', '', 'اشرقت محمود نصر الله محمد'),
('الثالث عشر', 15, 38292, 1, 2010, 35, 'الفيوم', 6, 6, '10.18.48ق', '', 'ياسمين سلامه فتحى زيدان'),
('الثالث عشر', 16, 42717, 1, 2009, 3, 'اسوان', 6, 6, '11.22.84ق', '', 'هدير صلاح نجدى رضوان'),
('الثالث عشر', 17, 46819, 1, 2010, 34, 'شمال سيناء', 6, 6, '12.35.74ق', '', 'اسلام رمضان خفاجى محمد منصور'),
('الثالث عشر', 18, 44156, 1, 2010, 7, 'القليوبية', 6, 6, 'DNF', '', 'اسينات احمد محمد السيد'),
('0', 0, 49232, 1, 2011, 3, 'الدقهلية', 1, 5, '28.56م', '', 'تمار محمد ابراهيم عبدالحميد'),
('0', 0, 43048, 1, 2009, 3, 'الاسماعيلية', 1, 5, '24.50م', '', 'سلمى احمد خالد'),
('0', 0, 41363, 1, 2009, 3, 'الاسماعيلية', 1, 5, '26.13م', '', 'ساجده محمد عثمان احمد'),
('0', 0, 41369, 1, 2009, 3, 'الاسماعيلية', 1, 5, '27.92م', '', 'رهف ايهاب محمد سليمان محمد'),
('0', 0, 45958, 1, 2010, 7, 'القليوبية', 1, 5, '10.11م', '', 'نور نبيل جاد الرب على'),
('0', 0, 43072, 1, 2010, 9, 'بورسعيد', 1, 5, '21.05م', '', 'ريم محمد سليمان حسن'),
('0', 0, 47118, 1, 2011, 1, 'الاسكندرية', 1, 5, '22.69م', '', 'هنا محمد احمد ابو الفتح'),
('0', 0, 47108, 1, 2011, 1, 'الاسكندرية', 1, 5, '20.18م', '', 'هند احمد مصطفى السعيد'),
('0', 0, 45263, 1, 2011, 1, 'الاسكندرية', 1, 5, '18.18م', '', 'جنا عبد المنعم محمد محمد هاشم جبيب'),
('0', 0, 40823, 1, 2009, 10, 'الاسكندرية', 1, 5, '39.69م', '', 'جنى عمرو احمد محمد الباهى'),
('0', 0, 49005, 1, 2010, 10, 'الاسكندرية', 1, 5, '24.31م', '', 'مريم مصطفى احمد'),
('0', 0, 48982, 1, 2011, 10, 'الاسكندرية', 1, 5, '22.02م', '', 'كرمه عبد المجيد مؤنس'),
('0', 0, 41102, 1, 2009, 4, 'الشرقية', 1, 5, '30.05م', '', 'مى محمد على محمد'),
('0', 0, 49102, 1, 2009, 26, 'القاهرة', 1, 5, '26.60م', '', 'همسه عصام حسين محمد'),
('الاول', 1, 40435, 1, 2009, 8, 'الاسكندرية', 6, 7, '4.91م', '', 'شهد وليد مساح ابو المجد على'),
('الثاني', 2, 41645, 1, 2010, 3, 'السويس', 6, 7, '4.78م', '', 'راما بخيت ابراهيم عبد النعيم'),
('الثالث', 3, 41331, 1, 2010, 22, 'القليوبية', 6, 7, '4.74م', '', 'نورهان كمال محمد احمد'),
('الرابع', 4, 40569, 1, 2009, 11, 'الغربية', 6, 7, '4.70م', '', 'مريم محمود مصطفى احمد'),
('الخامس', 5, 45638, 1, 2009, 8, 'الاسكندرية', 6, 7, '4.70م', '', 'امال عصام صابر سيف النصر'),
('السادس', 6, 40571, 1, 2009, 11, 'الغربية', 6, 7, '4.68م', '', 'فرح احمد عبد الفتاح يحيى'),
('السابع', 7, 46886, 1, 2010, 9, 'بورسعيد', 6, 7, '4.63م', '', 'جودى على عبد المنعم منصف'),
('الثامن', 8, 43070, 1, 2010, 9, 'بورسعيد', 6, 7, '4.40م', '', 'الما حسام محمد احمد'),
('الاول', 1, 41646, 1, 2009, 3, 'السويس', 1, 7, '4.00م', '', 'حلا احمد سليمان السيد'),
('0', 0, 47296, 1, 2010, 3, 'بنى سويف', 1, 7, '3.51م', '', 'سندس محمد احمد خليل'),
('0', 0, 41337, 1, 2010, 3, 'القليوبية', 1, 7, '3.41م', '', 'نادين احمد عيسى ابو المجد'),
('0', 0, 49236, 1, 2011, 3, 'الدقهلية', 1, 7, '3.99م', '', 'مريم سامح محمد محمد'),
('0', 0, 46112, 1, 2009, 14, 'القاهرة', 1, 7, '-', '', 'مريم محمد بكار محمد محمد'),
('0', 0, 47732, 1, 2009, 14, 'القاهرة', 1, 7, '4.38م', '', 'جويريه ايمن مصطفى ابو المحاسن'),
('0', 0, 41981, 1, 2010, 25, 'الاسكندرية', 1, 7, '4.04م', '', 'سلمى محمد كامل محمد'),
('0', 0, 49215, 1, 2011, 33, 'الاسكندرية', 1, 7, '4.22م', '', 'كنده عبدالمطلب محمد رمضان'),
('0', 0, 40434, 1, 2009, 8, 'الاسكندرية', 1, 7, '3.88م', '', 'فريده حسام محمد توفيق'),
('0', 0, 40438, 1, 2009, 8, 'الاسكندرية', 1, 7, '4.10م', '', 'ايه اشرف فؤاد عبد السيد'),
('0', 0, 43243, 1, 2010, 19, 'القاهرة', 1, 7, '4.13م', '', 'نور سامح رشاد عبد الله'),
('0', 0, 48077, 1, 2010, 27, 'الدقهلية', 1, 7, '3.08م', '', 'ميانا محمد فكرى توفيق'),
('0', 0, 43069, 1, 2010, 9, 'بورسعيد', 1, 7, '4.16م', '', 'ملك محمد فاروق ابراهيم'),
('0', 0, 45848, 1, 2009, 9, 'بورسعيد', 1, 7, '3.26م', '', 'ملك احمد عبد الجواد محمد'),
('0', 0, 46355, 1, 2010, 9, 'بورسعيد', 1, 7, '4.24م', '', 'ريتاج السيد محمد على'),
('0', 0, 44564, 1, 2009, 10, 'الاسكندرية', 1, 7, '4.23م', '', 'حبيبه تامر سعد السيد'),
('0', 0, 49017, 1, 2009, 10, 'الاسكندرية', 1, 7, '3.54م', '', 'زينه عمرو ثروت احمد محمود'),
('0', 0, 43750, 1, 2010, 10, 'الاسكندرية', 1, 7, '3.50م', '', 'فرح احمد عطا الله على'),
('0', 0, 49023, 1, 2010, 10, 'الاسكندرية', 1, 7, '3.81م', '', 'منه الله محمود داهش'),
('0', 0, 42606, 1, 2010, 10, 'الاسكندرية', 1, 7, '4.08م', '', 'فريده محمد حمدى محمود'),
('0', 0, 48970, 1, 2010, 4, 'القاهرة', 1, 7, '-', '', 'حبيبه احمد عبد العزيز حسن'),
('0', 0, 48964, 1, 2010, 4, 'القاهرة', 1, 7, '4.10م', '', 'لميس هانى محمد محمد'),
('0', 0, 42481, 1, 2011, 11, 'البحيرة', 1, 7, '4.13م', '', 'لينه محمود مصطفى احمد'),
('0', 0, 44571, 1, 2010, 12, 'الجيزة', 1, 7, '3.72م', '', 'ليلى اسلام مصطفى محمد'),
('0', 0, 43196, 1, 2011, 13, 'الاسكندرية', 1, 7, '3.99م', '', 'جودى احمد محمود عبد الراضى'),
('0', 0, 49168, 1, 2011, 13, 'الاسكندرية', 1, 7, '3.57م', '', 'اروى احمد محمد عبد القادر'),
('0', 0, 45850, 1, 2010, 36, 'بورسعيد', 1, 7, '4.06م', '', 'لارا هيثم محمد عيد حنفى'),
('0', 0, 43213, 1, 2010, 13, 'الاسكندرية', 1, 7, '4.20م', '', 'سما السيد فاروق السيد'),
('0', 0, 42864, 1, 2009, 3, 'اسوان', 1, 7, '3.33م', '', 'ساره احمد رضوان احمد'),
('0', 0, 49171, 1, 2010, 13, 'الاسكندرية', 1, 7, '3.72م', '', 'اسماء عصام عبد النعيم عبد اللطيف'),
('0', 0, 43203, 1, 2010, 23, 'الاسكندرية', 1, 7, '4.12م', '', 'نور عمرو على ابراهيم'),
('0', 0, 45847, 1, 2010, 36, 'بورسعيد', 1, 7, '-', '', 'منه الله السيد احمد عباس'),
('0', 0, 42709, 1, 2009, 3, 'اسوان', 1, 7, '2.80م', '', 'ردينه محمد عبد الفتح'),
('0', 0, 46780, 1, 2010, 37, 'اسوان', 1, 7, '-', '', 'عبير جمعه مصطفى خليل'),
('0', 0, 49014, 1, 2011, 10, 'الاسكندرية', 1, 7, '3.23م', '', 'سلمى عمرو احمد حامد سماحه'),
('0', 0, 46874, 1, 2011, 10, 'الاسكندرية', 1, 7, '3.64م', '', 'رغد عبد المنعم حسن عبد المنعم'),
('الاول', 1, 42603, 1, 2010, 15, 'القاهرة', 6, 8, '38.93ث', '', 'فريده طارق فهيم محمد عبد الحميد'),
('الاول', 1, 42608, 1, 2010, 15, 'القاهرة', 6, 8, '38.93ث', '', 'عائشة عبد المحسن مخيم مرسى'),
('الاول', 1, 42610, 1, 2010, 15, 'القاهرة', 6, 8, '38.93ث', '', 'هدى محمد مصطفى عليوه مصطفى'),
('الاول', 1, 40082, 1, 2009, 15, 'القاهرة', 6, 8, '38.93ث', '', 'ليله محمد محمد نبيل'),
('الثاني', 2, 43470, 1, 2011, 10, 'الاسكندرية', 6, 8, '39.35ث', '', 'ايه احمد محسن غريب'),
('الثاني', 2, 42609, 1, 2009, 10, 'الاسكندرية', 6, 8, '39.35ث', '', 'لينا خالد على محمد'),
('الثاني', 2, 49011, 1, 2011, 10, 'الاسكندرية', 6, 8, '39.35ث', '', 'حسنه تامر ابراهيم محمود'),
('الثاني', 2, 45520, 1, 2010, 10, 'الاسكندرية', 6, 8, '39.35ث', '', 'رقيه ميسره محمود محمد شراقى'),
('الثالث', 3, 45638, 1, 2009, 8, 'الاسكندرية', 6, 8, '41.24ث', '', 'امال عصام صابر سيف النصر'),
('الثالث', 3, 40438, 1, 2009, 8, 'الاسكندرية', 6, 8, '41.24ث', '', 'ايه اشرف فؤاد عبد السيد'),
('الثالث', 3, 40434, 1, 2009, 8, 'الاسكندرية', 6, 8, '41.24ث', '', 'فريده حسام محمد توفيق'),
('الثالث', 3, 40435, 1, 2009, 8, 'الاسكندرية', 6, 8, '41.24ث', '', 'شهد وليد مساح ابو المجد على'),
('الرابع', 4, 43252, 1, 2010, 19, 'القاهرة', 6, 8, '41.46ث', '', 'حلا تامر حماد محمد'),
('الرابع', 4, 43250, 1, 2010, 19, 'القاهرة', 6, 8, '41.46ث', '', 'سلمى هشام مصطفى تمام'),
('الرابع', 4, 43243, 1, 2010, 19, 'القاهرة', 6, 8, '41.46ث', '', 'نور سامح رشاد عبد الله'),
('الرابع', 4, 49491, 1, 2009, 19, 'القاهرة', 6, 8, '41.46ث', '', 'فريده احمد على فهمى'),
('الخامس', 5, 48785, 1, 2010, 2, 'القاهرة', 6, 8, '42.80ث', '', 'لانا شادى مصطفى كامل'),
('الخامس', 5, 45405, 1, 2009, 2, 'القاهرة', 6, 8, '42.80ث', '', 'لى لى كريم محمد محمد'),
('الخامس', 5, 42508, 1, 2010, 2, 'القاهرة', 6, 8, '42.80ث', '', 'رقيه محمود اسامه محمد'),
('الخامس', 5, 45285, 1, 2009, 1, 'الاسكندرية', 6, 8, '42.80ث', '', 'جنى محمد مصطفى شحاته'),
('السادس', 6, 42232, 1, 2010, 21, 'القاهرة', 6, 8, '43.36ث', '', 'مريم شريف محمد رمزى'),
('السادس', 6, 44003, 1, 2009, 21, 'القاهرة', 6, 8, '43.36ث', '', 'عاليا وائل محمد سمير'),
('السادس', 6, 49270, 1, 2009, 21, 'القاهرة', 6, 8, '43.36ث', '', 'ليلى يحى حسن صفوت'),
('السادس', 6, 42205, 1, 2009, 21, 'القاهرة', 6, 8, '43.36ث', '', 'مريم محمد عبد الحميد احمد'),
('السابع', 7, 46112, 1, 2009, 14, 'القاهرة', 6, 8, '46.33ث', '', 'مريم محمد بكار محمد محمد'),
('السابع', 7, 43060, 1, 2010, 14, 'القاهرة', 6, 8, '46.33ث', '', 'روان رضا محمد عبد الحميد'),
('السابع', 7, 46854, 1, 2010, 14, 'القاهرة', 6, 8, '46.33ث', '', 'ريناد اسامه عبد المؤمن عبد التواب'),
('السابع', 7, 43764, 1, 2011, 14, 'القاهرة', 6, 8, '46.33ث', '', 'غزل مؤمن حسن محمود'),
('الاول', 1, 48113, 1, 2011, 32, 'اسيوط', 6, 9, '14.55.47ق', '', 'سجى فهد مصطفى النحاس'),
('الثاني', 2, 42752, 1, 2010, 28, 'القاهرة', 6, 9, '15.05.58ق', '', 'ياسمين عمرو صلاح محمود'),
('الثالث', 3, 44334, 1, 2010, 38, 'الجيزة', 6, 9, '15.22.95ق', '', 'جنى طارق طلعت عبد المجيد'),
('الرابع', 4, 42693, 1, 2011, 28, 'القاهرة', 6, 9, '16.01.69ق', '', 'ريسان احمد محمد احمد'),
('الخامس', 5, 47522, 1, 2009, 38, 'الجيزة', 6, 9, '16.23.95ق', '', 'جومانه حسام سمير عز الدين'),
('السادس', 6, 47546, 1, 2010, 38, 'الجيزة', 6, 9, '16.26.90ق', '', 'حبيبه احمد حسن عثمان'),
('السابع', 7, 47554, 1, 2010, 38, 'الجيزة', 6, 9, '16.54.68ق', '', 'جومانه احمد ضاحى كبر'),
('الثامن', 8, 42748, 1, 2010, 28, 'القاهرة', 6, 9, '16.57.21ق', '', 'رودينا خالد عبد المنعم محمد'),
('الاول', 1, 46138, 1, 2010, 14, 'القاهرة', 6, 10, '5.53.35ق', '', 'عائشه السيد على محمد عجينه'),
('الثاني', 2, 42773, 1, 2010, 28, 'القاهرة', 6, 10, '5.55.33ق', '', 'حبيبه ياسر ربيع هوى ابراهيم'),
('الثالث', 3, 44252, 1, 2009, 26, 'الجيزة', 6, 10, '5.58.55ق', '', 'وفاء طه على ابراهيم'),
('الرابع', 4, 38431, 1, 2009, 32, 'الفيوم', 6, 10, '6.03.39ق', '', 'بسنت صلاح محمد'),
('الخامس', 5, 47746, 1, 2010, 4, 'القاهرة', 6, 10, '6.08.40ق', '', 'فاطمه على عبد المنعم على'),
('السادس', 6, 40877, 1, 2009, 14, 'القاهرة', 6, 10, '6.11.13ق', '', 'رحمه محمد احمد محمود'),
('السابع', 7, 42763, 1, 2010, 28, 'القاهرة', 6, 10, '7.29.29ق', '', 'يارا عمرو صلاح محمود'),
('الاول', 1, 48113, 1, 2011, 32, 'اسيوط', 6, 9, '14.55.47ق', '', 'سجى فهد مصطفى النحاس'),
('الثاني', 2, 42752, 1, 2010, 28, 'القاهرة', 6, 9, '15.05.58ق', '', 'ياسمين عمرو صلاح محمود'),
('الثالث', 3, 44334, 1, 2010, 38, 'الجيزة', 6, 9, '15.22.95ق', '', 'جنى طارق طلعت عبد المجيد'),
('الرابع', 4, 42693, 1, 2011, 28, 'القاهرة', 6, 9, '16.01.69ق', '', 'ريسان احمد محمد احمد'),
('الخامس', 5, 47522, 1, 2009, 38, 'الجيزة', 6, 9, '16.23.95ق', '', 'جومانه حسام سمير عز الدين'),
('السادس', 6, 47546, 1, 2010, 38, 'الجيزة', 6, 9, '16.25.99ق', '', 'حبيبه احمد حسن عثمان'),
('السابع', 7, 47554, 1, 2010, 38, 'الجيزة', 6, 9, '16.36.90ق', '', 'جومانه احمد ضاحى كبر'),
('الثامن', 8, 42748, 1, 2010, 28, 'القاهرة', 6, 9, '16.54.68ق', '', 'رودينا خالد عبد المنعم محمد'),
('التاسع', 9, 46144, 1, 2011, 14, 'القاهرة', 6, 9, '16.57.21ق', '', 'الاء محمد احمد رضا محمد'),
('العاشر', 10, 48746, 1, 2010, 28, 'القاهرة', 6, 9, '17.25.13ق', '', 'ليلى اسامة عدلى امين'),
('الحادى عشر', 11, 47494, 1, 2011, 38, 'الجيزة', 6, 9, '17.39.41ق', '', 'نيلى كريم جمال سعد الدين'),
('الثاني عشر', 12, 48824, 1, 2009, 23, 'الاسكندرية', 6, 9, '21.05.97ق', '', 'نور ابراهيم محمود على'),
('الاول', 1, 44913, 1, 2009, 12, 'الجيزة', 10, 11, '12.73ث', '', 'حلا ياسر محمد فرج'),
('الثاني', 2, 42608, 1, 2010, 15, 'القاهرة', 10, 11, '12.93ث', '', 'عائشة عبد المحسن مخيم مرسى'),
('الثالث', 3, 44620, 1, 2010, 10, 'الاسكندرية', 10, 11, '13.12ث', '', 'مايا تامر سالم عبد الفتاح'),
('الرابع', 4, 42100, 1, 2009, 14, 'القاهرة', 10, 11, '13.15ث', '', 'حبيبه عمرو قمر عبد المنعم'),
('الخامس', 5, 40754, 1, 2009, 3, 'السويس', 10, 11, '13.35ث', '', 'جورى محمود عبد العزيز على'),
('السادس', 6, 42603, 1, 2010, 15, 'القاهرة', 10, 11, '13.45ث', '', 'فريده طارق فهيم محمد عبد الحميد'),
('السابع', 7, 43398, 1, 2009, 12, 'الجيزة', 10, 11, '13.69ث', '', 'بسمله اشرف فكرى محمود'),
('الثامن', 8, 42607, 1, 2010, 15, 'القاهرة', 10, 11, '17.74ث', '', 'ملك باسم محمد حسن محمد'),
('0', 0, 42603, 1, 2010, 15, 'القاهرة', 1, 11, '13.45ث', '', 'فريده طارق فهيم محمد عبد الحميد'),
('0', 0, 48964, 1, 2010, 4, 'القاهرة', 1, 11, '14.10ث', '', 'لميس هانى محمد محمد'),
('0', 0, 41442, 1, 2010, 12, 'الجيزة', 1, 11, '14.15ث', '', 'يارا محمد عاطف عبد الحميد'),
('0', 0, 42605, 1, 2010, 15, 'القاهرة', 1, 11, '14.69ث', '', 'سما محمد مسعد محمد قنديل'),
('0', 0, 42481, 1, 2011, 11, 'البحيرة', 1, 11, '14.95ث', '', 'لينه محمود مصطفى احمد'),
('0', 0, 44249, 1, 2009, 26, 'الجيزة', 1, 11, '19.32ث', '', 'ملك مصطفى محمد حنفى'),
('0', 0, 44913, 1, 2009, 12, 'الجيزة', 4, 11, '12.73ث', '', 'حلا ياسر محمد فرج'),
('0', 0, 42608, 1, 2010, 15, 'القاهرة', 4, 11, '12.93ث', '', 'عائشة عبد المحسن مخيم مرسى'),
('0', 0, 44620, 1, 2010, 10, 'الاسكندرية', 4, 11, '13.12ث', '', 'مايا تامر سالم عبد الفتاح'),
('0', 0, 40754, 1, 2009, 3, 'السويس', 4, 11, '13.35ث', '', 'جورى محمود عبد العزيز على'),
('0', 0, 46669, 1, 2011, 36, 'بورسعيد', 4, 11, '16.48ث', '', 'ريماس اسلام جمال عوض'),
('0', 0, 42100, 1, 2009, 14, 'القاهرة', 5, 11, '13.15ث', '', 'حبيبه عمرو قمر عبد المنعم'),
('0', 0, 43398, 1, 2009, 12, 'الجيزة', 5, 11, '13.69ث', '', 'بسمله اشرف فكرى محمود'),
('0', 0, 42607, 1, 2010, 15, 'القاهرة', 5, 11, '13.74ث', '', 'ملك باسم محمد حسن محمد'),
('0', 0, 44560, 1, 2010, 10, 'الاسكندرية', 5, 11, '14.11ث', '', 'رودينا احمد سمير الامام'),
('0', 0, 42090, 1, 2010, 14, 'القاهرة', 5, 11, '15.51ث', '', 'ورد محمد مشير محمد'),
('الاول', 1, 39017, 1, 2009, 3, 'الدقهلية', 6, 12, '4813 نقطة', '', 'سنا اسلام محمد احمد'),
('الثاني', 2, 44911, 1, 2010, 3, 'الدقهلية', 6, 12, '4711 نقطة', '', 'ملك محمد عبد العزيز عبد السلام'),
('الثالث', 3, 46262, 1, 2009, 39, 'المنيا', 6, 12, '4651 نقطة', '', 'ملك وائل احمد محمود'),
('الرابع', 4, 41098, 1, 2009, 4, 'القاهرة', 6, 12, '4601 نقطة', '', 'شروق حسام الدين مصطفى عبد البديع'),
('الخامس', 5, 40569, 1, 2009, 11, 'الغربية', 6, 12, '4533 نقطة', '', 'مريم محمود مصطفى احمد'),
('السادس', 6, 46359, 1, 2011, 12, 'الجيزة', 6, 12, '4351 نقطة', '', 'خديجه محمد عبد الغنى'),
('السابع', 7, 45463, 1, 2009, 4, 'القاهرة', 6, 12, '3955 نقطة', '', 'مريم محمد حسين محمد عبد الرحيم'),
('الثامن', 8, 44874, 1, 2010, 3, 'الدقهلية', 6, 12, '3767 نقطة', '', 'رحمه محمد حسنى مصطفى محمود'),
('التاسع', 9, 42090, 1, 2010, 14, 'القاهرة', 6, 12, '3727 نقطة', '', 'ورد محمد مشير محمد'),
('العاشر', 10, 42270, 1, 2010, 1, 'الاسكندرية', 6, 12, '3616 نقطة', '', 'رهف اشرف مصطفى محمد'),
('الحادى عشر', 11, 42182, 1, 2011, 1, 'الاسكندرية', 6, 12, '3572 نقطة', '', 'ملك سامح السيد السيد'),
('الثاني عشر', 12, 45464, 1, 2009, 4, 'القاهرة', 6, 12, '3472 نقطة', '', 'مروه السيد على محمد محمد'),
('الثالث عشر', 13, 40754, 1, 2009, 3, 'السويس', 6, 12, '3269 نقطة', '', 'جورى محمود عبد العزيز على'),
('الثالث عشر', 14, 49232, 1, 2011, 3, 'الدقهلية', 6, 12, '2965 نقطة', '', 'تمار محمد ابراهيم عبدالحميد'),
('الثالث عشر', 15, 45840, 1, 2010, 39, 'المنيا', 6, 12, '1682 نقطة', '', 'ابتهال صابر عويس عبد الغنى'),
('الثالث عشر', 16, 39013, 1, 2009, 3, 'الدقهلية', 6, 12, '1012 نقطة', '', 'لجين نبيل على محمد'),
('الاول', 1, 42164, 1, 2011, 1, 'القاهرة', 6, 13, '3.10م', '', 'جينا محمد عماد الدين عبد المنعم'),
('الثاني', 2, 40292, 1, 2009, 1, 'الاسكندرية', 6, 13, '3.00م', '', 'جودى جلال محمد سويفى'),
('الثالث', 3, 42327, 1, 2009, 19, 'القاهرة', 6, 13, '2.90م', '', 'حنين خالد احمد جلال'),
('الرابع', 4, 44560, 1, 2010, 10, 'الاسكندرية', 6, 13, '2.90م', '', 'رودينا احمد سمير الامام'),
('الخامس', 5, 44559, 1, 2009, 10, 'الاسكندرية', 6, 13, '2.50م', '', 'الينور محمد محيى احمد'),
('السادس', 6, 47105, 1, 2010, 1, 'الاسكندرية', 6, 13, '2.20م', '', 'هاجر اسلام احمد مرسى'),
('السابع', 7, 49371, 1, 2009, 12, 'الجيزة', 6, 13, '2.10م', '', 'لجين محمد وفيق حسن'),
('الاول', 1, 44913, 1, 2009, 12, 'الجيزة', 6, 11, '12.53ث', '', 'حلا ياسر محمد فرج'),
('الثاني', 2, 42100, 1, 2009, 14, 'القاهرة', 6, 11, '12.81ث', '', 'حبيبه عمرو قمر عبد المنعم'),
('الثالث', 3, 42608, 1, 2010, 15, 'القاهرة', 6, 11, '12.92ث', '', 'عائشة عبد المحسن مخيم مرسى'),
('الرابع', 4, 44620, 1, 2010, 10, 'الاسكندرية', 6, 11, '13.12ث', '', 'مايا تامر سالم عبد الفتاح'),
('الخامس', 5, 43398, 1, 2009, 12, 'الجيزة', 6, 11, '13.25ث', '', 'بسمله اشرف فكرى محمود'),
('السادس', 6, 42603, 1, 2010, 15, 'القاهرة', 6, 11, '13.31ث', '', 'فريده طارق فهيم محمد عبد الحميد'),
('السابع', 7, 42607, 1, 2010, 15, 'القاهرة', 6, 11, '13.70ث', '', 'ملك باسم محمد حسن محمد'),
('الثامن', 8, 41442, 1, 2010, 12, 'الجيزة', 6, 11, '14.15ث', '', 'يارا محمد عاطف عبد الحميد'),
('الاول', 1, 48114, 1, 2010, 32, 'اسيوط', 6, 14, '3.03.30ق', '', 'جنى صلاح كامل فكرى'),
('الثاني', 2, 41355, 1, 2010, 3, 'القليوبية', 6, 14, '3.11.05ق', '', 'ريناد هانى على عبد المحسن'),
('الثالث', 3, 43202, 1, 2010, 23, 'الاسكندرية', 6, 14, '3.12.71ق', '', 'جودى وليد محمد ابراهيم'),
('الرابع', 4, 42648, 1, 2010, 10, 'الاسكندرية', 6, 14, '3.16.48ق', '', 'ميران محمود ابراهيم حسين'),
('الخامس', 5, 48111, 1, 2011, 32, 'اسيوط', 6, 14, '3.19.70ق', '', 'سلمى رمضان رجب محمد'),
('السادس', 6, 43200, 1, 2011, 13, 'الاسكندرية', 6, 14, '3.23.39ق', '', 'هنا حامد جابر حامد'),
('السابع', 7, 44278, 1, 2011, 26, 'الجيزة', 6, 14, '3.25.39ق', '', 'يارا باسم عبد المنعم نصر'),
('الثامن', 8, 44263, 1, 2010, 26, 'الجيزة', 6, 14, '3.28.33ق', '', 'زينب هانى فهمى الباز'),
('0', 0, 47017, 1, 2010, 40, 'المنوفية', 1, 14, '3.29.29ق', '', 'فريده عماد الدين محمد حمدان'),
('0', 0, 48108, 1, 2011, 32, 'اسيوط', 1, 14, '3.30.95ق', '', 'ملكه ادهم عادل عبد الرحمن'),
('0', 0, 36941, 1, 2009, 14, 'المنيا', 1, 14, '3.38.62ق', '', 'شروق احمد عبد الحميد رائق'),
('0', 0, 46990, 1, 2010, 6, 'الدقهلية', 1, 14, '3.40.48ق', '', 'توهادا اشرف سيد هلال'),
('0', 0, 42183, 1, 2011, 1, 'الاسكندرية', 1, 14, '3.40.60ق', '', 'فيروز احمد محمد احمد'),
('0', 0, 45647, 1, 2010, 8, 'الاسكندرية', 1, 14, '3.41.05ق', '', 'نورهان عبد الله عياد'),
('0', 0, 48039, 1, 2010, 41, 'القاهرة', 1, 14, '3.41.10ق', '', 'شروق ربيع جوده حسين اسماعيل'),
('0', 0, 44156, 1, 2010, 7, 'القليوبية', 1, 14, '4.12.55ق', '', 'اسينات احمد محمد السيد'),
('0', 0, 40440, 1, 2009, 8, 'الاسكندرية', 1, 14, '4.18.99', '', 'بسنت ضياء الدين مصطفى'),
('0', 0, 48111, 1, 2011, 32, 'اسيوط', 4, 14, '3.28.26ق', '', 'سلمى رمضان رجب محمد'),
('0', 0, 43200, 1, 2011, 13, 'الاسكندرية', 4, 14, '3.30.22ق', '', 'هنا حامد جابر حامد'),
('0', 0, 44232, 1, 2010, 17, 'السويس', 4, 14, '3.30.92ق', '', 'فاطمه الزهراء تامر محمود محمد'),
('0', 0, 46773, 1, 2010, 29, 'السويس', 4, 14, '3.36.48ق', '', 'نور احمد على احمد'),
('0', 0, 45661, 1, 2010, 8, 'الاسكندرية', 4, 14, '3.52.42ق', '', 'اسيل احمد ابراهيم متولى'),
('0', 0, 47234, 1, 2011, 8, 'الاسكندرية', 4, 14, '4.09.66ق', '', 'جيداء احمد ابراهيم الوكيل'),
('0', 0, 45659, 1, 2011, 8, 'الاسكندرية', 4, 14, '4.29.56ق', '', 'يارا محمد احمد السيد'),
('الاول', 1, 43221, 1, 2010, 14, 'القاهرة', 6, 15, '27.31ث', '', 'ايمان عبد الله ابرهيم احمد'),
('الثاني', 2, 44847, 1, 2009, 14, 'القاهرة', 6, 15, '27.36ث', '', 'هنا محمد وجيه زكى'),
('الثالث', 3, 42609, 1, 2009, 10, 'الاسكندرية', 6, 15, '27.49ث', '', 'لينا خالد على محمد'),
('الرابع', 4, 45520, 1, 2010, 10, 'الاسكندرية', 6, 15, '27.52ث', '', 'رقيه ميسره محمود محمد شراقى'),
('الخامس', 5, 41645, 1, 2010, 3, 'السويس', 6, 15, '28.04ث', '', 'راما بخيت ابراهيم عبد النعيم'),
('السادس', 6, 43060, 1, 2010, 14, 'القاهرة', 6, 15, '28.46ث', '', 'روان رضا محمد عبد الحميد'),
('السابع', 7, 43226, 1, 2010, 26, 'الجيزة', 6, 15, '28.91ث', '', 'ملك توفيق محمد توفيق'),
('الثامن', 8, 49411, 1, 2009, 24, 'الاسكندرية', 6, 15, '29.45ث', '', 'فريده معروف احمد محمد حسين'),
('الاول', 1, 41334, 1, 2009, 3, 'القليوبية', 6, 16, '44.80م', '', 'جنه صليح صليح عامر'),
('الثاني', 2, 41658, 1, 2009, 1, 'الاسكندرية', 6, 16, '39.00م', '', 'الاء تامر السيد عبده بلال'),
('الثالث', 3, 42334, 1, 2009, 19, 'القاهرة', 6, 16, '36.42م', '', 'امنيه محمد محيى محمد'),
('الرابع', 4, 42133, 1, 2010, 8, 'القاهرة', 6, 16, '34.51م', '', 'لامار محمد محمد محمد'),
('الخامس', 5, 47092, 1, 2009, 1, 'الاسكندرية', 6, 16, '32.32م', '', 'ملك محمد حسن محمد'),
('السادس', 6, 42356, 1, 2010, 5, 'الغربية', 6, 16, '31.96م', '', 'مريم امجد محمد زلط'),
('السابع', 7, 46344, 1, 2009, 12, 'الجيزة', 6, 16, '31.34م', '', 'زينب مصطفى محمد'),
('الثامن', 8, 43729, 1, 2010, 10, 'الاسكندرية', 6, 16, '30.77م', '', 'مليكه عمرو محمد نجيب'),
('0', 0, 41645, 1, 2010, 3, 'السويس', 1, 15, '28.57ث', '', 'راما بخيت ابراهيم عبد النعيم'),
('0', 0, 43060, 1, 2010, 14, 'القاهرة', 1, 15, '29.07ث', '', 'روان رضا محمد عبد الحميد'),
('0', 0, 43226, 1, 2010, 26, 'الجيزة', 1, 15, '29.15ث', '', 'ملك توفيق محمد توفيق'),
('0', 0, 42154, 1, 2010, 1, 'القاهرة', 1, 15, '#REF!', '', 'رقيه احمد عادل عبد الصادق'),
('0', 0, 45523, 1, 2009, 10, 'الاسكندرية', 1, 15, '#REF!', '', 'فاطمه الزهراء مصطفى حمدى'),
('0', 0, 42232, 1, 2010, 21, 'القاهرة', 1, 15, '31.15ث', '', 'مريم شريف محمد رمزى'),
('0', 0, 42104, 1, 2010, 14, 'القاهرة', 4, 15, '31.68ث', '', 'ميرنا حسام محمد امين'),
('0', 0, 45519, 1, 2009, 10, 'الاسكندرية', 4, 15, '35.33ث', '', 'هانا عمرو احمد السيد'),
('0', 0, 42205, 1, 2009, 21, 'القاهرة', 4, 15, '31.35ث', '', 'مريم محمد عبد الحميد احمد'),
('0', 0, 42277, 1, 2010, 1, 'الاسكندرية', 4, 15, '32.08ث', '', 'هيا ابراهيم محمد مرزوق'),
('0', 0, 44678, 1, 2010, 13, 'الاسكندرية', 4, 15, '34.83ث', '', 'شهد ايمن محمد عبد النبى'),
('0', 0, 42503, 1, 2010, 6, 'الدقهلية', 4, 15, '34.89ث', '', 'راما محمد مصطفى كمال على'),
('0', 0, 45520, 1, 2010, 10, 'الاسكندرية', 5, 15, '28.02ث', '', 'رقيه ميسره محمود محمد شراقى'),
('0', 0, 42825, 1, 2009, 26, 'القاهرة', 5, 15, '31.34ث', '', 'صفوه محمد على مصطفى'),
('0', 0, 49270, 1, 2009, 21, 'القاهرة', 5, 15, '31.79ث', '', 'ليلى يحى حسن صفوت'),
('0', 0, 45266, 1, 2010, 1, 'الاسكندرية', 5, 15, '32.34ث', '', 'حبيبه محمد التهامى سعد'),
('0', 0, 46383, 1, 2009, 13, 'الاسكندرية', 5, 15, '36.48ث', '', 'جومانه حسام الدين سعد محمد'),
('0', 0, 41990, 1, 2010, 25, 'الاسكندرية', 5, 15, '38.48ث', '', 'رقيه ياسر ابراهيم عبد الحليم'),
('0', 0, 40875, 1, 2009, 14, 'القاهرة', 5, 15, 'DNF', '', 'جودى علاء حسن محمد حموده'),
('0', 0, 41492, 1, 2009, 14, 'القاهرة', 8, 15, '29.08ث', '', 'جنى محمد ابراهيم يسرى'),
('0', 0, 46871, 1, 2010, 10, 'الاسكندرية', 8, 15, '29.67ث', '', 'كرمه احمد محمد نظمى'),
('0', 0, 47965, 1, 2010, 20, 'القاهرة', 8, 15, '30.98ث', '', 'فريده مصطفى فاروق طه'),
('0', 0, 44003, 1, 2009, 21, 'القاهرة', 8, 15, '31.11ث', '', 'عاليا وائل محمد سمير'),
('0', 0, 45265, 1, 2010, 1, 'الاسكندرية', 8, 15, '31.25ث', '', 'ملك محمد محمد عبد العزيز'),
('0', 0, 41981, 1, 2010, 25, 'الاسكندرية', 8, 15, '33.34ث', '', 'سلمى محمد كامل محمد'),
('0', 0, 38925, 1, 2009, 14, 'الاسكندرية', 9, 15, '29.23ث', '', 'منه ادريس مصرى محمد'),
('0', 0, 45517, 1, 2010, 10, 'الاسكندرية', 9, 15, '29.97ث', '', 'ملك محمود السيد محمود'),
('0', 0, 40269, 1, 2009, 1, 'الاسكندرية', 9, 15, '29.98ث', '', 'جودى على عبد النبى على'),
('0', 0, 45850, 1, 2010, 36, 'بورسعيد', 9, 15, '31.41ث', '', 'لارا هيثم محمد عيد حنفى'),
('0', 0, 49412, 1, 2009, 24, 'الاسكندرية', 9, 15, '31.48ث', '', 'ندى ثروت محمد محمد سيد'),
('0', 0, 41449, 1, 2010, 12, 'الجيزة', 9, 15, '32.27ث', '', 'ملك احمد جمال الدين'),
('0', 0, 47132, 1, 2011, 33, 'الاسكندرية', 9, 15, '33.26ث', '', 'ملك محى محمود عبد المجيد'),
('0', 0, 46541, 1, 2009, 28, 'القاهرة', 9, 15, '34.04ث', '', 'ملك عمرو سامح محمود'),
('0', 0, 42609, 1, 2009, 10, 'الاسكندرية', 3, 15, '28.46ث', '', 'لينا خالد على محمد'),
('0', 0, 44847, 1, 2009, 14, 'القاهرة', 3, 15, '28.70ث', '', 'هنا محمد وجيه زكى'),
('0', 0, 49411, 1, 2009, 24, 'الاسكندرية', 3, 15, '29.40ث', '', 'فريده معروف احمد محمد حسين'),
('0', 0, 49331, 1, 2009, 2, 'القاهرة', 3, 15, '30.50ث', '', 'جنى محمد مصطفى محمد جاد'),
('0', 0, 45660, 1, 2010, 8, 'الاسكندرية', 3, 15, '31.54ث', '', 'هنا اسلام ابراهيم طه'),
('0', 0, 46669, 1, 2011, 36, 'بورسعيد', 3, 15, '31.59ث', '', 'ريماس اسلام جمال عوض'),
('0', 0, 49510, 1, 2010, 10, 'الاسكندرية', 3, 15, '32.62ث', '', 'رقيه حسن يوسف محمد'),
('0', 0, 43221, 1, 2010, 14, 'القاهرة', 2, 15, '28.54ث', '', 'ايمان عبد الله ابرهيم احمد'),
('0', 0, 41051, 1, 2009, 10, 'الاسكندرية', 2, 15, '29.73ث', '', 'يارا ياسر خميس محمود'),
('0', 0, 40439, 1, 2009, 8, 'الاسكندرية', 2, 15, '30.64ث', '', 'جيداء اسامه مرسى عبد الله'),
('0', 0, 45405, 1, 2009, 2, 'القاهرة', 2, 15, '31.20ث', '', 'لى لى كريم محمد محمد'),
('0', 0, 44233, 1, 2009, 17, 'السويس', 2, 15, '31.49ث', '', 'غنا محمد مصطفى عبد الرؤوف'),
('0', 0, 47648, 1, 2009, 16, 'بنى سويف', 2, 15, '31.71ث', '', 'سميه ابو بكر قرنى حمد'),
('0', 0, 45273, 1, 2010, 1, 'الاسكندرية', 2, 15, '32.34ث', '', 'لينا اسامة احمد ابراهيم'),
('الاول', 1, 42100, 1, 2009, 14, 'القاهرة', 6, 17, '1.52.67ق', '', 'حبيبه عمرو قمر عبد المنعم'),
('الاول', 1, 43764, 1, 2011, 14, 'القاهرة', 6, 17, '1.52.67ق', '', 'غزل مؤمن حسن محمود'),
('الاول', 1, 44847, 1, 2009, 14, 'القاهرة', 6, 17, '1.52.67ق', '', 'هنا محمد وجيه زكى'),
('الاول', 1, 43221, 1, 2010, 14, 'القاهرة', 6, 17, '1.52.67ق', '', 'ايمان عبد الله ابرهيم احمد'),
('الثاني', 2, 41051, 1, 2009, 10, 'الاسكندرية', 6, 17, '1.53.09ق', '', 'يارا ياسر خميس محمود'),
('الثاني', 2, 42609, 1, 2009, 10, 'الاسكندرية', 6, 17, '1.53.09ق', '', 'لينا خالد على محمد'),
('الثاني', 2, 46871, 1, 2010, 10, 'الاسكندرية', 6, 17, '1.53.09ق', '', 'كرمه احمد محمد نظمى'),
('الثاني', 2, 45520, 1, 2010, 10, 'الاسكندرية', 6, 17, '1.53.09ق', '', 'رقيه ميسره محمود محمد شراقى'),
('الثالث', 3, 42608, 1, 2010, 15, 'القاهرة', 6, 17, '1.56.64ق', '', 'عائشة عبد المحسن مخيم مرسى'),
('الثالث', 3, 43865, 1, 2009, 15, 'القاهرة', 6, 17, '1.56.64ق', '', 'لوجين حمدى محمود بدوى'),
('الثالث', 3, 42610, 1, 2010, 15, 'القاهرة', 6, 17, '1.56.64ق', '', 'هدى محمد مصطفى عليوه مصطفى'),
('الثالث', 3, 42605, 1, 2010, 15, 'القاهرة', 6, 17, '1.56.64ق', '', 'سما محمد مسعد محمد قنديل'),
('الرابع', 4, 42277, 1, 2010, 1, 'الاسكندرية', 6, 17, '2.03.53ق', '', 'هيا ابراهيم محمد مرزوق'),
('الرابع', 4, 45273, 1, 2010, 1, 'الاسكندرية', 6, 17, '2.03.53ق', '', 'لينا اسامة احمد ابراهيم'),
('الرابع', 4, 42154, 1, 2010, 1, 'القاهرة', 6, 17, '2.03.53ق', '', 'رقيه احمد عادل عبد الصادق'),
('الرابع', 4, 47101, 1, 2010, 1, 'الاسكندرية', 6, 17, '2.03.53ق', '', 'لارا محمد شعبان عبد المحسن'),
('الخامس', 5, 45646, 1, 2010, 8, 'الاسكندرية', 6, 17, '2.05.39ق', '', 'فاطمه الزهراء محمد جابر'),
('الخامس', 5, 45647, 1, 2010, 8, 'الاسكندرية', 6, 17, '2.05.39ق', '', 'نورهان عبد الله عياد'),
('الخامس', 5, 45661, 1, 2010, 8, 'الاسكندرية', 6, 17, '2.05.39ق', '', 'اسيل احمد ابراهيم متولى'),
('الخامس', 5, 45660, 1, 2010, 8, 'الاسكندرية', 6, 17, '2.05.39ق', '', 'هنا اسلام ابراهيم طه'),
('الاول', 1, 44035, 1, 2009, 14, 'القاهرة', 6, 18, '55.04م', '', 'مريم محمد محمد هشام'),
('الثاني', 2, 46858, 1, 2009, 19, 'القاهرة', 6, 18, '53.43م', '', 'نسيبه محمود احمد محمد'),
('الثالث', 3, 41491, 1, 2009, 14, 'القاهرة', 6, 18, '53.03م', '', 'داليا مجدى محمد صبح'),
('الرابع', 4, 41289, 1, 2009, 2, 'القاهرة', 6, 18, '50.03م', '', 'تريم ايهاب محمد فريد'),
('الخامس', 5, 47188, 1, 2011, 19, 'القاهرة', 6, 18, '45.74م', '', 'سلمى احمد سمير فؤاد'),
('السادس', 6, 46084, 1, 2010, 14, 'القاهرة', 6, 18, '44.64م', '', 'زمزم احمد حسنين حامد'),
('السابع', 7, 47573, 1, 2011, 26, 'الجيزة', 6, 18, '33.87م', '', 'هنا محمد سعيد عبد ربه'),
('الثامن', 8, 42323, 1, 2009, 19, 'القاهرة', 6, 18, '30.73م', '', 'رقيه على محمد محمد'),
('0', 0, 42120, 1, 2010, 14, 'القاهرة', 1, 18, '38.41م', '', 'جنى احمد نبيل شحات'),
('0', 0, 44247, 1, 2009, 26, 'الجيزة', 1, 18, 'nm', '', 'ياسمين خالد محمد متولى'),
('0', 0, 45816, 2, 2009, 12, 'القاهرة', 2, 2, '10.22ث', '', 'محمود طارق كمال عبد القوى'),
('0', 0, 49046, 2, 2010, 10, 'الاسكندرية', 2, 2, '10.42ث', '', 'عمر اشرف عبد اللطيف'),
('0', 0, 41402, 2, 2009, 3, 'الوادى الجديد', 2, 2, '10.65ث', '', 'الحسين هيثم محمد علم الدين'),
('0', 0, 48948, 2, 2010, 42, 'السويس', 2, 2, '10.70ث', '', 'احمد حسن طنطاوى احمد'),
('0', 0, 49056, 2, 2009, 3, 'قنا', 2, 2, '10.84ث', '', 'انس ممدوح محمد امبابى'),
('0', 0, 44212, 2, 2010, 20, 'الجيزة', 7, 2, '9.90ث', '', 'مروان عبد الناصر محمد على'),
('0', 0, 44095, 2, 2009, 43, 'الجيزة', 7, 2, '10.40ث', '', 'معز الدين ايمن سليمان مدين'),
('0', 0, 41854, 2, 2009, 10, 'الاسكندرية', 7, 2, '10.10ث', '', 'مازن محمد حلمى طه'),
('0', 0, 49370, 2, 2009, 12, 'الجيزة', 7, 2, '10.18ث', '', 'يوسف محمود صبرى'),
('0', 0, 48947, 2, 2010, 42, 'السويس', 7, 2, '10.28ث', '', 'سفيان منعم محمد احمد'),
('0', 0, 41399, 2, 2009, 3, 'الوادى الجديد', 7, 2, '10.31ث', '', 'على محمد عبد الخالق حسن'),
('0', 0, 40876, 2, 2009, 14, 'القاهرة', 4, 2, '9.80ث', '', 'ادهم شريف عمر ريان'),
('0', 0, 42897, 2, 2010, 41, 'القاهرة', 4, 2, '10.16ث', '', 'عبد الله احمد حامد محمود'),
('0', 0, 47247, 2, 2010, 8, 'الاسكندرية', 4, 2, '10.32ث', '', 'عمر محمد احمد هريدى'),
('0', 0, 41652, 2, 2009, 3, 'السويس', 4, 2, '10.46ث', '', 'فؤاد محمد فؤاد محمد الطيب'),
('0', 0, 41680, 2, 2009, 20, 'القاهرة', 4, 2, '10.87ث', '', 'عمر محمد احمد مرزوق'),
('0', 0, 41625, 2, 2009, 3, 'الاقصر', 4, 2, '11.74ث', '', 'محمد مصطفى محمد جاد الرب'),
('0', 0, 44360, 2, 2009, 31, 'الشرقية', 8, 2, '9.82ث', '', 'ايمن سامح عبد المنعم محمد'),
('0', 0, 42657, 2, 2009, 10, 'الاسكندرية', 8, 2, '10.26ث', '', 'عمر اسلام فتحى عبد الحميد'),
('0', 0, 49242, 2, 2010, 3, 'الشرقية', 8, 2, '10.31ث', '', 'محمد احمد عاطف عبد النبى'),
('0', 0, 49322, 2, 2009, 41, 'القاهرة', 8, 2, '10.40ث', '', 'اسر ياسر سيد احمد محمد'),
('0', 0, 42671, 2, 2010, 6, 'الدقهلية', 8, 2, '11.05ث', '', 'احمد محمد احمد مدحت'),
('0', 0, 45961, 2, 2011, 7, 'القليوبية', 8, 2, '11.08ث', '', 'عمر وائل منصور محمد'),
('0', 0, 49054, 2, 2009, 3, 'قنا', 8, 2, '11.49ث', '', 'حماده عبد الرحيم حماده حبيب'),
('0', 0, 41721, 2, 2009, 15, 'القاهرة', 9, 2, '9.51ث', '', 'على محمد بدر حافظ صديق'),
('0', 0, 46875, 2, 2009, 10, 'الاسكندرية', 9, 2, '9.63ث', '', 'عبد الرحمن اشرف السيد محمود'),
('0', 0, 46883, 2, 2009, 3, 'الوادى الجديد', 9, 2, '10.25ث', '', 'عمر احمد حمدى عبد العال'),
('0', 0, 47156, 2, 2009, 13, 'الاسكندرية', 9, 2, '10.91ث', '', 'عبد الله احمد حسين امبابى'),
('0', 0, 49415, 2, 2010, 24, 'الاسكندرية', 9, 2, '11.79ث', '', 'اسر محمد محمود ابو زيد احمد'),
('0', 0, 49422, 2, 2010, 41, 'القاهرة', 9, 2, '12.12ث', '', 'براء محمود احمد علي'),
('0', 0, 44489, 2, 2010, 25, 'الاسكندرية', 9, 2, '12.44ث', '', 'سعيد احمد على يوسف'),
('0', 0, 49057, 2, 2010, 3, 'قنا', 9, 2, '12.50ث', '', 'مصطفى الامير محمود حفنى'),
('0', 0, 46917, 2, 2009, 3, 'الشرقية', 11, 2, '9.52ث', '', 'عمرو هانى محمود عبد العزيز'),
('0', 0, 43701, 2, 2011, 10, 'الاسكندرية', 11, 2, '10.24ث', '', 'بيجاد شريف احمد محمد'),
('0', 0, 45138, 2, 2009, 43, 'الجيزة', 11, 2, '10.34ث', '', 'محمد موفق محمد عبد الحليم'),
('0', 0, 49077, 2, 2009, 20, 'القاهرة', 11, 2, '10.72ث', '', 'يوسف احمد محمود عبد المتجلى'),
('0', 0, 46239, 2, 2010, 20, 'القاهرة', 11, 2, '11.46ث', '', 'ابراهيم فتحى سيد عبد السلام'),
('0', 0, 44596, 2, 2009, 44, 'الاقصر', 11, 2, '12.23ث', '', 'مصطفى على محمد مرعزى'),
('0', 0, 47674, 2, 2011, 33, 'الاسكندرية', 11, 2, '12.45ث', '', 'مهند عبد الحليم محمد على'),
('0', 0, 46422, 2, 2009, 41, 'القاهرة', 5, 2, '9.47ث', '', 'زين رزق عبد ربه رزق'),
('0', 0, 46789, 2, 2009, 14, 'القاهرة', 5, 2, '9.91ث', '', 'مروان صابر نصر غمرى غلاب'),
('0', 0, 41644, 2, 2010, 3, 'السويس', 5, 2, '10.12ث', '', 'خالد ايمن ابو شوشه خليل'),
('0', 0, 46713, 2, 2009, 31, 'الشرقية', 5, 2, '10.22ث', '', 'على عمرو على زين العابدين محمد'),
('0', 0, 44228, 2, 2009, 17, 'السويس', 5, 2, '10.28ث', '', 'يوسف غريب عبد السميع سليم'),
('0', 0, 41424, 2, 2010, 3, 'الشرقية', 5, 2, '10.46ث', '', 'عبد الهادى باسم الهادى مرسى'),
('0', 0, 48868, 2, 2009, 3, 'الاقصر', 1, 2, '9.68ث', '', 'احمد النوبى احمد محمد'),
('0', 0, 42111, 2, 2009, 14, 'القاهرة', 1, 2, '9.76ث', '', 'محمد زكريا صلاح الدين عبد الفتاح'),
('0', 0, 40051, 2, 2009, 41, 'القاهرة', 1, 2, '10.55ث', '', 'هاشم عمرو عطيه سعد الدين'),
('0', 0, 43086, 2, 2009, 8, 'الاسكندرية', 1, 2, '10.59ث', '', 'محمد السعيد محمد محمد'),
('0', 0, 44348, 2, 2009, 4, 'القاهرة', 1, 2, '10.70ث', '', 'عبد الرحمن ابراهيم محمد محمد'),
('0', 0, 43086, 2, 2009, 8, 'الاسكندرية', 1, 2, '11.80ث', '', 'محمد السعيد محمد محمد'),
('0', 0, 47979, 2, 2010, 20, 'القاهرة', 1, 2, '11.90ث', '', 'حازم محمد فكرى عبد الهادى'),
('0', 0, 41696, 2, 2009, 21, 'القاهرة', 3, 2, '9.66ث', '', 'محمد طارق وجدى ابو المعاطى'),
('0', 0, 40750, 2, 2009, 42, 'السويس', 3, 2, '9.76ث', '', 'باسل هيثم رضا العنبرى'),
('0', 0, 44566, 2, 2010, 10, 'الاسكندرية', 3, 2, '9.81ث', '', 'محمود محمد يوسف احمد'),
('0', 0, 41405, 2, 2009, 3, 'الوادى الجديد', 3, 2, '10.05ث', '', 'مؤمن هاشم راتب محمد'),
('0', 0, 46861, 2, 2009, 19, 'القاهرة', 3, 2, '10.33ث', '', 'بلال حسين مشهور شريف'),
('0', 0, 49335, 2, 2009, 45, 'الاقصر', 3, 2, '11.19ث', '', 'محمود ياسر محمود الطاهر'),
('0', 0, 41893, 2, 2009, 46, 'الاقصر', 3, 2, '11.24ث', '', 'زياد عمرو فوزى محمد'),
('0', 0, 49173, 2, 2009, 13, 'الاسكندرية', 3, 2, '11.32ث', '', 'عبد الله عبد اللطيف محمد'),
('الاول', 1, 46917, 2, 2009, 3, 'الشرقية', 6, 2, '9.52ث', '', 'عمرو هانى محمود عبد العزيز'),
('الثاني', 2, 41721, 2, 2009, 15, 'القاهرة', 6, 2, '9.64ث', '', 'على محمد بدر حافظ صديق'),
('الثالث', 3, 41696, 2, 2009, 21, 'القاهرة', 6, 2, '9.64ث', '', 'محمد طارق وجدى ابو المعاطى'),
('الرابع', 4, 40750, 2, 2009, 42, 'السويس', 6, 2, '9.83ث', '', 'باسل هيثم رضا العنبرى'),
('الخامس', 5, 42111, 2, 2009, 14, 'القاهرة', 6, 2, '9.85ث', '', 'محمد زكريا صلاح الدين عبد الفتاح'),
('السادس', 6, 46875, 2, 2009, 10, 'الاسكندرية', 6, 2, '9.87ث', '', 'عبد الرحمن اشرف السيد محمود'),
('السابع', 7, 46422, 2, 2009, 41, 'القاهرة', 6, 2, '9.91ث', '', 'زين رزق عبد ربه رزق'),
('الثامن', 8, 48868, 2, 2009, 3, 'الاقصر', 6, 2, 'DQ', '', 'احمد النوبى احمد محمد'),
('الاول', 1, 46305, 2, 2009, 14, 'القاهرة', 6, 3, '25.00ث', '', 'يوسف وفيق محمد محمد'),
('الثاني', 2, 42203, 2, 2010, 21, 'القاهرة', 6, 3, '25.64ث', '', 'حمزه احمد فؤاد عبد المنعم'),
('الثالث', 3, 44555, 2, 2009, 8, 'الاسكندرية', 6, 3, '25.80ث', '', 'كريم احمد ضياء الدين محمد'),
('الرابع', 4, 44510, 2, 2009, 14, 'القاهرة', 6, 3, '26.31ث', '', 'اسر شريف صلاح محمد'),
('الخامس', 5, 44586, 2, 2009, 41, 'القاهرة', 6, 3, '26.54ث', '', 'احمد خالد جمال رياض'),
('السادس', 6, 41370, 2, 2010, 3, 'الاسماعيلية', 6, 3, '26.70ث', '', 'احمد طارق محمود عبد القادر'),
('السابع', 7, 42102, 2, 2009, 14, 'القاهرة', 6, 3, '26.86ث', '', 'عبد الرحمن محمد محمود ثابت'),
('الثامن', 8, 45041, 2, 2009, 47, 'الاسماعيلية', 6, 3, '27.22ث', '', 'عمر محمد مجدى رياض رستم'),
('الاول', 1, 46235, 2, 2009, 20, 'القاهرة', 6, 1, '18.29م', '', 'يحيى خالد حلمى محمد'),
('الثاني', 2, 44873, 2, 2009, 3, 'الدقهلية', 6, 1, '17.63م', '', 'ابراهيم الحسانين فؤاد عبد العزيز'),
('الثالث', 3, 45925, 2, 2010, 13, 'الاسكندرية', 6, 1, '17.22م', '', 'يوسف مخلص ابراهيم خليل'),
('الرابع', 4, 43081, 2, 2009, 36, 'بورسعيد', 6, 1, '16.60م', '', 'ادم محمود محمد محمد'),
('الخامس', 5, 42495, 2, 2010, 14, 'القاهرة', 6, 1, '16.34م', '', 'اسامه احمد محمد عبد القادر'),
('السادس', 6, 41580, 2, 2009, 3, 'الدقهلية', 6, 1, '16.32م', '', 'عبد الله مصطفى رجب حسانين'),
('السابع', 7, 40276, 2, 2009, 1, 'الاسكندرية', 6, 1, '15.58م', '', 'بشار هانى مصطفى عبد الحق'),
('الثامن', 8, 41777, 2, 2011, 20, 'القاهرة', 6, 1, '14.66م', '', 'احمد مصلحى محمد طه'),
('الاول', 1, 41626, 2, 2009, 3, 'الاقصر', 6, 6, '5.50.18ق', '', 'محمد الطيرى محمود على'),
('الثاني', 2, 41048, 2, 2009, 20, 'القاهرة', 6, 6, '5.56.19ق', '', 'سيف رامى محمد عبده'),
('الثالث', 3, 48429, 2, 2009, 13, 'الاسكندرية', 6, 6, '5.56.42ق', '', 'سفيان محمد حمدى محمدى'),
('الرابع', 4, 41638, 2, 2009, 3, 'الاقصر', 6, 6, '6.04.06ق', '', 'محمد الحسين ابراهيم عبد الحليم'),
('الخامس', 5, 44055, 2, 2010, 14, 'القاهرة', 6, 6, '6.12.07ق', '', 'يس عز العرب فاروق عمر'),
('السادس', 6, 42868, 2, 2009, 3, 'اسوان', 6, 6, '6.15.38ق', '', 'احمد محمود احمد على عبد العال'),
('السابع', 7, 48991, 2, 2009, 3, 'قنا', 6, 6, '6.16.39ق', '', 'على كرم احمد ابراهيم'),
('الثامن', 8, 45054, 2, 2010, 47, 'الاسماعيلية', 6, 6, '6.19.83ق', '', 'على ابراهيم عابدين محمود'),
('التاسع', 9, 39207, 2, 2009, 19, 'القاهرة', 6, 6, '6.22.13ق', '', 'حمزه حسام محمد احمد'),
('العاشر', 10, 48794, 2, 2009, 28, 'القاهرة', 6, 6, '6.23.03ق', '', 'يوسف طارق صلاح الدين منصور'),
('الحادى عشر', 11, 46578, 2, 2010, 26, 'الجيزة', 6, 6, '6.27.04ق', '', 'محمد رمضان سعد شعبان'),
('الثاني عشر', 12, 40065, 2, 2009, 41, 'القاهرة', 6, 6, '6.32.10ق', '', 'مختار احمد حسين على'),
('الثالث عشر', 13, 49539, 2, 2009, 35, 'الفيوم', 6, 6, '6.48.89ق', '', 'محمد عبد النبى محمد رمضان'),
('الثالث عشر', 14, 44915, 2, 2009, 31, 'الشرقية', 6, 6, '6.50.46ق', '', 'زياد محمود رجب محمد'),
('الثالث عشر', 15, 41401, 2, 2010, 3, 'الوادى الجديد', 6, 6, '6.55.70ق', '', 'ابراهيم حسن عبد الرحمن اسماعيل'),
('الثالث عشر', 16, 49541, 2, 2009, 35, 'الفيوم', 6, 6, '6.55.72ق', '', 'محمد مصطفى مهدلى محمد'),
('الثالث عشر', 17, 49423, 2, 2009, 41, 'القاهرة', 6, 6, '6.58.48ق', '', 'جاسر اشرف عبد العزيز'),
('الثالث عشر', 18, 47120, 2, 2010, 33, 'الاسكندرية', 6, 6, '7.00.36ق', '', 'حسين محمد نصر سعد الدين'),
('الثالث عشر', 19, 48035, 2, 2010, 41, 'القاهرة', 6, 6, '7.13.58ق', '', 'احمد ايمن فؤاد محمد'),
('الثالث عشر', 20, 41679, 2, 2009, 3, 'الدقهلية', 6, 6, '7.41.33ق', '', 'مهند اسامه سعد ابو زيد'),
('الاول', 1, 48973, 2, 2009, 4, 'القاهرة', 6, 5, '49.62م', '', 'كريم احمد زكريا عبد الرحمن'),
('الثاني', 2, 40429, 2, 2009, 8, 'الاسكندرية', 6, 5, '47.33م', '', 'عبد الرحمن عماد عادل محمود'),
('الثالث', 3, 43129, 2, 2009, 14, 'القاهرة', 6, 5, '44.52م', '', 'مازن محمد بدرى حسين'),
('الرابع', 4, 47740, 2, 2011, 14, 'القاهرة', 6, 5, '41.33م', '', 'مروان احمد حسن محمد'),
('الخامس', 5, 48869, 2, 2010, 3, 'الاقصر', 6, 5, '40.38م', '', 'صديق عبد الغنى محمد صديق'),
('السادس', 6, 41629, 2, 2009, 3, 'الاقصر', 6, 5, '37.86م', '', 'محمد عبد الغنى عبد الفتاح'),
('السابع', 7, 40753, 2, 2009, 3, 'السويس', 6, 5, '36.35م', '', 'عبد العزيز محمود عبد العزيز على'),
('الثامن', 8, 42303, 2, 2010, 19, 'القاهرة', 6, 5, '35.68م', '', 'مصطفى حاتم كمال محمود'),
('0', 0, 45472, 2, 2011, 36, 'بورسعيد', 1, 1, '12.14م', '', 'فارس فتح الله محمد صادق'),
('0', 0, 46876, 2, 2010, 10, 'الاسكندرية', 1, 1, '#REF!', '', 'احمد شريف محمد ماجد'),
('0', 0, 49111, 2, 2009, 1, 'الاسكندرية', 1, 1, '10.19م', '', 'على كريم على راتب'),
('0', 0, 46427, 2, 2010, 6, 'الدقهلية', 1, 1, '10.49م', '', 'دانيال ابراهيم حلمى ابراهيم'),
('0', 0, 49056, 2, 2009, 3, 'قنا', 1, 1, '10.95م', '', 'انس ممدوح محمد امبابى'),
('0', 0, 46690, 2, 2011, 20, 'القاهرة', 1, 1, '12.57م', '', 'مروان باهر يحى على'),
('0', 0, 42153, 2, 2010, 1, 'القاهرة', 1, 1, '12.22م', '', 'احمد ممدوح ابراهيم عبد الحليم'),
('0', 0, 44562, 2, 2009, 10, 'الاسكندرية', 1, 1, '10.43م', '', 'على احمد محمد احمد'),
('0', 0, 49053, 2, 2010, 3, 'قنا', 1, 1, '8.22م', '', 'احمد عبده عبد الرازق محمود'),
('0', 0, 43684, 2, 2009, 9, 'بورسعيد', 1, 1, '14.11م', '', 'اياد ابراهيم ابراهيم محمد'),
('0', 0, 42923, 2, 2009, 2, 'القاهرة', 1, 1, '13.80م', '', 'ياسين هيثم محمد عرفه فتحى'),
('0', 0, 45276, 2, 2010, 1, 'الاسكندرية', 1, 1, '6.24م', '', 'ادم شادى احمد فهيم راشد'),
('0', 0, 43657, 2, 2011, 1, 'الاسكندرية', 1, 1, '13.13م', '', 'كريم مصطفى احمد رفعت'),
('0', 0, 44682, 2, 2009, 13, 'الاسكندرية', 1, 1, '10.47م', '', 'محمد ممدوح عبد العال محمد'),
('0', 0, 46729, 2, 2010, 6, 'الدقهلية', 1, 1, '10.09م', '', 'احمد شوقى شرقاوى السيد'),
('0', 0, 45257, 2, 2009, 1, 'الاسكندرية', 1, 1, '12.15م', '', 'حمزه محمد يوسف محمد'),
('0', 0, 44546, 2, 2009, 12, 'الجيزة', 1, 1, '13.78م', '', 'مؤمن محمد احمد عبد اللطيف'),
('0', 0, 44576, 2, 2010, 9, 'بورسعيد', 1, 1, '13.92م', '', 'محمد شريف محمد شلبى'),
('0', 0, 47864, 2, 2010, 22, 'بورسعيد', 1, 1, '11.25م', '', 'مصطفى قاسم محمد قاسم'),
('0', 0, 48871, 2, 2010, 22, 'اسيوط', 1, 1, '8.17م', '', 'زياد احمد شعبان احمد'),
('0', 0, 46471, 2, 2011, 14, 'القاهرة', 1, 1, '5.40م', '', 'مازن محمد ابراهيم حسن'),
('0', 0, 46337, 2, 2009, 48, 'الاقصر', 1, 1, '6.18م', '', 'احمد النجار محمد يوسف'),
('0', 0, 48143, 2, 2010, 49, 'الاقصر', 1, 1, '6.30م', '', 'احمد إبراهيم عطيه حسين'),
('0', 0, 48127, 2, 2009, 50, 'الاقصر', 1, 1, '7.10م', '', 'رمضان حسانى محمود'),
('0', 0, 46360, 2, 2009, 51, 'الاقصر', 1, 1, '7.02م', '', 'يوسف احمد فراج حسين'),
('الاول', 1, 46789, 2, 2009, 14, 'القاهرة', 6, 8, '34.84ث', '', 'مروان صابر نصر غمرى غلاب'),
('الاول', 1, 46074, 2, 2009, 14, 'القاهرة', 6, 8, '34.84ث', '', 'اسلام محمد محمد اسماعيل'),
('الاول', 1, 40876, 2, 2009, 14, 'القاهرة', 6, 8, '34.84ث', '', 'ادهم شريف عمر ريان'),
('الاول', 1, 46305, 2, 2009, 14, 'القاهرة', 6, 8, '34.84ث', '', 'يوسف وفيق محمد محمد'),
('الثاني', 2, 42897, 2, 2010, 41, 'القاهرة', 6, 8, '35.70ث', '', 'عبد الله احمد حامد محمود'),
('الثاني', 2, 46422, 2, 2009, 41, 'القاهرة', 6, 8, '35.70ث', '', 'زين رزق عبد ربه رزق'),
('الثاني', 2, 40051, 2, 2009, 41, 'القاهرة', 6, 8, '35.70ث', '', 'هاشم عمرو عطيه سعد الدين'),
('الثاني', 2, 44586, 2, 2009, 41, 'القاهرة', 6, 8, '35.70ث', '', 'احمد خالد جمال رياض'),
('الثالث', 3, 41325, 2, 2009, 28, 'القاهرة', 6, 8, '35.75ث', '', 'حسام ياسر سعيد محمد'),
('الثالث', 3, 40123, 2, 2009, 28, 'القاهرة', 6, 8, '35.75ث', '', 'ياسين محسن احمد مصطفى'),
('الثالث', 3, 44789, 2, 2010, 28, 'القاهرة', 6, 8, '35.75ث', '', 'سيف جمال عبد المنعم عبد الباسط'),
('الثالث', 3, 40131, 2, 2009, 28, 'القاهرة', 6, 8, '35.75ث', '', 'مروان احمد محمود عباس'),
('الرابع', 4, 43951, 2, 2010, 8, 'الاسكندرية', 6, 8, '35.99ث', '', 'على عبد السلام على عبد السلام'),
('الرابع', 4, 43946, 2, 2010, 8, 'الاسكندرية', 6, 8, '35.99ث', '', 'رايان ياسر رجب عرفه'),
('الرابع', 4, 43086, 2, 2009, 8, 'الاسكندرية', 6, 8, '35.99ث', '', 'محمد السعيد محمد محمد'),
('الرابع', 4, 43950, 2, 2009, 8, 'الاسكندرية', 6, 8, '35.99ث', '', 'تيم الله احمد محمد عبد الجواد'),
('الخامس', 5, 46883, 2, 2009, 3, 'الوادى الجديد', 6, 8, '36.05ث', '', 'عمر احمد حمدى عبد العال'),
('الخامس', 5, 41405, 2, 2009, 3, 'الوادى الجديد', 6, 8, '36.05ث', '', 'مؤمن هاشم راتب محمد'),
('الخامس', 5, 41409, 2, 2009, 3, 'الوادى الجديد', 6, 8, '36.05ث', '', 'عبد الله منصور خلف محمد'),
('الخامس', 5, 41399, 2, 2009, 3, 'الوادى الجديد', 6, 8, '36.05ث', '', 'على محمد عبد الخالق حسن'),
('السادس', 6, 46239, 2, 2010, 20, 'القاهرة', 6, 8, '37.16ث', '', 'ابراهيم فتحى سيد عبد السلام'),
('السادس', 6, 46249, 2, 2009, 20, 'القاهرة', 6, 8, '37.16ث', '', 'محمد احمد محمد محمد'),
('السادس', 6, 41680, 2, 2009, 20, 'القاهرة', 6, 8, '37.16ث', '', 'عمر محمد احمد مرزوق'),
('السادس', 6, 44212, 2, 2010, 20, 'الجيزة', 6, 8, '37.16ث', '', 'مروان عبد الناصر محمد على'),
('السابع', 7, 43175, 2, 2010, 10, 'الاسكندرية', 6, 8, '37.41ث', '', 'احمد عبد العزيز ابراهيم محمد'),
('السابع', 7, 43701, 2, 2011, 10, 'الاسكندرية', 6, 8, '37.41ث', '', 'بيجاد شريف احمد محمد'),
('السابع', 7, 42657, 2, 2009, 10, 'الاسكندرية', 6, 8, '37.41ث', '', 'عمر اسلام فتحى عبد الحميد'),
('السابع', 7, 49046, 2, 2010, 10, 'الاسكندرية', 6, 8, '37.41ث', '', 'عمر اشرف عبد اللطيف'),
('الثامن', 8, 42803, 2, 2010, 12, 'الجيزة', 6, 8, '37.53ث', '', 'محمد احمد محمد جاد'),
('الثامن', 8, 49370, 2, 2009, 12, 'الجيزة', 6, 8, '37.53ث', '', 'يوسف محمود صبرى'),
('الثامن', 8, 46907, 2, 2010, 12, 'الجيزة', 6, 8, '37.53ث', '', 'مروان عمر محمد محمد محمود'),
('الثامن', 8, 45816, 2, 2009, 12, 'القاهرة', 6, 8, '37.53ث', '', 'محمود طارق كمال عبد القوى'),
('الاول', 1, 40434, 1, 2009, 8, 'الاسكندرية', 6, 19, '37.74ث', '', 'فريده حسام محمد توفيق'),
('الاول', 1, 44555, 2, 2009, 8, 'الاسكندرية', 6, 19, '37.74ث', '', 'كريم احمد ضياء الدين محمد'),
('الاول', 1, 40435, 1, 2009, 8, 'الاسكندرية', 6, 19, '37.74ث', '', 'شهد وليد مساح ابو المجد على'),
('الاول', 1, 40424, 2, 2009, 8, 'الاسكندرية', 6, 19, '37.74ث', '', 'معتز ادهم محمد عبد الحفيظ'),
('الثاني', 2, 41645, 1, 2010, 3, 'السويس', 6, 19, '37.78ث', '', 'راما بخيت ابراهيم عبد النعيم'),
('الثاني', 2, 41644, 2, 2010, 3, 'السويس', 6, 19, '37.78ث', '', 'خالد ايمن ابو شوشه خليل'),
('الثاني', 2, 40754, 1, 2009, 3, 'السويس', 6, 19, '37.78ث', '', 'جورى محمود عبد العزيز على'),
('الثاني', 2, 41655, 2, 2009, 3, 'السويس', 6, 19, '37.78ث', '', 'يوسف حسين عيد محمد حسين'),
('الثالث', 3, 47101, 1, 2010, 1, 'الاسكندرية', 6, 19, '37.80ث', '', 'لارا محمد شعبان عبد المحسن'),
('الثالث', 3, 41805, 2, 2009, 1, 'الاسكندرية', 6, 19, '37.80ث', '', 'ادم احمد محمد احمد رياض'),
('الثالث', 3, 45290, 1, 2009, 1, 'الاسكندرية', 6, 19, '37.80ث', '', 'نوارى طارق مصطفى محمد وهيبه'),
('الثالث', 3, 42150, 2, 2010, 1, 'القاهرة', 6, 19, '37.80ث', '', 'محمد احمد طلعت السيد'),
('الرابع', 4, 46789, 2, 2009, 14, 'القاهرة', 6, 19, '37.87ث', '', 'مروان صابر نصر غمرى غلاب'),
('الرابع', 4, 41492, 1, 2009, 14, 'القاهرة', 6, 19, '37.87ث', '', 'جنى محمد ابراهيم يسرى'),
('الرابع', 4, 41503, 1, 2010, 14, 'القاهرة', 6, 19, '37.87ث', '', 'تمارا ايهاب حسين السيد'),
('الرابع', 4, 44510, 2, 2009, 14, 'القاهرة', 6, 19, '37.87ث', '', 'اسر شريف صلاح محمد'),
('الخامس', 5, 47784, 2, 2009, 4, 'القاهرة', 6, 19, '37.96ث', '', 'احمد حماده عبد الغنى عبد الله'),
('الخامس', 5, 41098, 1, 2009, 4, 'القاهرة', 6, 19, '37.96ث', '', 'شروق حسام الدين مصطفى عبد البديع'),
('الخامس', 5, 41864, 2, 2009, 4, 'القاهرة', 6, 19, '37.96ث', '', 'محمود السيد محمد على'),
('الخامس', 5, 45464, 1, 2009, 4, 'القاهرة', 6, 19, '37.96ث', '', 'مروه السيد على محمد محمد'),
('السادس', 6, 42327, 1, 2009, 19, 'القاهرة', 6, 19, '38.58ث', '', 'حنين خالد احمد جلال'),
('السادس', 6, 42290, 2, 2010, 19, 'القاهرة', 6, 19, '38.58ث', '', 'هادى محمد عبد الهادى محمد'),
('السادس', 6, 43241, 1, 2010, 19, 'القاهرة', 6, 19, '38.58ث', '', 'جودى هشام زكريا اسماعيل'),
('السادس', 6, 42286, 2, 2010, 19, 'القاهرة', 6, 19, '38.58ث', '', 'يوسف ايهاب حسين سيد'),
('السابع', 7, 46541, 1, 2009, 28, 'القاهرة', 6, 19, '39.21ث', '', 'ملك عمرو سامح محمود'),
('السابع', 7, 43800, 2, 2010, 28, 'القاهرة', 6, 19, '39.21ث', '', 'على محمد ابو الفتوح ابراهيم'),
('السابع', 7, 40133, 1, 2009, 28, 'القاهرة', 6, 19, '39.21ث', '', 'فاطمه طارق صديق عبد الله'),
('السابع', 7, 48793, 2, 2009, 28, 'القاهرة', 6, 19, '39.21ث', '', 'مؤمن هانى محمد الحفنى'),
('الثامن', 8, 43708, 1, 2011, 10, 'الاسكندرية', 6, 19, '39.63ث', '', 'حبيبه هشام سعيد ابراهيم'),
('الثامن', 8, 45509, 2, 2009, 10, 'الاسكندرية', 6, 19, '39.63ث', '', 'عمر محمد سعد الدين محمد'),
('الثامن', 8, 44564, 1, 2009, 10, 'الاسكندرية', 6, 19, '39.63ث', '', 'حبيبه تامر سعد السيد'),
('الثامن', 8, 43175, 2, 2010, 10, 'الاسكندرية', 6, 19, '39.63ث', '', 'احمد عبد العزيز ابراهيم محمد'),
('الاول', 1, 43352, 2, 2009, 39, 'المنيا', 6, 9, '12.58.66ق', '', 'يوسف محسن رمضان انور'),
('الثاني', 2, 44962, 2, 2009, 39, 'المنيا', 6, 9, '13.31.60ق', '', 'محمود مجدى منصور مدبولى'),
('الثالث', 3, 44969, 2, 2009, 39, 'المنيا', 6, 9, '14.09.90ق', '', 'طارق مصطفى سيد محمود'),
('الرابع', 4, 44323, 2, 2010, 38, 'الجيزة', 6, 9, '14.37.92ق', '', 'زياد محمد عثمان عبد الستار عثمان'),
('الخامس', 5, 43957, 2, 2010, 32, 'اسيوط', 6, 9, '15.00.44ق', '', 'محمد احمد احمد فرحات عامر'),
('السادس', 6, 49354, 2, 2010, 38, 'الجيزة', 6, 9, '15.05.33ق', '', 'مروان احمد على محمد سلامه'),
('السابع', 7, 47551, 2, 2010, 38, 'الجيزة', 6, 9, '15.15.25ق', '', 'عمر كمال هاشم هريدى'),
('الثامن', 8, 45679, 2, 2011, 8, 'الاسكندرية', 6, 9, '15.36.81ق', '', 'شريف خالد محمد عبد الحليم'),
('التاسع', 9, 45679, 2, 2011, 8, 'الاسكندرية', 6, 9, '15.40.47ق', '', 'شريف خالد محمد عبد الحليم'),
('العاشر', 10, 47553, 2, 2010, 38, 'الجيزة', 6, 9, '15.44.45ق', '', 'محمد احمد محمد حامد'),
('الحادى عشر', 11, 47534, 2, 2009, 38, 'الجيزة', 6, 9, '15.44.54ق', '', 'عبد الله احمد عبد الله سيد'),
('الثاني عشر', 12, 46325, 2, 2009, 23, 'الاسكندرية', 6, 9, '17.29.36ق', '', 'سيف تامر السيد ابراهيم'),
('الثالث عشر', 13, 47205, 2, 2010, 7, 'القليوبية', 6, 9, '20.15.33ق', '', 'اياد ابراهيم محمد عبد الرازق'),
('الاول', 1, 44964, 2, 2009, 39, 'المنيا', 6, 10, '4.35.12ق', '', 'صالح عيد سلطان محمود'),
('الثاني', 2, 44387, 2, 2009, 31, 'الشرقية', 6, 10, '4.49.45ق', '', 'عبد الرحمن هانى شكرى عبد الحميد'),
('الثالث', 3, 40275, 2, 2009, 1, 'الاسكندرية', 6, 10, '4.49.88ق', '', 'فارس محمد محمود حمدى'),
('الرابع', 4, 49333, 2, 2009, 52, 'الاقصر', 6, 10, '4.49.91ق', '', 'محمد احمد فريد محمد'),
('الخامس', 5, 44789, 2, 2010, 28, 'القاهرة', 6, 10, '4.54.10ق', '', 'سيف جمال عبد المنعم عبد الباسط'),
('السادس', 6, 49052, 2, 2009, 3, 'قنا', 6, 10, '4.54.99ق', '', 'هشام قناوى همام فهيم'),
('السابع', 7, 47867, 2, 2010, 39, 'المنيا', 6, 10, '4.55.98ق', '', 'ايمن مؤمن محمد صالح'),
('الثامن', 8, 45043, 2, 2010, 47, 'الاسماعيلية', 6, 10, '4.56.40ق', '', 'احمد محمد السيد عبد السلام'),
('التاسع', 9, 42760, 2, 2009, 40, 'المنوفية', 6, 10, '5.01.10ق', '', 'عبد الرحمن عصام توفيق فارس'),
('العاشر', 10, 41361, 2, 2009, 3, 'الاسماعيلية', 6, 10, '5.07.74ق', '', 'احمد ابراهيم احمد سرور'),
('الحادى عشر', 11, 46322, 2, 2009, 23, 'الاسكندرية', 6, 10, '5.11.29ق', '', 'محمد خالد احمد رفعت'),
('الثاني عشر', 12, 41049, 2, 2009, 20, 'القاهرة', 6, 10, '5.13.48ق', '', 'محمد رامى محمد عبده'),
('الثالث عشر', 13, 45950, 2, 2010, 40, 'المنوفية', 6, 10, '5.14.32ق', '', 'يوسف عامر محمد حسن'),
('الثالث عشر', 14, 46885, 2, 2009, 3, 'الوادى الجديد', 6, 10, '5.14.36ق', '', 'عبد الله احمد عمر محمد'),
('الثالث عشر', 15, 41431, 2, 2009, 3, 'الشرقية', 6, 10, '5.15.71ق', '', 'احمد هيسم جابر محمد'),
('الثالث عشر', 16, 48971, 2, 2009, 14, 'القاهرة', 6, 10, '5.21.45ق', '', 'يوسف خلف ضاحى توفيق'),
('الثالث عشر', 17, 47946, 2, 2010, 39, 'المنيا', 6, 10, '5.23.33ق', '', 'يوسف بدوى يوسف سيد'),
('الثالث عشر', 18, 48991, 2, 2009, 3, 'قنا', 6, 10, '5.27.26ق', '', 'على كرم احمد ابراهيم'),
('الثالث عشر', 19, 49494, 2, 2009, 19, 'القاهرة', 6, 10, '5.32.21ق', '', 'عمر حسام الدين فاروق عبد النبى'),
('الثالث عشر', 20, 43619, 2, 2009, 28, 'القاهرة', 6, 10, '5.41.00ق', '', 'عمر ابراهيم عبد النبى عبد السميع'),
('الثالث عشر', 21, 49514, 2, 2010, 53, 'القاهرة', 6, 10, '5.42.30ق', '', 'يوسف حماده محمد على'),
('الثالث عشر', 22, 47597, 2, 2010, 26, 'الجيزة', 6, 10, '5.54.08ق', '', 'يوسف مجدى جابر محمد'),
('الثالث عشر', 23, 41575, 2, 2010, 3, 'الدقهلية', 6, 10, '5.54.28ق', '', 'زياد اسماعيل عبد المهيمن عبد الجواد');
INSERT INTO `results` (`Rank1`, `rank`, `player_id`, `sex_id`, `DOB`, `club_id`, `gov`, `het_id`, `events_id`, `results`, `wind`, `E-name`) VALUES
('الثالث عشر', 23, 41582, 2, 2010, 3, 'الدقهلية', 6, 10, 'dnf', '', 'يوسف محمد محمود حسين'),
('الاول', 1, 46305, 2, 2009, 14, 'القاهرة', 10, 20, '13.62ث', '', 'يوسف وفيق محمد محمد'),
('الثاني', 2, 41655, 2, 2009, 3, 'السويس', 10, 20, '14.51ث', '', 'يوسف حسين عيد محمد حسين'),
('الثالث', 3, 42102, 2, 2009, 14, 'القاهرة', 10, 20, '14.56ث', '', 'عبد الرحمن محمد محمود ثابت'),
('الرابع', 4, 42203, 2, 2010, 21, 'القاهرة', 10, 20, '14.63ث', '', 'حمزه احمد فؤاد عبد المنعم'),
('الخامس', 5, 45041, 2, 2009, 47, 'الاسماعيلية', 10, 20, '14.66ث', '', 'عمر محمد مجدى رياض رستم'),
('السادس', 6, 40175, 2, 2009, 21, 'القاهرة', 10, 20, '14.75ث', '', 'اسماعيل عمرو فتحى يس'),
('السابع', 7, 41409, 2, 2009, 3, 'الوادى الجديد', 10, 20, '14.83ث', '', 'عبد الله منصور خلف محمد'),
('الثامن', 8, 44510, 2, 2009, 14, 'القاهرة', 10, 20, '15.21ث', '', 'اسر شريف صلاح محمد'),
('0', 0, 41655, 2, 2009, 3, 'السويس', 1, 20, '14.51ث', '', 'يوسف حسين عيد محمد حسين'),
('0', 0, 45041, 2, 2009, 47, 'الاسماعيلية', 1, 20, '14.66ث', '', 'عمر محمد مجدى رياض رستم'),
('0', 0, 41409, 2, 2009, 3, 'الوادى الجديد', 1, 20, '14.83ث', '', 'عبد الله منصور خلف محمد'),
('0', 0, 44510, 2, 2009, 14, 'القاهرة', 1, 20, '15.21ث', '', 'اسر شريف صلاح محمد'),
('0', 0, 47163, 2, 2009, 13, 'الاسكندرية', 1, 20, '17.67ث', '', 'اسر محمد احمد رفاعى'),
('0', 0, 42102, 2, 2009, 14, 'القاهرة', 4, 20, '14.56ث', '', 'عبد الرحمن محمد محمود ثابت'),
('0', 0, 44586, 2, 2009, 41, 'القاهرة', 4, 20, '15.34ث', '', 'احمد خالد جمال رياض'),
('0', 0, 41573, 2, 2009, 3, 'الدقهلية', 4, 20, '15.55ث', '', 'محمد هانى عواد حامد'),
('0', 0, 45906, 2, 2010, 13, 'الاسكندرية', 4, 20, '16.39ث', '', 'فارس محمد حسن محمد مصطفى'),
('0', 0, 48946, 2, 2009, 47, 'الاسماعيلية', 4, 20, '17.63ث', '', 'زياد عيد محمد السيد عبد الهادى'),
('0', 0, 41679, 2, 2009, 3, 'الدقهلية', 4, 20, '17.82ث', '', 'مهند اسامه سعد ابو زيد'),
('0', 0, 45603, 2, 2010, 54, 'الاسماعيلية', 4, 20, '18.04ث', '', 'اسماعيل محمد اسماعيل سعد'),
('0', 0, 49220, 2, 2011, 3, 'الدقهلية', 4, 20, '18.98ث', '', 'محمد نبيل على محمد'),
('0', 0, 46305, 2, 2009, 14, 'القاهرة', 5, 20, '13.62ث', '', 'يوسف وفيق محمد محمد'),
('0', 0, 40175, 2, 2009, 21, 'القاهرة', 5, 20, '14.75ث', '', 'اسماعيل عمرو فتحى يس'),
('0', 0, 41579, 2, 2009, 3, 'الدقهلية', 5, 20, '16.30ث', '', 'علاء محمد عواد حامد'),
('0', 0, 41805, 2, 2009, 1, 'الاسكندرية', 5, 20, '17.15ث', '', 'ادم احمد محمد احمد رياض'),
('0', 0, 42576, 2, 2010, 20, 'القاهرة', 5, 20, '19.37ث', '', 'يوسف شعبان ابراهيم عبد اللطيف'),
('0', 0, 49224, 2, 2011, 3, 'الدقهلية', 5, 20, '19.73ث', '', 'احمد هشام محمد الحسينى'),
('0', 0, 42203, 2, 2010, 21, 'القاهرة', 8, 20, '14.63ث', '', 'حمزه احمد فؤاد عبد المنعم'),
('0', 0, 41574, 2, 2010, 3, 'الدقهلية', 8, 20, '15.24ث', '', 'بلال محمد عبد القادر محمد'),
('0', 0, 47784, 2, 2009, 4, 'القاهرة', 8, 20, '15.63ث', '', 'احمد حماده عبد الغنى عبد الله'),
('0', 0, 45120, 2, 2010, 3, 'بنى سويف', 8, 20, '16.38ث', '', 'حازم احمد رمضان عبد الحميد'),
('0', 0, 46826, 2, 2010, 14, 'القاهرة', 8, 20, '16.40ث', '', 'معاذ محمد احمد السيد'),
('0', 0, 46314, 2, 2010, 13, 'الاسكندرية', 8, 20, '21.09ث', '', 'احمد سيد حسين سعد'),
('الاول', 1, 41330, 2, 2009, 3, 'القليوبية', 6, 7, '6.61م', '', 'يوسف احمد دسوقى منصور'),
('الثاني', 2, 42873, 2, 2009, 13, 'الاسكندرية', 6, 7, '6.25م', '', 'محمد احمد عبد الحميد عثمان'),
('الثالث', 3, 44360, 2, 2009, 31, 'الشرقية', 6, 7, '6.18م', '', 'ايمن سامح عبد المنعم محمد'),
('الرابع', 4, 46713, 2, 2009, 31, 'الشرقية', 6, 7, '5.86م', '', 'على عمرو على زين العابدين محمد'),
('الخامس', 5, 43929, 2, 2009, 19, 'القاهرة', 6, 7, '5.84م', '', 'احمد امين احمد محمد'),
('السادس', 6, 42619, 2, 2009, 10, 'الاسكندرية', 6, 7, '5.76م', '', 'نور الدين محمد ابراهيم محمد'),
('السابع', 7, 42286, 2, 2010, 19, 'القاهرة', 6, 7, '5.70م', '', 'يوسف ايهاب حسين سيد'),
('الثامن', 8, 44617, 2, 2010, 19, 'القاهرة', 6, 7, '5.64م', '', 'عمار عماد الدين يسن محمد'),
('0', 0, 41644, 2, 2010, 3, 'السويس', 1, 7, '5.21م', '', 'خالد ايمن ابو شوشه خليل'),
('0', 0, 40753, 2, 2009, 3, 'السويس', 1, 7, '5.10م', '', 'عبد العزيز محمود عبد العزيز على'),
('0', 0, 41581, 2, 2009, 3, 'الدقهلية', 1, 7, '0', '', 'محمد السيد رافت السيد'),
('0', 0, 41575, 2, 2010, 3, 'الدقهلية', 1, 7, '4.22م', '', 'زياد اسماعيل عبد المهيمن عبد الجواد'),
('0', 0, 41577, 2, 2010, 3, 'الدقهلية', 1, 7, '4.76م', '', 'شريف اشرف حسانين الشنهاب'),
('0', 0, 49221, 2, 2011, 3, 'الدقهلية', 1, 7, '4.64م', '', 'مصطفى كامل السيد على'),
('0', 0, 41402, 2, 2009, 3, 'الوادى الجديد', 1, 7, '4.94م', '', 'الحسين هيثم محمد علم الدين'),
('0', 0, 41399, 2, 2009, 3, 'الوادى الجديد', 1, 7, '4.11م', '', 'على محمد عبد الخالق حسن'),
('0', 0, 41370, 2, 2010, 3, 'الاسماعيلية', 1, 7, '5.36م', '', 'احمد طارق محمود عبد القادر'),
('0', 0, 47739, 2, 2009, 14, 'القاهرة', 1, 7, '0', '', 'عبد الرحمن رمضان انور ابو الحسن'),
('0', 0, 42079, 2, 2010, 14, 'القاهرة', 1, 7, '4.97م', '', 'مالك سامح محمد محمود'),
('0', 0, 42056, 2, 2009, 14, 'القاهرة', 1, 7, '5.49م', '', 'يوسف احمد السيد عبد العال'),
('0', 0, 47126, 2, 2010, 33, 'الاسكندرية', 1, 7, '0', '', 'يس محمد مصطفى محمود'),
('0', 0, 44486, 2, 2010, 33, 'الاسكندرية', 1, 7, '3.44م', '', 'على مصطفى احمد سامى'),
('0', 0, 43951, 2, 2010, 8, 'الاسكندرية', 1, 7, '5.33م', '', 'على عبد السلام على عبد السلام'),
('0', 0, 40424, 2, 2009, 8, 'الاسكندرية', 1, 7, '5.21م', '', 'معتز ادهم محمد عبد الحفيظ'),
('0', 0, 47247, 2, 2010, 8, 'الاسكندرية', 1, 7, '5.30م', '', 'عمر محمد احمد هريدى'),
('0', 0, 46337, 2, 2009, 48, 'الاقصر', 1, 7, '0', '', 'احمد النجار محمد يوسف'),
('0', 0, 48143, 2, 2010, 49, 'الاقصر', 1, 7, '0', '', 'احمد إبراهيم عطيه حسين'),
('0', 0, 48127, 2, 2009, 50, 'الاقصر', 1, 7, '4.30م', '', 'رمضان حسانى محمود'),
('0', 0, 46360, 2, 2009, 51, 'الاقصر', 1, 7, '4.07م', '', 'يوسف احمد فراج حسين'),
('0', 0, 42287, 2, 2009, 19, 'القاهرة', 1, 7, '4.57م', '', 'سيف شريف عبد المنعم كامل'),
('0', 0, 43090, 2, 2009, 55, 'الجيزة', 1, 7, '5.13م', '', 'عمر محمد احمد محمد مصطفى'),
('0', 0, 43095, 2, 2009, 55, 'الجيزة', 1, 7, '4.77م', '', 'امجد عزت مصطفى كمال محمد'),
('0', 0, 45410, 2, 2010, 18, 'الاسكندرية', 1, 7, '4.90م', '', 'عمر ايمن سعيد عبد السلام'),
('0', 0, 45858, 2, 2010, 9, 'بورسعيد', 1, 7, '5.15م', '', 'ادهم حسام السيد احمد'),
('0', 0, 45509, 2, 2009, 10, 'الاسكندرية', 1, 7, '5.13م', '', 'عمر محمد سعد الدين محمد'),
('0', 0, 49043, 2, 2009, 10, 'الاسكندرية', 1, 7, '0', '', 'محمد خالد حسن الدرديرى'),
('0', 0, 44348, 2, 2009, 4, 'القاهرة', 1, 7, '5.27م', '', 'عبد الرحمن ابراهيم محمد محمد'),
('0', 0, 48973, 2, 2009, 4, 'القاهرة', 1, 7, '5.44م', '', 'كريم احمد زكريا عبد الرحمن'),
('0', 0, 49422, 2, 2010, 41, 'القاهرة', 1, 7, '3.38م', '', 'براء محمود احمد علي'),
('0', 0, 46907, 2, 2010, 12, 'الجيزة', 1, 7, '4.90م', '', 'مروان عمر محمد محمد محمود'),
('0', 0, 47971, 2, 2010, 20, 'القاهرة', 1, 7, '3.94م', '', 'اشرف حسام عبد الفتاح سليم'),
('الاول', 1, 46305, 2, 2009, 14, 'القاهرة', 6, 20, '13.68ث', '', 'يوسف وفيق محمد محمد'),
('الثاني', 2, 42102, 2, 2009, 14, 'القاهرة', 6, 20, '14.18ث', '', 'عبد الرحمن محمد محمود ثابت'),
('الثالث', 3, 41655, 2, 2009, 3, 'السويس', 6, 20, '14.37ث', '', 'يوسف حسين عيد محمد حسين'),
('الرابع', 4, 40175, 2, 2009, 21, 'القاهرة', 6, 20, '14.43ث', '', 'اسماعيل عمرو فتحى يس'),
('الخامس', 5, 42203, 2, 2010, 21, 'القاهرة', 6, 20, '14.45ث', '', 'حمزه احمد فؤاد عبد المنعم'),
('السادس', 6, 45041, 2, 2009, 47, 'الاسماعيلية', 6, 20, '14.50ث', '', 'عمر محمد مجدى رياض رستم'),
('السابع', 7, 41409, 2, 2009, 3, 'الوادى الجديد', 6, 20, '14.79ث', '', 'عبد الله منصور خلف محمد'),
('0', 0, 46875, 2, 2009, 10, 'الاسكندرية', 1, 15, '24.95ث', '', 'عبد الرحمن اشرف السيد محمود'),
('0', 0, 46916, 2, 2010, 3, 'الشرقية', 1, 15, '25.53ث', '', 'على عبد الله عبد السميع محمد'),
('0', 0, 44212, 2, 2010, 20, 'الجيزة', 1, 15, '25.83ث', '', 'مروان عبد الناصر محمد على'),
('0', 0, 45816, 2, 2009, 12, 'القاهرة', 1, 15, '26.21ث', '', 'محمود طارق كمال عبد القوى'),
('0', 0, 41652, 2, 2009, 3, 'السويس', 1, 15, '27.13ث', '', 'فؤاد محمد فؤاد محمد الطيب'),
('0', 0, 46861, 2, 2009, 19, 'القاهرة', 1, 15, '27.97ث', '', 'بلال حسين مشهور شريف'),
('0', 0, 44489, 2, 2010, 25, 'الاسكندرية', 1, 15, '32.27ث', '', 'سعيد احمد على يوسف'),
('0', 0, 40750, 2, 2009, 42, 'السويس', 4, 15, '25.25ث', '', 'باسل هيثم رضا العنبرى'),
('0', 0, 46241, 2, 2010, 20, 'القاهرة', 4, 15, '25.37ث', '', 'شهاب محمد سعيد محمد'),
('0', 0, 44095, 2, 2009, 43, 'الجيزة', 4, 15, '25.60ث', '', 'معز الدين ايمن سليمان مدين'),
('0', 0, 44228, 2, 2009, 17, 'السويس', 4, 15, '26.25ث', '', 'يوسف غريب عبد السميع سليم'),
('0', 0, 49370, 2, 2009, 12, 'الجيزة', 4, 15, '26.68ث', '', 'يوسف محمود صبرى'),
('0', 0, 46883, 2, 2009, 3, 'الوادى الجديد', 4, 15, '26.79ث', '', 'عمر احمد حمدى عبد العال'),
('0', 0, 41424, 2, 2010, 3, 'الشرقية', 4, 15, '27.18ث', '', 'عبد الهادى باسم الهادى مرسى'),
('الاول', 1, 41696, 2, 2009, 21, 'القاهرة', 6, 15, '23.69ث', '', 'محمد طارق وجدى ابو المعاطى'),
('الثاني', 2, 46917, 2, 2009, 3, 'الشرقية', 6, 15, '23.85ث', '', 'عمرو هانى محمود عبد العزيز'),
('الثالث', 3, 48956, 2, 2009, 14, 'القاهرة', 6, 15, '24.14ث', '', 'يوسف شريف محمد صلاح'),
('الرابع', 4, 42111, 2, 2009, 14, 'القاهرة', 6, 15, '24.18ث', '', 'محمد زكريا صلاح الدين عبد الفتاح'),
('الخامس', 5, 41721, 2, 2009, 15, 'القاهرة', 6, 15, '24.45ث', '', 'على محمد بدر حافظ صديق'),
('السادس', 6, 46875, 2, 2009, 10, 'الاسكندرية', 6, 15, '24.66ث', '', 'عبد الرحمن اشرف السيد محمود'),
('السابع', 7, 48956, 2, 2009, 14, 'القاهرة', 6, 15, '24.67ث', '', 'يوسف شريف محمد صلاح'),
('الثامن', 8, 40750, 2, 2009, 42, 'السويس', 6, 15, '24.83ث', '', 'باسل هيثم رضا العنبرى'),
('الاول', 1, 46235, 2, 2009, 20, 'القاهرة', 6, 16, '56.80م', '', 'يحيى خالد حلمى محمد'),
('الثاني', 2, 44546, 2, 2009, 12, 'الجيزة', 6, 16, '53.57م', '', 'مؤمن محمد احمد عبد اللطيف'),
('الثالث', 3, 45925, 2, 2010, 13, 'الاسكندرية', 6, 16, '51.22م', '', 'يوسف مخلص ابراهيم خليل'),
('الرابع', 4, 44576, 2, 2010, 9, 'بورسعيد', 6, 16, '42.72م', '', 'محمد شريف محمد شلبى'),
('الخامس', 5, 44562, 2, 2009, 10, 'الاسكندرية', 6, 16, '41.93م', '', 'على احمد محمد احمد'),
('السادس', 6, 49045, 2, 2009, 10, 'الاسكندرية', 6, 16, '40.48م', '', 'زياد هانى سيد حمزه عبد المعطى'),
('السابع', 7, 40429, 2, 2009, 8, 'الاسكندرية', 6, 16, '39.01م', '', 'عبد الرحمن عماد عادل محمود'),
('الثامن', 8, 43657, 2, 2011, 1, 'الاسكندرية', 6, 16, '38.41م', '', 'كريم مصطفى احمد رفعت'),
('الاول', 1, 41864, 2, 2009, 4, 'القاهرة', 6, 12, '4267 نقطة', '', 'محمود السيد محمد على'),
('الثاني', 2, 43141, 2, 2009, 14, 'القاهرة', 6, 12, '3752 نقطة', '', 'فارس حمدى سيد اسماعيل'),
('الثالث', 3, 42106, 2, 2010, 14, 'القاهرة', 6, 12, '3743 نقطة', '', 'على عبد الله جلال توفيق'),
('الرابع', 4, 47784, 2, 2009, 4, 'القاهرة', 6, 12, '3632 نقطة', '', 'احمد حماده عبد الغنى عبد الله'),
('الخامس', 5, 41580, 2, 2009, 3, 'الدقهلية', 6, 12, '3474 نقطة', '', 'عبد الله مصطفى رجب حسانين'),
('السادس', 6, 46918, 2, 2010, 3, 'الشرقية', 6, 12, '3286 نقطة', '', 'ادهم هانى سيد احمد'),
('السابع', 7, 41574, 2, 2010, 3, 'الدقهلية', 6, 12, '3160 نقطة', '', 'بلال محمد عبد القادر محمد'),
('الثامن', 8, 47738, 2, 2010, 14, 'القاهرة', 6, 12, '2908 نقطة', '', 'مازن مصطفى مبارك عبد الرازق'),
('التاسع', 9, 45120, 2, 2010, 3, 'بنى سويف', 6, 12, '2823 نقطة', '', 'حازم احمد رمضان عبد الحميد'),
('العاشر', 10, 41577, 2, 2010, 3, 'الدقهلية', 6, 12, '2367 نقطة', '', 'شريف اشرف حسانين الشنهاب'),
('الحادى عشر', 11, 49241, 2, 2010, 3, 'الشرقية', 6, 12, '2365 نقطة', '', 'احمد صفوت فوزى نور الدين'),
('الثاني عشر', 12, 45845, 2, 2010, 39, 'المنيا', 6, 12, '1862 نقطة', '', 'عمرو احمد عطفت امين'),
('الاول', 1, 41549, 2, 2009, 14, 'القاهرة', 6, 13, '4.00م', '', 'مهند محمد عصام على البدرى'),
('الثاني', 2, 40038, 2, 2009, 2, 'القاهرة', 6, 13, '4.00م', '', 'على الدين وائل ماهر زكى'),
('الثالث', 3, 40879, 2, 2010, 14, 'القاهرة', 6, 13, '3.60م', '', 'عبد الرحمن احمد طه رمضان'),
('الرابع', 4, 42256, 2, 2009, 1, 'الاسكندرية', 6, 13, '3.50م', '', 'ياسين ايهاب نبيل محمد'),
('الخامس', 5, 41578, 2, 2009, 3, 'الدقهلية', 6, 13, '3.40م', '', 'محمد سيف النصر علاق محمد'),
('السادس', 6, 49511, 2, 2009, 10, 'الاسكندرية', 6, 13, '2.90م', '', 'كريم هشام رافت الشناوى'),
('السابع', 7, 46034, 2, 2009, 26, 'الجيزة', 6, 13, '0', '', 'سلمان محمد محمد ابراهيم'),
('0', 0, 41854, 2, 2009, 10, 'الاسكندرية', 5, 15, '25.66ث', '', 'مازن محمد حلمى طه'),
('0', 0, 41405, 2, 2009, 3, 'الوادى الجديد', 5, 15, '25.88ث', '', 'مؤمن هاشم راتب محمد'),
('0', 0, 45138, 2, 2009, 43, 'الجيزة', 5, 15, '26.41ث', '', 'محمد موفق محمد عبد الحليم'),
('0', 0, 48948, 2, 2010, 42, 'السويس', 5, 15, '28.00ث', '', 'احمد حسن طنطاوى احمد'),
('0', 0, 42671, 2, 2010, 6, 'الدقهلية', 5, 15, '28.59ث', '', 'احمد محمد احمد مدحت'),
('0', 0, 42575, 2, 2010, 20, 'القاهرة', 5, 15, '30.52ث', '', 'احمد محمد البدرى محمود'),
('0', 0, 42111, 2, 2009, 14, 'القاهرة', 8, 15, '24.55ث', '', 'محمد زكريا صلاح الدين عبد الفتاح'),
('0', 0, 45011, 2, 2009, 47, 'الاسماعيلية', 8, 15, '25.71ث', '', 'احمد تامر السيد عبد الرحيم'),
('0', 0, 48947, 2, 2010, 42, 'السويس', 8, 15, '27.51ث', '', 'سفيان منعم محمد احمد'),
('0', 0, 41680, 2, 2009, 20, 'القاهرة', 8, 15, '28.27ث', '', 'عمر محمد احمد مرزوق'),
('0', 0, 49415, 2, 2010, 24, 'الاسكندرية', 8, 15, '29.35ث', '', 'اسر محمد محمود ابو زيد احمد'),
('0', 0, 46074, 2, 2009, 14, 'القاهرة', 9, 15, '25.24ث', '', 'اسلام محمد محمد اسماعيل'),
('0', 0, 42897, 2, 2010, 41, 'القاهرة', 9, 15, '25.85ث', '', 'عبد الله احمد حامد محمود'),
('0', 0, 43800, 2, 2010, 28, 'القاهرة', 9, 15, '27.20ث', '', 'على محمد ابو الفتوح ابراهيم'),
('0', 0, 47541, 2, 2009, 38, 'الجيزة', 9, 15, '27.52ث', '', 'اياد سمير السيد احمد'),
('0', 0, 47156, 2, 2009, 13, 'الاسكندرية', 9, 15, '28.62ث', '', 'عبد الله احمد حسين امبابى'),
('0', 0, 49413, 2, 2010, 24, 'الاسكندرية', 9, 15, '29.47ث', '', 'هارون محمد فتحى جابر عبد الله'),
('0', 0, 48956, 2, 2009, 14, 'القاهرة', 3, 15, '25.21ث', '', 'يوسف شريف محمد صلاح'),
('0', 0, 49322, 2, 2009, 41, 'القاهرة', 3, 15, '26.18ث', '', 'اسر ياسر سيد احمد محمد'),
('0', 0, 43946, 2, 2010, 8, 'الاسكندرية', 3, 15, '26.92ث', '', 'رايان ياسر رجب عرفه'),
('0', 0, 49417, 2, 2009, 24, 'الاسكندرية', 3, 15, '27.03ث', '', 'على عبد الرحمن على عبد العزيز محمد'),
('0', 0, 49344, 2, 2010, 38, 'الجيزة', 3, 15, '27.76ث', '', 'يوساب صابر مكارى باسيلي جيد'),
('0', 0, 49173, 2, 2009, 13, 'الاسكندرية', 3, 15, '28.09ث', '', 'عبد الله عبد اللطيف محمد'),
('0', 0, 41696, 2, 2009, 21, 'القاهرة', 2, 15, '24.37ث', '', 'محمد طارق وجدى ابو المعاطى'),
('0', 0, 46917, 2, 2009, 3, 'الشرقية', 2, 15, '24.40ث', '', 'عمرو هانى محمود عبد العزيز'),
('0', 0, 41721, 2, 2009, 15, 'القاهرة', 2, 15, '24.90ث', '', 'على محمد بدر حافظ صديق'),
('0', 0, 47097, 2, 2009, 1, 'الاسكندرية', 2, 15, '25.38ث', '', 'سيف الدين عمرو حسين السيد'),
('0', 0, 48198, 2, 2010, 56, 'الفيوم', 2, 15, '26.81ث', '', 'يوسف عماد حمدى احمد'),
('0', 0, 49418, 2, 2009, 24, 'الاسكندرية', 2, 15, '29.37ث', '', 'ادم محمد محمود محمد عبد المولى'),
('الاول', 1, 43826, 2, 2009, 14, 'القاهرة', 6, 14, '2.42.94ق', '', 'حمزه ايمن عبده صادق'),
('الثاني', 2, 47947, 2, 2010, 39, 'المنيا', 6, 14, '2.43.89ق', '', 'محمود محمد جمعه محمود'),
('الثالث', 3, 41858, 2, 2009, 4, 'القاهرة', 6, 14, '2.46.83ق', '', 'محمد محمود فتحى عبد الوهاب'),
('الرابع', 4, 41143, 2, 2009, 3, 'القليوبية', 6, 14, '2.47.88ق', '', 'احمد محمد محمد هندى محمد'),
('الخامس', 5, 46319, 2, 2010, 3, 'القليوبية', 6, 14, '2.50.82ق', '', 'يزيد علاء محمود عبد الجواد'),
('السادس', 6, 44568, 2, 2009, 10, 'الاسكندرية', 6, 14, '2.50.91ق', '', 'معاذ محمد معاذ محمد'),
('السابع', 7, 49416, 2, 2009, 24, 'الاسكندرية', 6, 14, '2.54.92ق', '', 'عبد الله نبيل محمد بيومي بكر'),
('الثامن', 8, 49414, 2, 2010, 24, 'الاسكندرية', 6, 14, '2.55.48ق', '', 'جمال محمد جمال محمد احمد'),
('0', 0, 47214, 2, 2009, 23, 'الاسكندرية', 1, 14, '3.03.67ق', '', 'زياد على عبد العزيز على'),
('0', 0, 41653, 2, 2009, 3, 'السويس', 1, 14, '3.04.00ق', '', 'اسام عبد اللطيف على بخيت'),
('0', 0, 46694, 2, 2009, 52, 'الاقصر', 1, 14, '3.04.11ق', '', 'احمد مروان احمد لبيب'),
('0', 0, 40444, 2, 2009, 23, 'الاسكندرية', 1, 14, '3.04.72ق', '', 'اشرف عبد الناصر عبد الهادى محمود'),
('0', 0, 47024, 2, 2009, 18, 'الاسكندرية', 1, 14, '3.04.78ق', '', 'ادهم ابراهيم محمد ابراهيم'),
('0', 0, 49218, 2, 2013, 33, 'الاسكندرية', 1, 14, '3.05.93ق', '', 'ياسين محمود سيد محمد'),
('0', 0, 49423, 2, 2009, 41, 'القاهرة', 1, 14, '3.07.56ق', '', 'جاسر اشرف عبد العزيز'),
('0', 0, 48985, 2, 2009, 4, 'القاهرة', 1, 14, '3.10.85ق', '', 'ابراهيم احمد ابراهيم عبد الحميد'),
('0', 0, 49050, 2, 2009, 3, 'قنا', 1, 14, '3.13.15ق', '', 'احمد قريشى مبارك احمد'),
('0', 0, 49051, 2, 2010, 3, 'قنا', 1, 14, '3.14.71ق', '', 'زكريا محمود عبد الجليل'),
('0', 0, 47541, 2, 2009, 38, 'الجيزة', 1, 14, '3.17.89ق', '', 'اياد سمير السيد احمد'),
('0', 0, 49210, 2, 2009, 27, 'الدقهلية', 1, 14, '3.19.64ق', '', 'ادم ابراهيم ابراهيم السيد'),
('0', 0, 49176, 2, 2011, 13, 'الاسكندرية', 1, 14, '3.25.05ق', '', 'سيف النصر محمد سيف النصر'),
('0', 0, 47119, 2, 2010, 33, 'الاسكندرية', 1, 14, '3.26.39ق', '', 'حسن محمد نصر سعد الدين'),
('0', 0, 43947, 2, 2010, 8, 'الاسكندرية', 1, 14, '3.26.94ق', '', 'اياد ناصر ابراهيم سالم'),
('0', 0, 46981, 2, 2010, 6, 'الدقهلية', 1, 14, '3.48.06ق', '', 'ابراهيم محمود ابراهيم احمد'),
('0', 0, 47971, 2, 2010, 20, 'القاهرة', 1, 14, '3.49.68ق', '', 'اشرف حسام عبد الفتاح سليم'),
('0', 0, 48138, 2, 2009, 20, 'القاهرة', 4, 14, '3.01.13ق', '', 'محمد رياض كمال الدين رياض'),
('0', 0, 44875, 2, 2009, 14, 'القاهرة', 4, 14, '3.01.97ق', '', 'عبد الرحمن كمال على فهمى'),
('0', 0, 49541, 2, 2009, 35, 'الفيوم', 4, 14, '3.02.18ق', '', 'محمد مصطفى مهدلى محمد'),
('0', 0, 49539, 2, 2009, 35, 'الفيوم', 4, 14, '3.07.12ق', '', 'محمد عبد النبى محمد رمضان'),
('0', 0, 45948, 2, 2009, 40, 'المنوفية', 4, 14, '3.07.76ق', '', 'محمود احمد ابراهيم عوض'),
('0', 0, 41976, 2, 2009, 8, 'الاسكندرية', 4, 14, '3.14.97ق', '', 'محمد محمود نصر الدين رشاد'),
('0', 0, 45667, 2, 2010, 8, 'الاسكندرية', 4, 14, '3.16.18ق', '', 'عبد الله محمد حسن مجاهد'),
('0', 0, 49223, 2, 2011, 3, 'الدقهلية', 4, 14, '3.16.73ق', '', 'محمد مصطفى محمد شرف الدين'),
('0', 0, 42942, 2, 2010, 8, 'الاسكندرية', 4, 14, '3.24.18ق', '', 'محمد أيمن عبد الدايم فتح الله'),
('0', 0, 47969, 2, 2010, 20, 'القاهرة', 4, 14, '3.31.25ق', '', 'محمد شريف محمد محمد'),
('0', 0, 47029, 2, 2009, 18, 'الاسكندرية', 4, 14, '3.33.92ق', '', 'عمر اسامه محمود ابو سيف'),
('0', 0, 45960, 2, 2010, 7, 'القليوبية', 4, 14, '3.41.52ق', '', 'عمر امجد عبد الله احمد'),
('0', 0, 49509, 2, 2009, 4, 'القاهرة', 4, 14, '4.05.04ق', '', 'محمد حسين بدرى عبد الحميد'),
('0', 0, 47638, 2, 2010, 40, 'المنوفية', 5, 14, '3.01.87ق', '', 'يوسف عبد المنعم محمود'),
('0', 0, 41341, 2, 2009, 3, 'القليوبية', 5, 14, '3.03.37ق', '', 'محمود محمد عبد الرؤوف عبد العزيز'),
('0', 0, 43749, 2, 2009, 10, 'الاسكندرية', 5, 14, '3.04.79ق', '', 'ياسين محمد عبده على'),
('0', 0, 47689, 2, 2010, 30, 'الغربية', 5, 14, '3.11.81ق', '', 'يوسف محمد محمد حامد'),
('0', 0, 47019, 2, 2009, 40, 'المنوفية', 5, 14, '3.12.19ق', '', 'ياسين رمضان شعبان المسلمانى'),
('0', 0, 41649, 2, 2009, 3, 'السويس', 5, 14, '3.14.03ق', '', 'معتز بالله محمد محمد شوقى'),
('0', 0, 49495, 2, 2010, 19, 'القاهرة', 5, 14, '3.16.97ق', '', 'يوسف احمد فؤاد محمد'),
('0', 0, 45929, 2, 2009, 13, 'الاسكندرية', 5, 14, '3.17.62ق', '', 'يحيى مصطفى عبده محمد'),
('0', 0, 49413, 2, 2010, 24, 'الاسكندرية', 5, 14, '3.18.90ق', '', 'هارون محمد فتحى جابر عبد الله'),
('0', 0, 49212, 2, 2011, 33, 'الاسكندرية', 5, 14, '3.26.60ق', '', 'ياسين احمد على ابواليزيد'),
('0', 0, 48198, 2, 2010, 56, 'الفيوم', 5, 14, '3.27.82ق', '', 'يوسف عماد حمدى احمد'),
('0', 0, 43897, 2, 2010, 6, 'الدقهلية', 5, 14, '3.38.75ق', '', 'يوسف احمد انيس السيد'),
('0', 0, 47967, 1, 2010, 20, 'القاهرة', 5, 14, '3.40.47ق', '', 'يوسف محمد إبراهيم عبد الحميد'),
('0', 0, 48136, 2, 2010, 13, 'الاسكندرية', 5, 14, '3.43.61ق', '', 'يونس يوسف ابراهيم عباس'),
('0', 0, 49344, 2, 2010, 38, 'الجيزة', 5, 14, '3.56.31ق', '', 'يوساب صابر مكارى باسيلي جيد'),
('0', 0, 41650, 2, 2009, 3, 'السويس', 5, 14, 'DNF', '', 'يوسف محمد بدرى محمود'),
('0', 0, 44569, 2, 2010, 10, 'الاسكندرية', 5, 14, 'DNF', '', 'يوسف مصطفى عبد المنعم محمد'),
('0', 0, 44973, 2, 2009, 39, 'المنيا', 4, 14, 'DNF', '', 'عبد الرحمن محمد خيرى محمد'),
('0', 0, 41630, 2, 2009, 3, 'الاقصر', 4, 14, 'DNF', '', 'محمد ابو الحسن شاذلى عبد المنعم'),
('0', 0, 49211, 2, 2011, 33, 'الاسكندرية', 4, 14, 'DNF', '', 'عمار محمد عبدالحميد زيدان'),
('الاول', 1, 40439, 1, 2009, 8, 'الاسكندرية', 6, 21, '1.45.91ق', '', 'جيداء اسامه مرسى عبد الله'),
('الاول', 1, 40424, 2, 2009, 8, 'الاسكندرية', 6, 21, '1.45.91ق', '', 'معتز ادهم محمد عبد الحفيظ'),
('الاول', 1, 45638, 1, 2009, 8, 'الاسكندرية', 6, 21, '1.45.91ق', '', 'امال عصام صابر سيف النصر'),
('الاول', 1, 44555, 2, 2009, 8, 'الاسكندرية', 6, 21, '1.45.91ق', '', 'كريم احمد ضياء الدين محمد'),
('الثاني', 2, 40269, 1, 2009, 1, 'الاسكندرية', 6, 21, '1.48.24ق', '', 'جودى على عبد النبى على'),
('الثاني', 2, 42258, 2, 2009, 1, 'الاسكندرية', 6, 21, '1.48.24ق', '', 'عبد الله كريم محمد محمود'),
('الثاني', 2, 45290, 1, 2009, 1, 'الاسكندرية', 6, 21, '1.48.24ق', '', 'نوارى طارق مصطفى محمد وهيبه'),
('الثاني', 2, 47097, 2, 2009, 1, 'الاسكندرية', 6, 21, '1.48.24ق', '', 'سيف الدين عمرو حسين السيد'),
('الثالث', 3, 41503, 1, 2010, 14, 'القاهرة', 6, 21, '1.48.61ق', '', 'تمارا ايهاب حسين السيد'),
('الثالث', 3, 46077, 2, 2010, 14, 'القاهرة', 6, 21, '1.48.61ق', '', 'حسن محسن حسن محسن'),
('الثالث', 3, 49084, 1, 2009, 14, 'القاهرة', 6, 21, '1.48.61ق', '', 'ريم وليد عبد السلام مصطفى'),
('الثالث', 3, 42102, 2, 2009, 14, 'القاهرة', 6, 21, '1.48.61ق', '', 'عبد الرحمن محمد محمود ثابت'),
('الرابع', 4, 40133, 1, 2009, 28, 'القاهرة', 6, 21, '1.51.99ق', '', 'فاطمه طارق صديق عبد الله'),
('الرابع', 4, 40123, 2, 2009, 28, 'القاهرة', 6, 21, '1.51.99ق', '', 'ياسين محسن احمد مصطفى'),
('الرابع', 4, 42750, 1, 2010, 28, 'القاهرة', 6, 21, '1.51.99ق', '', 'ملك سامى حسن بخيت'),
('الرابع', 4, 44789, 2, 2010, 28, 'القاهرة', 6, 21, '1.51.99ق', '', 'سيف جمال عبد المنعم عبد الباسط'),
('الخامس', 5, 45517, 1, 2010, 10, 'الاسكندرية', 6, 21, '1.53.25ق', '', 'ملك محمود السيد محمود'),
('الخامس', 5, 49046, 2, 2010, 10, 'الاسكندرية', 6, 21, '1.53.25ق', '', 'عمر اشرف عبد اللطيف'),
('الخامس', 5, 45519, 1, 2009, 10, 'الاسكندرية', 6, 21, '1.53.25ق', '', 'هانا عمرو احمد السيد'),
('الخامس', 5, 42619, 2, 2009, 10, 'الاسكندرية', 6, 21, '1.53.25ق', '', 'نور الدين محمد ابراهيم محمد'),
('السادس', 6, 41449, 1, 2010, 12, 'الجيزة', 6, 21, '1.53.65ق', '', 'ملك احمد جمال الدين'),
('السادس', 6, 45816, 2, 2009, 12, 'القاهرة', 6, 21, '1.53.65ق', '', 'محمود طارق كمال عبد القوى'),
('السادس', 6, 46359, 1, 2011, 12, 'الجيزة', 6, 21, '1.53.65ق', '', 'خديجه محمد عبد الغنى'),
('السادس', 6, 49370, 2, 2009, 12, 'الجيزة', 6, 21, '1.53.65ق', '', 'يوسف محمود صبرى'),
('السابع', 7, 43203, 1, 2010, 23, 'الاسكندرية', 6, 21, '2.01.38ق', '', 'نور عمرو على ابراهيم'),
('السابع', 7, 46322, 2, 2009, 23, 'الاسكندرية', 6, 21, '2.01.38ق', '', 'محمد خالد احمد رفعت'),
('السابع', 7, 43202, 1, 2010, 23, 'الاسكندرية', 6, 21, '2.01.38ق', '', 'جودى وليد محمد ابراهيم'),
('السابع', 7, 46325, 2, 2009, 23, 'الاسكندرية', 6, 21, '2.01.38ق', '', 'سيف تامر السيد ابراهيم'),
('الاول', 1, 44512, 2, 2009, 14, 'القاهرة', 6, 4, '1.95م', '', 'عبد الرحمن محمد عبد الحليم على'),
('الثاني', 2, 46422, 2, 2009, 41, 'القاهرة', 6, 4, '1.89م', '', 'زين رزق عبد ربه رزق'),
('الثالث', 3, 41325, 2, 2009, 28, 'القاهرة', 6, 4, '1.77م', '', 'حسام ياسر سعيد محمد'),
('الرابع', 4, 42290, 2, 2010, 19, 'القاهرة', 6, 4, '1.77م', '', 'هادى محمد عبد الهادى محمد'),
('الخامس', 5, 44511, 2, 2009, 14, 'القاهرة', 6, 4, '1.74م', '', 'احمد محمد ذكى محمد'),
('السادس', 6, 43090, 2, 2009, 55, 'الجيزة', 6, 4, '1.74م', '', 'عمر محمد احمد محمد مصطفى'),
('السابع', 7, 42106, 2, 2010, 14, 'القاهرة', 6, 4, '1.71م', '', 'على عبد الله جلال توفيق'),
('الثامن', 8, 40123, 2, 2009, 28, 'القاهرة', 6, 4, '1.68م', '', 'ياسين محسن احمد مصطفى'),
('الاول', 1, 48956, 2, 2009, 14, 'القاهرة', 6, 17, '1.38.02ق', '', 'يوسف شريف محمد صلاح'),
('الاول', 1, 42111, 2, 2009, 14, 'القاهرة', 6, 17, '1.38.02ق', '', 'محمد زكريا صلاح الدين عبد الفتاح'),
('الاول', 1, 40876, 2, 2009, 14, 'القاهرة', 6, 17, '1.38.02ق', '', 'ادهم شريف عمر ريان'),
('الاول', 1, 46074, 2, 2009, 14, 'القاهرة', 6, 17, '1.38.02ق', '', 'اسلام محمد محمد اسماعيل'),
('الثاني', 2, 41854, 2, 2009, 10, 'الاسكندرية', 6, 17, '1.40.94ق', '', 'مازن محمد حلمى طه'),
('الثاني', 2, 42657, 2, 2009, 10, 'الاسكندرية', 6, 17, '1.40.94ق', '', 'عمر اسلام فتحى عبد الحميد'),
('الثاني', 2, 44568, 2, 2009, 10, 'الاسكندرية', 6, 17, '1.40.94ق', '', 'معاذ محمد معاذ محمد'),
('الثاني', 2, 46875, 2, 2009, 10, 'الاسكندرية', 6, 17, '1.40.94ق', '', 'عبد الرحمن اشرف السيد محمود'),
('الثالث', 3, 46916, 2, 2010, 3, 'الشرقية', 6, 17, '1.41.05ق', '', 'على عبد الله عبد السميع محمد'),
('الثالث', 3, 49242, 2, 2010, 3, 'الشرقية', 6, 17, '1.41.05ق', '', 'محمد احمد عاطف عبد النبى'),
('الثالث', 3, 41428, 2, 2011, 3, 'الشرقية', 6, 17, '1.41.05ق', '', 'عمر محمود عبد العظيم عبد الرؤف'),
('الثالث', 3, 46917, 2, 2009, 3, 'الشرقية', 6, 17, '1.41.05ق', '', 'عمرو هانى محمود عبد العزيز'),
('الرابع', 4, 41325, 2, 2009, 28, 'القاهرة', 6, 17, '1.43.91ق', '', 'حسام ياسر سعيد محمد'),
('الرابع', 4, 48793, 2, 2009, 28, 'القاهرة', 6, 17, '1.43.91ق', '', 'مؤمن هانى محمد الحفنى'),
('الرابع', 4, 43800, 2, 2010, 28, 'القاهرة', 6, 17, '1.43.91ق', '', 'على محمد ابو الفتوح ابراهيم'),
('الرابع', 4, 40131, 2, 2009, 28, 'القاهرة', 6, 17, '1.43.91ق', '', 'مروان احمد محمود عباس'),
('الخامس', 5, 43946, 2, 2010, 8, 'الاسكندرية', 6, 17, '1.44.15ق', '', 'رايان ياسر رجب عرفه'),
('الخامس', 5, 43086, 2, 2009, 8, 'الاسكندرية', 6, 17, '1.44.15ق', '', 'محمد السعيد محمد محمد'),
('الخامس', 5, 43951, 2, 2010, 8, 'الاسكندرية', 6, 17, '1.44.15ق', '', 'على عبد السلام على عبد السلام'),
('الخامس', 5, 43950, 2, 2009, 8, 'الاسكندرية', 6, 17, '1.44.15ق', '', 'تيم الله احمد محمد عبد الجواد'),
('السادس', 6, 44212, 2, 2010, 20, 'الجيزة', 6, 17, '1.45.72ق', '', 'مروان عبد الناصر محمد على'),
('السادس', 6, 41680, 2, 2009, 20, 'القاهرة', 6, 17, '1.45.72ق', '', 'عمر محمد احمد مرزوق'),
('السادس', 6, 46249, 2, 2009, 20, 'القاهرة', 6, 17, '1.45.72ق', '', 'محمد احمد محمد محمد'),
('السادس', 6, 46241, 2, 2010, 20, 'القاهرة', 6, 17, '1.45.72ق', '', 'شهاب محمد سعيد محمد'),
('السابع', 7, 49056, 2, 2009, 3, 'قنا', 6, 17, '1.51.35ق', '', 'انس ممدوح محمد امبابى'),
('السابع', 7, 48991, 2, 2009, 3, 'قنا', 6, 17, '1.51.35ق', '', 'على كرم احمد ابراهيم'),
('السابع', 7, 48994, 2, 2009, 3, 'قنا', 6, 17, '1.51.35ق', '', 'يوسف وحيد احمد وزيرى'),
('السابع', 7, 49052, 2, 2009, 3, 'قنا', 6, 17, '1.51.35ق', '', 'هشام قناوى همام فهيم'),
('0', 0, 45412, 2, 2009, 18, 'الاسكندرية', 1, 4, '1.60م', '', 'محمد رضا عوض زاهر'),
('0', 0, 47093, 2, 2009, 1, 'الاسكندرية', 1, 4, '1.68م', '', 'عمر كريم سمير عبد الحميد'),
('0', 0, 43175, 2, 2010, 10, 'الاسكندرية', 1, 4, '0', '', 'احمد عبد العزيز ابراهيم محمد'),
('0', 0, 42207, 2, 2010, 21, 'القاهرة', 1, 4, '1.65م', '', 'اسر امير ممدوح عبد الحميد'),
('0', 0, 41586, 2, 2009, 20, 'القاهرة', 1, 4, 'انحساب اصابة', '', 'احمد ربيع سالم حسين'),
('0', 0, 45282, 2, 2009, 1, 'الاسكندرية', 1, 4, '1.50م', '', 'عمر شريف فتحى رمضان مرسى'),
('0', 0, 48899, 2, 2010, 14, 'القاهرة', 1, 4, '1.65م', '', 'مازن سعيد حسن شبانه'),
('0', 0, 43619, 2, 2009, 28, 'القاهرة', 1, 4, '1.55م', '', 'عمر ابراهيم عبد النبى عبد السميع'),
('0', 0, 43090, 2, 2009, 55, 'الجيزة', 1, 4, '0', '', 'عمر محمد احمد محمد مصطفى'),
('0', 0, 44511, 2, 2009, 14, 'القاهرة', 1, 4, '0', '', 'احمد محمد ذكى محمد'),
('الاول', 1, 42878, 2, 2010, 14, 'القاهرة', 6, 18, '62.31م', '', 'محمد سمير اسماعيل عبد الغنى'),
('الثاني', 2, 49492, 2, 2010, 19, 'القاهرة', 6, 18, '58.87م', '', 'محمد رمضان عبد السلام خميس'),
('الثالث', 3, 44976, 2, 2010, 14, 'القاهرة', 6, 18, '53.36م', '', 'يوسف سيد شحات سيد صالح');

-- --------------------------------------------------------

--
-- بنية الجدول `sex`
--

CREATE TABLE `sex` (
  `sex_id` int(11) NOT NULL,
  `sex_name` text NOT NULL
) ENGINE=InnoDB DEFAULT CHARSET=utf8mb4 COLLATE=utf8mb4_general_ci;

--
-- إرجاع أو استيراد بيانات الجدول `sex`
--

INSERT INTO `sex` (`sex_id`, `sex_name`) VALUES
(1, 'اناث'),
(2, 'ذكور');

--
-- Indexes for dumped tables
--

--
-- Indexes for table `sex`
--
ALTER TABLE `sex` ADD FULLTEXT KEY `sex` (`sex_name`);
COMMIT;

/*!40101 SET CHARACTER_SET_CLIENT=@OLD_CHARACTER_SET_CLIENT */;
/*!40101 SET CHARACTER_SET_RESULTS=@OLD_CHARACTER_SET_RESULTS */;
/*!40101 SET COLLATION_CONNECTION=@OLD_COLLATION_CONNECTION */;
